#pragma once
#include <Arduino.h>

// OTA-screen background: Bilibin "Red Rider" (public domain) + project Wi-Fi, RGB565.
static const int IMG_RIDER_W = 240;
static const int IMG_RIDER_H = 320;
static const uint16_t img_rider[] = {
  0x6AC9,0x6AC9,0x6AE9,0x6AE9,0x6AE9,0x7309,0x6AE9,0x7309,0x6AC8,0x6AE8,0x6AC8,0x730A,
  0x41C5,0x20A0,0x3163,0x39A4,0x39A3,0x39A3,0x39A3,0x39A3,0x39A3,0x39A3,0x39A3,0x39C4,
  0x41C4,0x3162,0x2942,0x5AA8,0x5A88,0x3163,0x3142,0x41C5,0x3183,0x39A3,0x39C3,0x3183,
  0x18C0,0x2102,0x2943,0x2923,0x2903,0x2923,0x2923,0x2923,0x2923,0x2923,0x2103,0x2903,
  0x2903,0x2923,0xFE67,0xFE67,0xFE67,0xFE67,0xFE67,0xFE67,0xFE67,0x39C4,0x41E4,0x4205,
  0x2100,0x3983,0x5268,0x5228,0x5A8A,0x5248,0x2922,0x3181,0x4A45,0x5245,0x6B09,0x5246,
  0x2921,0x5246,0xFE67,0xFE67,0xFE67,0xFE67,0xFE67,0xFE67,0xFE67,0x41C4,0x3142,0x3122,
  0x3122,0x2922,0x3964,0x4A47,0x5268,0x5AA9,0x5268,0x39C6,0x3184,0x3164,0x3164,0x3163,
  0x2901,0x41C4,0x5267,0x41C5,0x2923,0x3143,0x2922,0x2901,0x3162,0x3121,0x5A86,0x5AA6,
  0x5244,0x5A86,0x5A86,0x2901,0x2102,0x2102,0x2922,0x3163,0x2901,0x39A4,0x5245,0x5265,
  0x4A25,0x3141,0x41C4,0x4A26,0x39A4,0x39A4,0x41E5,0x4A05,0x5A87,0x5A87,0x6309,0x3983,
  0x3183,0x5A87,0x41C4,0x3162,0x41C4,0x41C4,0x5246,0x5246,0x4A05,0x41E3,0x4A04,0x4A04,
  0x5245,0x5245,0x49E5,0x41C4,0x41E5,0x4A05,0x39A3,0x3141,0x2900,0x5A84,0x7344,0x62C1,
  0x62C1,0x62E1,0x6302,0x6B23,0x6304,0x5AA4,0x5243,0x4A23,0x4203,0x5263,0x5AA4,0x6305,
  0x6B25,0x6B24,0x6322,0x7362,0x7363,0x6B24,0x5A84,0x5A86,0x49E5,0x3163,0x3162,0x2941,
  0x2961,0x3181,0x4A43,0x6B26,0x6B25,0x6303,0x5AC2,0x6B65,0x4A42,0x18A0,0x2900,0x41E4,
  0x41E4,0x28E1,0x20C0,0x62C6,0x6B27,0x2900,0x20C0,0x39A3,0x41C4,0x5245,0x39C3,0x20E0,
  0x5AA4,0x7BA7,0x6B26,0x62E6,0x4A44,0x3182,0x20E0,0x2901,0x4A05,0x39A3,0x39C4,0x3983,
  0x41C5,0x7B8C,0x736B,0x7BAC,0x83CD,0x83CD,0x7BAC,0x83ED,0x5247,0x1880,0x4A05,0x41C4,
  0x41E5,0x2922,0x3142,0x20E0,0x3183,0x4A45,0x41E4,0x39A3,0x4A04,0x4A25,0x41E4,0x3983,
  0x72E9,0x72E9,0x7309,0x730A,0x6AE9,0x7309,0x7309,0x6AE9,0x6AC8,0x7309,0x6AE9,0x7B4B,
  0x5A68,0x20A1,0x2922,0x3983,0x39C4,0x39A3,0x3182,0x31A2,0x39A2,0x39A3,0x39C3,0x41E3,
  0x41C3,0x3142,0x3142,0x62E9,0x62C9,0x39A4,0x3142,0x4205,0x3183,0x39C4,0x41E4,0x39A3,
  0x18C0,0x2102,0x2923,0x20E2,0x2923,0x2923,0x2923,0x2923,0x2903,0x2903,0x2923,0x2903,
  0x2903,0xFE67,0xFE67,0xFE67,0xFE67,0xFE67,0x2922,0x20E1,0x3163,0x41C4,0x4205,0x4A04,
  0x2900,0x3983,0x5268,0x5249,0x3986,0x3144,0x5A87,0x7BCB,0x7BCB,0x7BAA,0x5AA6,0x3182,
  0x5286,0x5A86,0x2941,0x3162,0x4A25,0xFE67,0xFE67,0xFE67,0xFE67,0xFE67,0x3943,0x3122,
  0x3963,0x3983,0x2902,0x2102,0x2943,0x39A5,0x3185,0x41E6,0x5A89,0x5A88,0x5267,0x5267,
  0x4A26,0x5A87,0x5A88,0x5AA8,0x5A68,0x5268,0x5247,0x41C5,0x3142,0x3162,0x39A3,0x3161,
  0x3141,0x3982,0x3983,0x20E1,0x20E1,0x18A0,0x18A1,0x20E1,0x1880,0x3163,0x3142,0x39A3,
  0x3983,0x3142,0x3963,0x41C4,0x4A26,0x5AA8,0x62E8,0x6B29,0x5AC8,0x5246,0x62C8,0x41E4,
  0x4A05,0x4A25,0x4A05,0x3142,0x20A0,0x2901,0x41E4,0x5246,0x49E5,0x49E4,0x4A25,0x4A24,
  0x5245,0x4A04,0x41E4,0x4A26,0x41C5,0x4A26,0x4A05,0x2922,0x18A0,0x39A1,0x6B24,0x62E2,
  0x6B22,0x6B22,0x6B22,0x6302,0x62E2,0x6B04,0x6B05,0x6B05,0x6B05,0x7366,0x6B45,0x6303,
  0x7365,0x7344,0x7363,0x6301,0x6B22,0x6B04,0x6B26,0x62E7,0x6B09,0x5266,0x3182,0x41E3,
  0x5AC6,0x6B47,0x6B45,0x7344,0x6B23,0x6B23,0x62E3,0x6B24,0x5AC4,0x39A1,0x20E0,0x20E0,
  0x5245,0x5266,0x28E1,0x20C0,0x5265,0x6B08,0x41E4,0x2901,0x20C0,0x3983,0x5266,0x3182,
  0x20E0,0x4A43,0x6306,0x5AC6,0x62C7,0x6B29,0x41C4,0x2921,0x2921,0x39A3,0x4A26,0x2922,
  0x41E5,0x7BAC,0x734B,0x7BAC,0x83CD,0x7BAC,0x7B8C,0x83ED,0x5247,0x20C1,0x4A26,0x39A4,
  0x3162,0x2921,0x2921,0x3983,0x4A25,0x4A04,0x41C3,0x39C3,0x39C3,0x3983,0x41E4,0x41C4,
  0x6AE9,0x730A,0x730A,0x732A,0x730A,0x7309,0x6AE9,0x7309,0x732A,0x7309,0x5205,0x41C5,
  0x3984,0x20A1,0x2902,0x3163,0x39C4,0x39C3,0x39C3,0x39C3,0x39A3,0x39C3,0x39C3,0x39C3,
  0x41C3,0x3162,0x2922,0x62C8,0x6B2A,0x4A06,0x2922,0x39C4,0x39A3,0x39A3,0x39C3,0x3183,
  0x20E1,0x2902,0x2923,0x2903,0x2923,0x2923,0x2923,0x2903,0x2103,0x2903,0x2923,0x2923,
  0xFE67,0xFE67,0xFE67,0xFE67,0x2923,0x2923,0x2943,0x20E1,0x3142,0x41C4,0x41C4,0x4205,
  0x2921,0x39A4,0x5247,0x3164,0x20E2,0x39A5,0x4206,0x3182,0x2941,0x41E3,0x4A24,0x5266,
  0x5267,0x5247,0x39A4,0x3163,0x41C4,0x2920,0x3981,0xFE67,0xFE67,0xFE67,0xFE67,0x5245,
  0x4A25,0x49E4,0x3163,0x20C1,0x18A0,0x2103,0x20E2,0x20E2,0x2102,0x20E1,0x2901,0x2922,
  0x20E0,0x3163,0x5246,0x4A26,0x5268,0x5AA9,0x5268,0x62A9,0x5246,0x62C8,0x5AA7,0x41C4,
  0x4205,0x4A46,0x4A05,0x41E5,0x4205,0x41E5,0x41C5,0x41C5,0x41C5,0x5247,0x62C9,0x6B09,
  0x62A8,0x6AE9,0x5A87,0x4A05,0x5247,0x4A05,0x4205,0x39C3,0x3983,0x4A26,0x41E4,0x39C4,
  0x49E5,0x41E5,0x41E5,0x20C0,0x2921,0x41C4,0x28E1,0x5226,0x5226,0x4A05,0x5225,0x4A25,
  0x4A25,0x5A66,0x5246,0x5266,0x5246,0x4A05,0x3142,0x3142,0x41E4,0x5A65,0x62C3,0x6B03,
  0x6B22,0x6301,0x6B22,0x6B42,0x6301,0x6B23,0x62E3,0x62E3,0x6303,0x6B23,0x62E2,0x62C1,
  0x62C2,0x6AE2,0x7342,0x6301,0x6B22,0x6B24,0x6B26,0x6B07,0x5A86,0x41C4,0x3982,0x39C2,
  0x31A2,0x4A43,0x6B24,0x6B22,0x7384,0x7344,0x6B25,0x7346,0x7367,0x6B47,0x5285,0x2920,
  0x20E0,0x4204,0x4A04,0x3141,0x20E0,0x5AA7,0x7BAB,0x6B29,0x5246,0x20C1,0x3142,0x5245,
  0x3162,0x20E0,0x3161,0x3141,0x3162,0x3143,0x3163,0x18C0,0x20C0,0x4A05,0x41E5,0x20E1,
  0x5AA8,0x736B,0x734B,0x7BAC,0x83CD,0x83AC,0x7B8C,0x83ED,0x5246,0x2902,0x4A06,0x3163,
  0x2901,0x3142,0x39A3,0x4A25,0x41E4,0x39A3,0x41E4,0x41E4,0x3142,0x20C0,0x2922,0x41E4,
  0x6AE9,0x730A,0x730A,0x6AE9,0x730A,0x6AE9,0x6AE9,0x732A,0x7309,0x49E5,0x3963,0x3122,
  0x3123,0x20E1,0x20C0,0x2922,0x39A4,0x41C4,0x4205,0x39C3,0x39A3,0x39C3,0x39C3,0x39C3,
  0x41C3,0x41E4,0x2921,0x5267,0x6B2A,0x5247,0x3143,0x3163,0x39C4,0x39A3,0x3183,0x3183,
  0x2101,0x2922,0x2923,0x2923,0x2943,0x2923,0x2903,0x2923,0x2923,0x2923,0xFE67,0xFE67,
  0xFE67,0xFE67,0xFE67,0x2923,0x2923,0x2923,0x2923,0x18C1,0x2942,0x41E4,0x41C4,0x4A06,
  0x2903,0x4A07,0x5268,0x5247,0x5A87,0x5267,0x5246,0x5288,0x5AA7,0x5266,0x5AA8,0x5A88,
  0x5228,0x5A69,0x3986,0x2923,0x41A4,0x5A65,0x83E8,0x8C68,0xFE67,0xFE67,0xFE67,0xFE67,
  0xFE67,0x5AA7,0x39C4,0x2922,0x20E1,0x3164,0x2944,0x2943,0x2923,0x3163,0x41E5,0x4A05,
  0x3983,0x3122,0x3142,0x3142,0x3143,0x3143,0x3143,0x20E1,0x20E1,0x3163,0x5266,0x5AA7,
  0x62E8,0x62E9,0x5AC8,0x5AC8,0x62E9,0x5288,0x5A88,0x62C9,0x5A89,0x4A06,0x3122,0x2922,
  0x2902,0x20C1,0x28E1,0x3984,0x41E5,0x41E5,0x4A05,0x41E4,0x4A05,0x4A26,0x3983,0x41C4,
  0x4A05,0x4A26,0x41E5,0x3983,0x2901,0x41C4,0x2901,0x3963,0x5A68,0x41A4,0x49C5,0x5A66,
  0x5225,0x5225,0x39A2,0x39A3,0x5266,0x5266,0x2100,0x41E4,0x5AC7,0x7347,0x6B25,0x6B03,
  0x6B23,0x6B22,0x6B22,0x6B42,0x6B22,0x6B22,0x6B02,0x6B23,0x6B22,0x6B22,0x62C1,0x5AA0,
  0x62E2,0x6B02,0x62E1,0x6B02,0x6B23,0x6304,0x5AA4,0x3141,0x2901,0x20E0,0x2900,0x2920,
  0x0840,0x39C1,0x6B23,0x7344,0x6B24,0x7366,0x6B06,0x5AC5,0x62C6,0x62E7,0x7BA9,0x5AA5,
  0x20E0,0x3181,0x5265,0x4203,0x3162,0x2901,0x2921,0x4A05,0x5A87,0x3163,0x20E0,0x41E4,
  0x4A45,0x3141,0x4204,0x2921,0x20C0,0x20E1,0x3163,0x2921,0x3162,0x41E4,0x39A4,0x20E1,
  0x62E9,0x734B,0x7B8C,0x7B8C,0x7BAC,0x7BAC,0x7B8C,0x8C0E,0x4A26,0x20E1,0x3964,0x2922,
  0x20E0,0x3162,0x5266,0x41E4,0x41E3,0x4204,0x41E4,0x39A3,0x4A05,0x41E5,0x20C0,0x41C4,
  0x72EA,0x732A,0x6AE9,0x6AE9,0x730A,0x6AE9,0x732A,0x49C5,0x3102,0x3942,0x49C4,0x49E5,
  0x41C5,0x2902,0x20E1,0x2901,0x2942,0x39C4,0x39C4,0x41E4,0x3182,0x39A2,0x39E3,0x39A2,
  0x39C3,0x4A04,0x3162,0x3183,0x5AA8,0x62C9,0x39A4,0x20E1,0x41E5,0x39C4,0x39C3,0x39A4,
  0x2901,0x2922,0x2943,0x2923,0x2923,0x2923,0x2903,0x2903,0x2923,0xFE67,0xFE67,0xFE67,
  0xFE67,0xFE67,0x2923,0x2903,0x2102,0x20E2,0x2923,0x18C1,0x2942,0x4A26,0x39A5,0x41C6,
  0x3124,0xFE67,0xFE67,0xFE67,0xFE67,0xFE67,0xFE67,0xFE67,0xFE67,0xFE67,0x5AA9,0x5A89,
  0x62AA,0x5A69,0x3965,0x28C2,0x41A4,0x5A86,0x62C6,0x7326,0x7B87,0xFE67,0xFE67,0xFE67,
  0xFE67,0xFE67,0x4A25,0x39A4,0x20E1,0x2923,0x2923,0x2943,0x2922,0x3143,0x4A25,0x5246,
  0x49E4,0x5245,0x4A25,0x41C4,0x41C4,0x3163,0x2901,0x3163,0x39A3,0x2101,0x2921,0x3162,
  0x3183,0x41E5,0x4A46,0x39C4,0x4A05,0x4A47,0x5247,0x5268,0x5248,0x41A5,0x3143,0x3984,
  0x3983,0x3963,0x3163,0x5227,0x5AA8,0x62C9,0x62C8,0x62E9,0x6B09,0x4A26,0x3122,0x5246,
  0x5247,0x4A26,0x4A05,0x4A26,0x3162,0x2901,0x41A4,0x3963,0x3963,0x2901,0x2900,0x2901,
  0x3161,0x3981,0x3140,0x2920,0x2920,0x41E3,0x2920,0x2940,0x3982,0x41C3,0x6B25,0x6B04,
  0x6B23,0x7343,0x6B22,0x6B22,0x6B42,0x6B41,0x6B22,0x6B22,0x6B02,0x7322,0x6B22,0x6B02,
  0x6B02,0x7323,0x6B23,0x6B24,0x6B24,0x62E5,0x39A1,0x18A0,0x2942,0x39A3,0x3162,0x20C0,
  0x3181,0x5AC4,0x6B25,0x6B24,0x62C4,0x41E2,0x3961,0x2901,0x4A25,0x4A25,0x41E4,0x3161,
  0x20E0,0x3182,0x4A24,0x4A25,0x5245,0x3162,0x3162,0x3162,0x2921,0x3163,0x2921,0x41C3,
  0x4A04,0x2921,0x5A86,0x39A3,0x2942,0x41C5,0x39A4,0x41C4,0x39A3,0x39C4,0x41C4,0x2901,
  0x62E9,0x7B8C,0x7B8C,0x7B8C,0x7BAC,0x7BAC,0x7BAC,0x83ED,0x4A06,0x1880,0x2922,0x3143,
  0x3142,0x4A25,0x4A04,0x41E3,0x4204,0x4A45,0x41E4,0x2941,0x4A46,0x62E9,0x2922,0x4A05,
  0x732A,0x6AE9,0x6AE9,0x732A,0x7309,0x732A,0x3963,0x3963,0x41A4,0x49C4,0x49C4,0x3943,
  0x41A4,0x2922,0x20C1,0x20E1,0x2101,0x39A3,0x41E4,0x41E4,0x39C4,0x31A2,0x3182,0x39C3,
  0x41E3,0x41C3,0x41C4,0x20E1,0x3983,0x6309,0x5A88,0x2922,0x39C4,0x41E4,0x39C4,0x39C4,
  0x2101,0x2902,0x2944,0x2923,0x2923,0x2923,0x2923,0x2903,0xFE67,0xFE67,0xFE67,0xFE67,
  0x2103,0x2923,0x2923,0x20E2,0x2903,0x2923,0x2102,0x2902,0x2902,0x41C5,0xFE67,0xFE67,
  0xFE67,0xFE67,0xFE67,0xFE67,0xFE67,0xFE67,0xFE67,0xFE67,0xFE67,0xFE67,0xFE67,0xFE67,
  0xFE67,0x5A89,0x3143,0x2902,0x41C4,0x3962,0x3962,0x3962,0x3963,0x3963,0x4183,0xFE67,
  0xFE67,0xFE67,0xFE67,0x39A4,0x20E1,0x3164,0x3184,0x2923,0x2922,0x3163,0x39A3,0x41C4,
  0x4A04,0x5224,0x5A65,0x62C7,0x5245,0x5A66,0x5A87,0x5266,0x4A45,0x41E4,0x41E3,0x39A3,
  0x2101,0x2921,0x2101,0x1080,0x18C0,0x2922,0x3163,0x41C6,0x5268,0x5A89,0x5A88,0x5A67,
  0x5226,0x62C8,0x5A88,0x5A88,0x5A68,0x5AA8,0x5A88,0x5A88,0x62C9,0x5A67,0x2902,0x28E2,
  0x3963,0x5226,0x4A26,0x49E4,0x5225,0x2901,0x41C3,0x41C3,0x20C0,0x5A65,0x4A03,0x3161,
  0x4A03,0x5AA5,0x62E6,0x5AA6,0x3141,0x2921,0x4A45,0x4A04,0x41C3,0x20C0,0x4A02,0x7345,
  0x6B03,0x7343,0x7363,0x6B22,0x6B41,0x7342,0x7342,0x6B21,0x6B22,0x6B22,0x6B02,0x7322,
  0x7363,0x7324,0x6AE3,0x62C4,0x62C5,0x62E6,0x4A04,0x3141,0x20E1,0x3142,0x20C0,0x3182,
  0x5AE5,0x6305,0x6304,0x7346,0x41C2,0x1860,0x3983,0x3143,0x41C5,0x4A46,0x5267,0x4A05,
  0x3142,0x3162,0x2922,0x3142,0x4A25,0x41E4,0x3162,0x5246,0x2901,0x4A05,0x4A05,0x41C4,
  0x41C4,0x2100,0x5266,0x41E4,0x2901,0x41C4,0x39A4,0x39C3,0x39A3,0x39A3,0x41C4,0x2942,
  0x6B09,0x7B8C,0x83CD,0x83ED,0x7BAC,0x7B8C,0x83CD,0x83CD,0x41C5,0x18A1,0x3163,0x41C4,
  0x4A05,0x4A25,0x4A04,0x41E3,0x4A04,0x41E3,0x4A04,0x39C3,0x3983,0x3983,0x3143,0x5246,
  0x732A,0x730A,0x7B4B,0x732A,0x6AE9,0x7B4B,0x3122,0x3963,0x49C4,0x41A4,0x41A4,0x49E5,
  0x41C4,0x41A4,0x20C0,0x20C1,0x3143,0x20E1,0x39A4,0x4A25,0x39C3,0x39C3,0x41E3,0x39C3,
  0x39C3,0x41E4,0x41E5,0x3142,0x20E1,0x5267,0x6B2A,0x39C4,0x3162,0x4205,0x39C4,0x39C4,
  0x2922,0x2902,0x2943,0x2944,0x2923,0x2923,0x2923,0x2923,0xFE67,0xFE67,0xFE67,0x2923,
  0x2923,0x2923,0x2903,0x2102,0x2923,0x2102,0x2902,0x2903,0xFE67,0xFE67,0xFE67,0xFE67,
  0xFE67,0xFE67,0xFE67,0xFE67,0xFE67,0xFE67,0xFE67,0xFE67,0xFE67,0xFE67,0xFE67,0xFE67,
  0xFE67,0xFE67,0xFE67,0x3962,0x5A85,0x5265,0x5224,0x49E3,0x49C3,0x4A04,0x49E3,0x4A03,
  0xFE67,0xFE67,0xFE67,0x41E5,0x20E1,0x3143,0x2923,0x20E2,0x20C1,0x2901,0x3982,0x3982,
  0x3961,0x3160,0x3120,0x3982,0x5245,0x4A04,0x39A2,0x3141,0x4A24,0x41E3,0x4A03,0x5245,
  0x4A25,0x4205,0x2922,0x2902,0x2922,0x20E1,0x18A1,0x20C1,0x2923,0x2902,0x3143,0x2922,
  0x3122,0x39A4,0x5246,0x62C9,0x62C9,0x5A88,0x5AA8,0x62E9,0x5AA9,0x5A68,0x39A4,0x41C5,
  0x41C5,0x3142,0x3142,0x2921,0x2900,0x2921,0x3121,0x5264,0x5A84,0x6305,0x5AC4,0x6B25,
  0x6B26,0x6305,0x6306,0x6B28,0x39A3,0x2901,0x4A25,0x5246,0x41E4,0x20C0,0x41E1,0x7B86,
  0x62E3,0x6B23,0x7364,0x6B22,0x6B21,0x7342,0x7362,0x7342,0x6B22,0x6B22,0x6B22,0x7363,
  0x7344,0x6B24,0x7325,0x7B88,0x6B07,0x5265,0x4204,0x2101,0x1880,0x2922,0x2901,0x6B28,
  0x7367,0x62E4,0x7365,0x7345,0x5A84,0x5224,0x3961,0x2901,0x3983,0x3983,0x41C5,0x5AA8,
  0x6309,0x5AA8,0x4A05,0x2902,0x20C0,0x5246,0x3142,0x41E4,0x3142,0x3162,0x4A05,0x39A3,
  0x4A05,0x3142,0x5A87,0x5267,0x2942,0x41E5,0x41C4,0x39A3,0x41C4,0x39A4,0x39A4,0x3142,
  0x6B2A,0x7B8C,0x7BAC,0x7B8C,0x7B8C,0x7BAC,0x7BAC,0x7BAC,0x41E5,0x2902,0x4A05,0x4A05,
  0x4A25,0x41E4,0x41E3,0x4A04,0x41C3,0x39C3,0x41E3,0x4A04,0x3162,0x1880,0x3142,0x4A25,
  0x7B6B,0x732A,0x732A,0x6B09,0x6AE9,0x7B6B,0x49E5,0x3963,0x41A4,0x41A4,0x4183,0x41A4,
  0x3143,0x41A4,0x3142,0x18A0,0x3163,0x20E1,0x18C1,0x3983,0x4205,0x4205,0x39C3,0x41E3,
  0x4204,0x41E4,0x41C4,0x41E5,0x20E1,0x4A06,0x6B0A,0x41C4,0x2942,0x4A45,0x41E4,0x39C4,
  0x2922,0x2102,0x2943,0x3144,0x2923,0x2943,0x2923,0xFE67,0xFE67,0xFE67,0x2103,0x2944,
  0x20E2,0x2923,0x2943,0x20E2,0x2102,0x20E2,0xFE67,0xFE67,0xFE67,0xFE67,0xFE67,0xFE67,
  0xFE67,0x8C07,0x83C7,0x7367,0x3141,0x3142,0x5227,0x5A88,0x5AA8,0x5247,0xFE67,0xFE67,
  0xFE67,0xFE67,0xFE67,0xFE67,0xFE67,0x39A1,0x41C1,0x5264,0x5A85,0x41C2,0x3960,0x4A02,
  0x4A03,0xFE67,0xFE67,0xFE67,0x18C1,0x3184,0x3144,0x3163,0x5267,0x7B8B,0x83EC,0x83CB,
  0x83CA,0x7BA9,0x62E6,0x41C2,0x3120,0x3141,0x28E0,0x3981,0x5244,0x4A23,0x4A03,0x4A24,
  0x4A24,0x4A05,0x2921,0x2902,0x3163,0x3184,0x3143,0x28E2,0x3963,0x3984,0x3983,0x3162,
  0x3983,0x2901,0x41C4,0x62C9,0x62EA,0x62E9,0x62C9,0x62C9,0x5AA9,0x62A9,0x5A88,0x732A,
  0x5AA8,0x28E1,0x20E0,0x4A04,0x41C2,0x3981,0x20E0,0x5AC4,0x7345,0x6303,0x6B45,0x6304,
  0x6304,0x6B46,0x6306,0x62C6,0x3162,0x18A0,0x4A05,0x49E5,0x18A0,0x39A2,0x7325,0x6B24,
  0x6B03,0x6AE2,0x6B22,0x7363,0x6B42,0x7322,0x7362,0x7342,0x7343,0x7343,0x7343,0x7364,
  0x62E3,0x6B25,0x62C5,0x4A24,0x2901,0x18A0,0x20E1,0x3163,0x3163,0x2902,0x20E1,0x3161,
  0x4A22,0x7365,0x7BA6,0x6B24,0x7366,0x7346,0x5264,0x2920,0x20E0,0x4A25,0x3162,0x20E1,
  0x3983,0x41E5,0x5A87,0x5AA8,0x41C4,0x2101,0x2101,0x41C4,0x4A05,0x20E0,0x4205,0x39A3,
  0x41C4,0x3162,0x5246,0x5AA8,0x3142,0x41E4,0x39C3,0x39A3,0x41E4,0x41C4,0x3983,0x2901,
  0x6B0A,0x83CD,0x7BAC,0x736B,0x7BAC,0x83ED,0x7BAC,0x7B8C,0x4A05,0x3142,0x5266,0x4A05,
  0x4A25,0x41C3,0x41C3,0x4A24,0x41E3,0x4A04,0x41E4,0x41E4,0x4204,0x3983,0x3983,0x41C4,
  0x4183,0x5226,0x6B09,0x6AE9,0x732A,0x6AE9,0x3963,0x49E4,0x41C4,0x3983,0x4183,0x49C4,
  0x41C4,0x49E5,0x3983,0x1880,0x2902,0x3163,0x18C1,0x20E1,0x39C4,0x41E5,0x39C4,0x39C3,
  0x41E4,0x41C3,0x3983,0x41C4,0x20E1,0x5246,0x6B4A,0x41E5,0x2942,0x4A05,0x39C4,0x39A4,
  0x2101,0x2102,0x2943,0x2944,0x2923,0x2923,0xFE67,0xFE67,0xFE67,0xFE67,0x2923,0x2923,
  0x2923,0x2943,0x2903,0x20C2,0x2903,0xFE67,0xFE67,0xFE67,0xFE67,0xFE67,0x41E1,0x7BA4,
  0x8C26,0x8405,0x7345,0x3940,0x4A04,0x5A88,0x4A26,0x39A3,0x3963,0x49E6,0x4A06,0x41A4,
  0x3963,0xFE67,0xFE67,0xFE67,0xFE67,0xFE67,0x4A03,0x41C2,0x2900,0x3120,0x4A03,0x4A02,
  0x41C2,0xFE67,0xFE67,0xFE67,0xFE67,0x3143,0x18C1,0x39A5,0x4A26,0x5A87,0x7349,0x83CB,
  0x83CA,0x83A9,0x83A9,0x83EA,0x6B07,0x3981,0x4A03,0x5A85,0x4A03,0x4A23,0x5244,0x4A03,
  0x41C3,0x41A3,0x20E0,0x2902,0x2943,0x3143,0x2943,0x2922,0x5246,0x62C8,0x5A86,0x5AA6,
  0x5AA7,0x3141,0x41C4,0x6B09,0x62EA,0x5AA8,0x5A88,0x62E9,0x62C9,0x62C9,0x62C9,0x6B09,
  0x2921,0x39A3,0x62C7,0x62C5,0x6B06,0x6B06,0x5A83,0x62E4,0x6B44,0x6B44,0x6303,0x62E3,
  0x7366,0x6B26,0x5244,0x2921,0x2901,0x5246,0x5A87,0x2901,0x3162,0x7348,0x7365,0x6B03,
  0x6B03,0x7344,0x7323,0x7363,0x7342,0x7363,0x7363,0x7363,0x7363,0x7343,0x6B23,0x6B03,
  0x6B24,0x62C4,0x3140,0x18C0,0x2921,0x3163,0x31A4,0x2922,0x3163,0x2943,0x2921,0x18A0,
  0x39C1,0x6B44,0x6B23,0x6B44,0x7BA6,0x6B45,0x6B46,0x6326,0x2940,0x2900,0x4A25,0x4205,
  0x39A3,0x41C4,0x3142,0x3962,0x5AA7,0x5267,0x4A46,0x4A05,0x4A25,0x18C0,0x41C4,0x4205,
  0x4205,0x3983,0x39C4,0x5246,0x2901,0x4204,0x41C4,0x39A3,0x3983,0x3983,0x41C4,0x3142,
  0x6B2A,0x7BAC,0x7BAC,0x83CD,0x7BAC,0x736B,0x83CD,0x83ED,0x39A4,0x3162,0x5245,0x41E4,
  0x4A24,0x41E3,0x41E3,0x4A45,0x5265,0x41E3,0x41E3,0x41E3,0x4A04,0x41E4,0x41C4,0x39A3,
  0x3983,0x6287,0x6B09,0x6AC8,0x6B09,0x62A7,0x28E1,0x49C4,0x41A3,0x49E4,0x41A3,0x41C4,
  0x4A05,0x3963,0x20C1,0x20C1,0x18C1,0x2902,0x2943,0x2922,0x20E1,0x2942,0x41E4,0x4205,
  0x39C3,0x3982,0x39A3,0x39C4,0x3142,0x5A88,0x6B2A,0x41E5,0x3142,0x39C4,0x39A3,0x39A3,
  0x20E1,0x2102,0x2943,0x2943,0x2943,0xFE67,0xFE67,0xFE67,0xFE67,0x2923,0x2943,0x2923,
  0x2944,0x2923,0x2102,0x2943,0xFE67,0xFE67,0xFE67,0xFE67,0x5AA3,0x8406,0x8C66,0x83E4,
  0x83E5,0x83C6,0x3140,0x4A04,0x62C8,0x3142,0x39C2,0x6306,0x7BC8,0x7B88,0x7347,0x7B89,
  0x83CB,0x83EB,0x7BAB,0xFE67,0xFE67,0xFE67,0xFE67,0x4A03,0x41C2,0x5244,0x5A85,0x4A02,
  0x4A03,0x4A24,0xFE67,0xFE67,0xFE67,0xFE67,0x2923,0x2923,0x2902,0x2921,0x2921,0x41C2,
  0x5223,0x5A64,0x5A84,0x4A03,0x3981,0x5244,0x5A85,0x5244,0x5223,0x4A02,0x41C2,0x49E3,
  0x4A04,0x4A04,0x20E1,0x3163,0x3184,0x3164,0x3163,0x2922,0x41C4,0x3982,0x41E3,0x62C7,
  0x62C7,0x3982,0x41C3,0x6B09,0x5A88,0x5247,0x5AA8,0x6B0A,0x62C9,0x6B09,0x734A,0x5266,
  0x20C0,0x2900,0x5243,0x6B06,0x6B25,0x62E4,0x7365,0x6B44,0x7364,0x6B44,0x62E3,0x6B25,
  0x5AA3,0x3160,0x2920,0x3141,0x49E4,0x5266,0x5266,0x20E0,0x2941,0x5A84,0x6B23,0x7364,
  0x6AE2,0x7343,0x7343,0x6B02,0x7343,0x7342,0x7363,0x7342,0x7363,0x7363,0x6B23,0x6B03,
  0x6B45,0x62E4,0x2900,0x2101,0x41E5,0x39A4,0x2102,0x2963,0x2943,0x2102,0x20E0,0x41C2,
  0x6B25,0x7385,0x7385,0x73A6,0x7386,0x73A7,0x7367,0x83E9,0x5285,0x18C0,0x3983,0x39A3,
  0x3163,0x49E5,0x4A05,0x41C4,0x4A05,0x5A88,0x62E9,0x39A4,0x62E9,0x2922,0x2922,0x2901,
  0x39A4,0x2922,0x39A4,0x4A46,0x2901,0x4A05,0x39C3,0x3162,0x39A3,0x39A3,0x39A4,0x3163,
  0x734B,0x83CD,0x7BAC,0x736B,0x83CD,0x7B8C,0x7BAC,0x83ED,0x3983,0x39A3,0x4A25,0x41E3,
  0x4204,0x4204,0x4A04,0x4A45,0x4A24,0x41E3,0x41E4,0x39C3,0x41C3,0x41E3,0x41E4,0x41C4,
  0x7B6B,0x7B4A,0x62C8,0x6AC8,0x6B09,0x6AE8,0x3983,0x3942,0x49E4,0x49C4,0x3142,0x3101,
  0x2901,0x3983,0x5226,0x3963,0x18A0,0x2102,0x2943,0x2943,0x2922,0x2101,0x2901,0x3183,
  0x41E4,0x41C4,0x41C4,0x41C4,0x3983,0x5287,0x6309,0x41E5,0x2942,0x39C4,0x39C4,0x39C4,
  0x20E1,0x2922,0x3164,0x2923,0x3164,0xFE67,0xFE67,0xFE67,0x2923,0x2923,0x2943,0x2943,
  0x3164,0x2102,0x2923,0xFE67,0xFE67,0xFE67,0xFE67,0x7386,0x8C67,0x8423,0x83E2,0x8C45,
  0x8C28,0x5203,0x51C5,0x5A47,0x4183,0x6B07,0x8C29,0x8C47,0x8404,0x8C65,0x8C46,0x83E6,
  0x7346,0x4A24,0x20C0,0x20A0,0xFE67,0xFE67,0xFE67,0xFE67,0x5244,0x5244,0x41E2,0x4A23,
  0x5244,0x4A04,0x5225,0xFE67,0xFE67,0xFE67,0x2923,0x3164,0x3143,0x3162,0x3982,0x41C2,
  0x4A03,0x39A1,0x39A1,0x41C2,0x5AA5,0x5A85,0x5223,0x4A23,0x5223,0x4A03,0x4A03,0x5244,
  0x5224,0x49C4,0x1880,0x2923,0x3164,0x3164,0x3984,0x2922,0x41E4,0x39A3,0x3140,0x5AA5,
  0x62E7,0x4A04,0x39A3,0x5AA7,0x5267,0x62C9,0x62C9,0x62C8,0x5A87,0x6AE9,0x62C8,0x2900,
  0x3141,0x41E2,0x62E5,0x7346,0x7346,0x7BA6,0x7385,0x6B45,0x6B25,0x6B24,0x7366,0x6B25,
  0x4A22,0x20E0,0x41C2,0x5265,0x5245,0x4A45,0x4A04,0x4A44,0x20E0,0x3160,0x7364,0x7343,
  0x7323,0x6B23,0x6B02,0x6B02,0x6B02,0x6B22,0x7342,0x6B22,0x6B23,0x6B23,0x6B23,0x6B24,
  0x6324,0x5AC4,0x2920,0x2942,0x39A5,0x2943,0x3184,0x3184,0x3184,0x20E1,0x2941,0x62E6,
  0x7365,0x6B23,0x6305,0x4A44,0x39A1,0x4A23,0x5AC6,0x52A5,0x62C7,0x4A25,0x3984,0x2922,
  0x20E1,0x18A0,0x3962,0x5245,0x5246,0x39C4,0x3984,0x2101,0x5246,0x39A4,0x4A26,0x5267,
  0x41C5,0x2922,0x5247,0x62C9,0x2901,0x41E4,0x3983,0x3983,0x41C4,0x2921,0x2901,0x3142,
  0x7BAC,0x7B8B,0x3143,0x3143,0x6B2A,0x7B8C,0x7BAC,0x83CD,0x3162,0x41C3,0x4A04,0x4203,
  0x39C3,0x41E3,0x41E4,0x41E4,0x41E4,0x4A24,0x41E3,0x41E3,0x4A04,0x3162,0x39C3,0x4A04,
  0x7309,0x6AE8,0x6AC8,0x6AE9,0x7B4A,0x6B09,0x6AE9,0x49C4,0x3101,0x3942,0x49E5,0x62A8,
  0x4A05,0x6B09,0x7BAC,0x4A26,0x20E1,0x20E1,0x2923,0x2923,0x2102,0x3143,0x2922,0x18A0,
  0x2922,0x4205,0x41C5,0x3163,0x2922,0x5AA8,0x6B2A,0x41E4,0x3162,0x39C3,0x4205,0x39C4,
  0x20E1,0x2923,0x2944,0x2903,0xFE67,0xFE67,0xFE67,0x2923,0x2123,0x2943,0x2942,0x3163,
  0x2923,0x2923,0xFE67,0xFE67,0xFE67,0xFE67,0x8C07,0x83C4,0x83E2,0x8423,0x8405,0x6B05,
  0x49E4,0x4184,0x5A47,0x30E1,0x6AE6,0x8C49,0x83E6,0x83E4,0x8C46,0x8406,0x7385,0x62E4,
  0x41E2,0x41C3,0x41C4,0x3963,0x3142,0xFE67,0xFE67,0xFE67,0xFE67,0x41E2,0x49E2,0x4A02,
  0x5224,0x4A24,0x5246,0x3163,0xFE67,0xFE67,0x2903,0x2102,0x2923,0x3142,0x2900,0x4A04,
  0x5AA5,0x5264,0x5A64,0x62C6,0x5244,0x41E2,0x4A03,0x5A64,0x4A02,0x4A02,0x4A23,0x4A03,
  0x4A03,0x41A3,0x20E0,0x3984,0x3164,0x3164,0x3143,0x2901,0x39C3,0x5245,0x2920,0x41C3,
  0x6B08,0x41E4,0x3142,0x62C8,0x62C9,0x62A9,0x62A8,0x62C8,0x62A8,0x62A8,0x41C4,0x20E0,
  0x6B28,0x7B8A,0x6B28,0x5A85,0x5244,0x5AA5,0x5AA4,0x5284,0x62E5,0x6305,0x6B24,0x6304,
  0x62E4,0x3140,0x3982,0x5A87,0x4A04,0x41E3,0x5265,0x4A24,0x3181,0x6304,0x7343,0x6B02,
  0x6B22,0x7B83,0x7362,0x6B21,0x62E0,0x7342,0x7342,0x7343,0x6B23,0x6302,0x6302,0x6B23,
  0x7366,0x4A23,0x18A0,0x3162,0x41E5,0x2943,0x3143,0x2922,0x2101,0x18A0,0x41C2,0x62E5,
  0x6B44,0x7344,0x62C4,0x18C0,0x18A0,0x2920,0x20E0,0x2100,0x2920,0x2922,0x4A05,0x62E9,
  0x734A,0x4A25,0x18A0,0x39C3,0x4A25,0x41C3,0x4A25,0x41C4,0x41C4,0x5267,0x39A5,0x62C9,
  0x6B2A,0x62C8,0x5A88,0x5A88,0x20C0,0x41C5,0x41E5,0x39A4,0x3142,0x2922,0x3142,0x3163,
  0x7BAC,0x736B,0x5A88,0x5AA8,0x7B8C,0x7BAD,0x7B8C,0x736B,0x20E1,0x41E4,0x4A04,0x41E3,
  0x39C2,0x41E3,0x41E3,0x4A24,0x4A24,0x4204,0x41E3,0x5245,0x41E4,0x20E0,0x3983,0x4A05,
  0x7309,0x7309,0x6AE8,0x72E9,0x7309,0x7B4A,0x7B6B,0x6AC9,0x49C5,0x62A8,0x732A,0x62A8,
  0x3943,0x41A4,0x6B0A,0x5267,0x20E1,0x20E2,0x20E1,0x2923,0x2923,0x2923,0x2923,0x2944,
  0x2923,0x20E2,0x2943,0x2922,0x39C5,0x62C9,0x62E9,0x39A3,0x3183,0x4205,0x4A26,0x3183,
  0x18A0,0x2943,0x2943,0x2923,0x2924,0x3145,0x2945,0x2124,0x2944,0x2983,0x2962,0x2962,
  0x2922,0xFE67,0xFE67,0xFE67,0xFE67,0x8BC5,0x83A3,0x83C2,0x83A1,0x8BE5,0x62C4,0x3122,
  0x1881,0x4185,0xFE67,0xFE67,0xFE67,0xFE67,0xFE67,0xFE67,0xFE67,0x5266,0x41E4,0x4204,
  0x5AA7,0x6308,0x5266,0x20E1,0x3162,0x3162,0xFE67,0xFE67,0xFE67,0xFE67,0x4A03,0x4A23,
  0x4A04,0x4A24,0x4A25,0x2901,0x18C1,0x2923,0x2923,0x2903,0x3164,0x3163,0x20E0,0x4A25,
  0x5265,0x4A02,0x5243,0x5244,0x5224,0x4A23,0x4A03,0x5223,0x5243,0x4A23,0x4A03,0x41C2,
  0x4A44,0x39A3,0x2901,0x3144,0x2924,0x3164,0x3143,0x2941,0x39C3,0x4A44,0x41C3,0x3982,
  0x62C8,0x39A3,0x3963,0x62E9,0x5A88,0x62A9,0x62E9,0x5AA8,0x62C9,0x62E9,0x49E5,0x41E4,
  0x736A,0x5266,0x3162,0x2901,0x28E1,0x2901,0x2901,0x2900,0x62C6,0x7BC8,0x6B65,0x6B44,
  0x62E4,0x2920,0x28E1,0x5246,0x5245,0x5265,0x4A03,0x20E0,0x5263,0x7BA7,0x6B23,0x6AE2,
  0x6B22,0x7B62,0x7321,0x6B20,0x7321,0x7342,0x7322,0x7343,0x6B02,0x6B23,0x6B43,0x6B44,
  0x6B25,0x4A02,0x20E0,0x28E0,0x3121,0x20E1,0x2901,0x3142,0x3982,0x4A23,0x6B26,0x6B25,
  0x6B44,0x7344,0x6B05,0x5244,0x20E0,0x2920,0x41E3,0x41E3,0x41C3,0x2921,0x2901,0x3142,
  0x4A25,0x5266,0x2100,0x2900,0x4A44,0x41E3,0x41C3,0x41E4,0x3143,0x6B0A,0x3984,0x3123,
  0x41C4,0x4A26,0x41E4,0x5A87,0x2922,0x2902,0x20E2,0x18A1,0x2902,0x41C5,0x2902,0x2902,
  0x736B,0x734B,0x83EE,0x83ED,0x7BAD,0x7BAC,0x83CD,0x6B0B,0x20E1,0x49E4,0x4A04,0x41E3,
  0x41E3,0x4203,0x4A04,0x5265,0x5245,0x4A24,0x4A24,0x4A25,0x3983,0x20E1,0x3163,0x4A46,
  0x7309,0x6AE9,0x7309,0x6AE9,0x6AC8,0x7B2A,0x7B2A,0x72E9,0x7B2A,0x732A,0x41A4,0x3943,
  0x4184,0x3102,0x3984,0x6B0A,0x3143,0x2923,0x3143,0x18C1,0x3164,0x2103,0x20E2,0x3164,
  0x3165,0x20E2,0x20C1,0x20E1,0x5288,0x6B2A,0x5267,0x2921,0x39A3,0x4A25,0x41E5,0x2943,
  0x18C1,0x2964,0x2943,0x2923,0x3144,0x3144,0x2924,0x2124,0x2964,0x2964,0x2943,0x2922,
  0xFE67,0xFE67,0xFE67,0xFE67,0x8BC5,0x83A2,0x83A1,0x8BE3,0x83A4,0x5241,0x28E0,0x3961,
  0xFE67,0xFE67,0xFE67,0xFE67,0xFE67,0xFE67,0xFE67,0xFE67,0xFE67,0xFE67,0xFE67,0x5A87,
  0x5AA7,0x5AC8,0x5246,0x2942,0x3183,0x41C3,0x3182,0xFE67,0xFE67,0xFE67,0xFE67,0x4A24,
  0x4A03,0x4A04,0x4A25,0x2921,0x20E1,0x3164,0x2944,0x3144,0x2943,0x3143,0x20E0,0x49E4,
  0x5244,0x4A24,0x4A23,0x4A24,0x5244,0x5244,0x5244,0x5223,0x5243,0x4A23,0x4A03,0x41C3,
  0x4A04,0x3162,0x2902,0x3165,0x3965,0x3164,0x2901,0x2921,0x4A04,0x4A44,0x41C3,0x49E4,
  0x5A86,0x41E5,0x5226,0x62A8,0x5A67,0x62A8,0x62E9,0x62E9,0x6B09,0x5AA8,0x3983,0x2901,
  0x39A3,0x41C4,0x39A4,0x2901,0x39A4,0x3984,0x20C1,0x2901,0x3161,0x4A44,0x5284,0x6325,
  0x6304,0x4A23,0x2900,0x28E1,0x3121,0x3161,0x2920,0x4A01,0x7365,0x7344,0x6B21,0x6B21,
  0x7363,0x7343,0x7344,0x7B85,0x7B85,0x7324,0x62E2,0x6B02,0x6B43,0x7343,0x7363,0x6B24,
  0x7345,0x5AC4,0x3980,0x2900,0x3160,0x39C1,0x4A43,0x62E6,0x7BA8,0x7BA8,0x7386,0x7386,
  0x6B44,0x7385,0x7346,0x6B27,0x5264,0x3161,0x3141,0x4A04,0x41E4,0x4A45,0x41E4,0x2941,
  0x2900,0x2941,0x2921,0x3182,0x4203,0x4A23,0x41E3,0x39A3,0x3142,0x732B,0x39A4,0x41C5,
  0x4A26,0x20E1,0x3983,0x6B09,0x39A4,0x5A68,0x39A5,0x2923,0x2923,0x2902,0x3143,0x5247,
  0x6B2A,0x7B8C,0x736B,0x736C,0x7B8C,0x7B8C,0x83CD,0x6B2B,0x20C1,0x41C4,0x49E4,0x49E4,
  0x41E3,0x41E3,0x4A03,0x4A44,0x4A24,0x4A04,0x41E4,0x4A25,0x39A3,0x20E1,0x3983,0x4A46,
  0x732A,0x7329,0x6AE9,0x6AE9,0x7309,0x7309,0x7309,0x732A,0x7B6B,0x6AC9,0x3123,0x3102,
  0x4A06,0x28E1,0x3122,0x7BAC,0x39A4,0x18A1,0x39A5,0x2102,0x18C1,0x2923,0x3164,0x2103,
  0x2103,0x3164,0x3143,0x20E2,0x3984,0x6B4B,0x5247,0x2101,0x4A26,0x39A4,0x39A4,0x2943,
  0x20E2,0x2923,0x2103,0x2943,0x3143,0x2923,0x2923,0x2123,0x2144,0x2944,0x2123,0x2923,
  0xFE67,0xFE67,0xFE67,0x83A5,0x8BE3,0x83C1,0x83E2,0x8BC4,0x72E4,0x3940,0xFE67,0xFE67,
  0xFE67,0xFE67,0xFE67,0xFE67,0xFE67,0xFE67,0xFE67,0xFE67,0xFE67,0xFE67,0xFE67,0xFE67,
  0xFE67,0x5AA7,0x4A25,0x4205,0x41E4,0x2921,0x4A25,0x2921,0xFE67,0xFE67,0xFE67,0x4A04,
  0x4A04,0x4A24,0x5245,0x3163,0x2902,0x3164,0x2944,0x2944,0x2903,0x3143,0x2901,0x49E4,
  0x5265,0x5244,0x4A24,0x4A24,0x5224,0x5244,0x5224,0x5224,0x5224,0x5224,0x4A03,0x4A04,
  0x4A25,0x2922,0x2923,0x3965,0x2924,0x2923,0x2922,0x3141,0x4A03,0x5244,0x3141,0x49E4,
  0x5A87,0x39A3,0x4A05,0x62C8,0x5A87,0x62C9,0x62E9,0x62A8,0x62C8,0x5A88,0x5246,0x5246,
  0x5A87,0x62C8,0x62C8,0x3163,0x3983,0x2922,0x3143,0x3143,0x20C0,0x20E0,0x20C0,0x5264,
  0x7367,0x7347,0x5244,0x39A3,0x3121,0x41C2,0x62E4,0x7BA5,0x7385,0x7363,0x6B41,0x6301,
  0x6B23,0x7B66,0x62E5,0x4A02,0x5243,0x7346,0x6B04,0x6B24,0x7344,0x6B43,0x7364,0x7344,
  0x7345,0x7365,0x62E3,0x62C3,0x6B25,0x6B45,0x6B46,0x6B46,0x5AC4,0x5262,0x4A42,0x62E4,
  0x5AC4,0x62E4,0x7347,0x6B27,0x7348,0x4A44,0x2900,0x4A24,0x41E4,0x41C3,0x4204,0x4A25,
  0x41E4,0x41C4,0x41E4,0x41E4,0x39C2,0x41E2,0x4204,0x41C4,0x20E1,0x5AA9,0x39A5,0x3143,
  0x5267,0x39A4,0x39C4,0x62C8,0x41C5,0x6B2A,0x6AEA,0x6B2A,0x62E9,0x5A88,0x6B0A,0x7BAC,
  0x7B8C,0x7B8C,0x83CD,0x7BAC,0x736B,0x7B8C,0x7BAD,0x736C,0x20E1,0x41C4,0x41E4,0x41C3,
  0x41E3,0x41E3,0x41E3,0x4A04,0x41E3,0x41C3,0x41E4,0x4A05,0x3142,0x20C0,0x4A05,0x4A25,
  0x732A,0x732A,0x7309,0x7309,0x7309,0x7309,0x730A,0x6AE9,0x730A,0x7B4B,0x5A47,0x3102,
  0x2901,0x3963,0x62C8,0x734A,0x4A06,0x18A0,0x3163,0x39C5,0x20E2,0x20E1,0x2923,0x2943,
  0x2923,0x2923,0x2923,0x3985,0x20E2,0x39C5,0x39A4,0x2942,0x4205,0x39C4,0x3184,0x2922,
  0x20E1,0x2102,0x2103,0x3164,0x3143,0x2943,0x2943,0x2943,0x2943,0x2944,0x2924,0x2903,
  0xFE67,0xFE67,0x8BA5,0x8382,0x8BE1,0x83A0,0x8382,0x8364,0x6AC2,0xFE67,0xFE67,0xFE67,
  0xFE67,0xFE67,0x83C8,0x7BA7,0x62A4,0x3121,0x5A87,0x62A9,0x5A68,0xFE67,0xFE67,0xFE67,
  0xFE67,0xFE67,0x4A46,0x2922,0x4A05,0x3162,0x41C3,0x4A04,0x3121,0xFE67,0xFE67,0x5225,
  0x5225,0x4A25,0x4A25,0x3983,0x2102,0x2923,0x2924,0x2903,0x3144,0x39A4,0x18A0,0x3982,
  0x5245,0x5244,0x5244,0x4A24,0x49E3,0x49E3,0x4A04,0x5224,0x4A24,0x4A04,0x49E3,0x41E4,
  0x4A05,0x2902,0x3144,0x3165,0x2923,0x3143,0x3142,0x2941,0x3981,0x2900,0x3141,0x5245,
  0x62C7,0x3962,0x41C4,0x62C9,0x62A8,0x5AA8,0x62C9,0x62C9,0x62C9,0x5AA8,0x5AA8,0x62A8,
  0x5A87,0x5A88,0x5A88,0x3163,0x3984,0x3143,0x4A06,0x3143,0x41E5,0x5AA7,0x3162,0x3143,
  0x4A25,0x5AC5,0x6B46,0x6B26,0x6B26,0x7366,0x7BA5,0x7BC4,0x6B43,0x7363,0x6B41,0x6B02,
  0x6B44,0x4A23,0x2900,0x20C0,0x20C0,0x41E3,0x62E5,0x7366,0x7344,0x6B23,0x7B84,0x7343,
  0x7363,0x7384,0x7384,0x7385,0x7365,0x6B45,0x6B66,0x62E5,0x2940,0x2920,0x2920,0x20E0,
  0x20E0,0x2921,0x3160,0x5264,0x7368,0x62E6,0x2920,0x39A2,0x4A24,0x41C3,0x41C3,0x41E4,
  0x4A05,0x41E4,0x4A05,0x41C3,0x39A3,0x41C3,0x41C3,0x39A4,0x18A0,0x4A06,0x5A68,0x2922,
  0x5267,0x39A4,0x2922,0x5A87,0x2922,0x2902,0x2922,0x4A26,0x62E9,0x83ED,0x83CD,0x734B,
  0x83AD,0x736B,0x7BAC,0x7B6C,0x736B,0x7BAD,0x8C2E,0x6B2B,0x20C1,0x4A05,0x49E4,0x41C3,
  0x41E4,0x4A04,0x4A04,0x4A04,0x41E3,0x5245,0x41E4,0x2901,0x18A0,0x20E1,0x39A4,0x41E4,
  0x62A8,0x5A87,0x6B09,0x732A,0x7309,0x6AE9,0x732A,0x732A,0x6AC9,0x732A,0x732B,0x5A67,
  0x6AC9,0x734A,0x732A,0x6B0A,0x62E9,0x2901,0x3163,0x41E5,0x3184,0x2922,0x20E1,0x18E1,
  0x2922,0x3143,0x2923,0x3164,0x3143,0x20E2,0x20E1,0x2102,0x2102,0x2943,0x2922,0x20E2,
  0x2922,0x2943,0x2943,0x2944,0x2924,0x2944,0x2943,0x2943,0x2943,0x2944,0x3144,0x20C1,
  0x5224,0x8BC7,0x83A3,0x8BC1,0x83A0,0x8BC0,0x8BC3,0x8344,0xFE67,0xFE67,0xFE67,0xFE67,
  0x83E7,0x62E6,0x49E3,0x3982,0x3961,0x5245,0x5AA7,0x5A67,0x5A88,0x62C8,0x62A8,0xFE67,
  0xFE67,0xFE67,0xFE67,0x20E1,0x41C4,0x5246,0x2921,0x41A3,0x3982,0x2900,0x3941,0x3961,
  0x3962,0x3162,0x3163,0x2922,0x20E1,0x2923,0x2924,0x2944,0x2923,0x3163,0x2922,0x39A3,
  0x3161,0x4A24,0x5244,0x5245,0x5224,0x4A04,0x4A04,0x5224,0x49E3,0x4A04,0x5225,0x4A25,
  0x4A06,0x2903,0x3144,0x3144,0x3144,0x3163,0x3141,0x4A04,0x6B27,0x5A85,0x5AA5,0x62C6,
  0x62C7,0x3982,0x49E5,0x5A67,0x5AA8,0x62E9,0x62C9,0x5AA8,0x5A88,0x5AA8,0x62E9,0x6B09,
  0x62A8,0x5AA8,0x62E9,0x3163,0x2902,0x4A06,0x734B,0x39A4,0x41C5,0x732A,0x5AA8,0x41C6,
  0x3143,0x2900,0x62C4,0x6B44,0x6B44,0x7BA6,0x6B23,0x6B43,0x7383,0x6B22,0x7343,0x7BA6,
  0x4A22,0x18C0,0x2101,0x2943,0x2102,0x18C0,0x2940,0x5263,0x7386,0x7344,0x7343,0x7343,
  0x7BA4,0x7363,0x6B43,0x7364,0x6B25,0x62E5,0x5AC5,0x41E3,0x18A0,0x2942,0x41C4,0x3983,
  0x39A4,0x41C4,0x3161,0x3140,0x7347,0x62C6,0x39A2,0x20E0,0x39A2,0x5245,0x4A25,0x4A25,
  0x4A05,0x39A3,0x39A3,0x41E4,0x41E4,0x39C3,0x39A3,0x41E5,0x3143,0x41C5,0x6B2B,0x2902,
  0x3143,0x2901,0x20E1,0x62C8,0x20E1,0x2922,0x3163,0x3142,0x2902,0x3983,0x6B2A,0x6B2A,
  0x736C,0x83CD,0x7BAC,0x8C0E,0x8C2E,0x7BAD,0x8C2F,0x4A27,0x20E1,0x4A25,0x49E4,0x41C3,
  0x41E4,0x4A04,0x4A04,0x4A04,0x4A04,0x3162,0x2941,0x3163,0x39A4,0x3983,0x20E1,0x39C4,
  0x62C8,0x6288,0x6AE9,0x730A,0x732A,0x732A,0x732A,0x734B,0x734B,0x6AE9,0x7B4B,0x7B4B,
  0x732A,0x6B09,0x734A,0x734A,0x6B09,0x3163,0x20E1,0x39C4,0x39C5,0x39C4,0x2942,0x20E1,
  0x20E1,0x2922,0x3144,0x2903,0x3164,0x2943,0x2923,0x20E2,0x20C1,0x20E1,0x2102,0x2102,
  0x2943,0x2943,0x2923,0x2923,0x2925,0x2924,0x2123,0x2942,0x2963,0x2963,0x2923,0x28E0,
  0x6AE5,0x83A4,0x8BC1,0x83C0,0x83A0,0x8BE0,0x8BC2,0xFE67,0xFE67,0xFE67,0xFE67,0x6B06,
  0x41A2,0x3142,0x41C4,0x5246,0x62C8,0x5AA7,0x5AA7,0x62C8,0x5267,0x5267,0x62A8,0x62A9,
  0xFE67,0xFE67,0xFE67,0xFE67,0x3163,0x5246,0x5A87,0x3141,0x41C3,0x62C7,0x5A66,0x5225,
  0x4A04,0x5266,0x4A05,0x20E1,0x1880,0x3144,0x2924,0x3165,0x2923,0x2923,0x3163,0x5266,
  0x41C2,0x3161,0x39A2,0x49E3,0x5224,0x5244,0x5224,0x4A03,0x4A24,0x4A03,0x4A04,0x41C4,
  0x39A4,0x2923,0x3144,0x3165,0x3143,0x3163,0x2900,0x4A03,0x7348,0x62C6,0x62A5,0x5AA5,
  0x5A65,0x3141,0x5246,0x41C4,0x5246,0x62E9,0x5A88,0x62A8,0x62C9,0x62C9,0x62E9,0x5A87,
  0x62A8,0x5A88,0x62C9,0x49E5,0x3123,0x5A67,0x62A8,0x5AA8,0x5A87,0x6B09,0x5AA8,0x41A5,
  0x3143,0x3161,0x62E4,0x6B64,0x7364,0x7386,0x6B24,0x6B23,0x6B22,0x7364,0x7366,0x62C5,
  0x2900,0x2101,0x2962,0x20E1,0x2943,0x2963,0x18E0,0x39A2,0x6B26,0x6B24,0x7344,0x7BA5,
  0x7384,0x6B43,0x7364,0x6B45,0x5AA4,0x39C2,0x20E0,0x20E0,0x2101,0x3163,0x3183,0x3142,
  0x39A4,0x3162,0x3181,0x41A1,0x6B27,0x62E7,0x7BA9,0x4A04,0x20E0,0x4A04,0x5245,0x4A04,
  0x41E4,0x41E4,0x41E4,0x41C4,0x41C4,0x41C4,0x41E4,0x4A26,0x3984,0x2902,0x6B0A,0x41E5,
  0x1880,0x3143,0x3983,0x5AA8,0x2922,0x2901,0x4A05,0x4A26,0x41E5,0x2922,0x3163,0x6B0A,
  0x7B8C,0x7B6C,0x734B,0x7B8C,0x6B2B,0x736B,0x83CD,0x5267,0x39A4,0x4A05,0x4A04,0x41E4,
  0x49E4,0x49E4,0x41E4,0x4A25,0x4A04,0x18A0,0x3142,0x5A87,0x5A87,0x4A26,0x2901,0x39A3,
  0x734B,0x730A,0x730A,0x6AE9,0x732A,0x7B6B,0x5A67,0x41A4,0x41C5,0x49C5,0x4184,0x41A4,
  0x732A,0x7B4A,0x7309,0x7B6A,0x736B,0x41E5,0x18A0,0x39C4,0x4205,0x41C4,0x39A4,0x39C4,
  0x3142,0x18C1,0x20E2,0x2923,0x2923,0x2923,0x3164,0x3143,0x3164,0x2903,0x2943,0x2943,
  0x2923,0x2103,0x2923,0x2944,0x2925,0x2904,0x2122,0x2942,0x2963,0x2923,0x3143,0x28E0,
  0x7305,0x8BC3,0x8380,0x8BC0,0x8BC0,0x8BA1,0x8BC1,0xFE67,0xFE67,0xFE67,0x5A44,0x28E1,
  0x20C1,0x41A4,0x5AA7,0x5A87,0x5246,0x5A87,0x62C8,0x5288,0x5A88,0x62A9,0x5AA8,0x5A88,
  0x5A67,0xFE67,0xFE67,0xFE67,0x4A05,0x4A05,0x41C3,0x5A86,0x6B08,0x7329,0x7B8A,0x8BEB,
  0x7B8A,0x6AE8,0x5A87,0x3984,0x18A1,0x3144,0x2903,0x2924,0x3985,0x3143,0x2101,0x5AA7,
  0x62C6,0x41E3,0x41A2,0x3140,0x3140,0x3981,0x41A2,0x49E3,0x41A2,0x3981,0x3982,0x2921,
  0x20E1,0x20E2,0x3965,0x39A5,0x3163,0x3163,0x3141,0x5A65,0x6B06,0x62A5,0x5264,0x62A5,
  0x5AA6,0x41A3,0x5246,0x41C4,0x4A26,0x6B0A,0x62C9,0x62E9,0x62C9,0x62C9,0x6B0A,0x62C9,
  0x62C9,0x62C9,0x6AE9,0x39A4,0x3964,0x6B2A,0x5AA8,0x6B09,0x6B0A,0x734A,0x3983,0x2901,
  0x4A24,0x62E5,0x7366,0x7BA7,0x6305,0x2920,0x5263,0x7386,0x7384,0x6323,0x6AE6,0x5265,
  0x20E0,0x20E1,0x2963,0x2943,0x18E2,0x2122,0x2942,0x39C2,0x62C5,0x6B04,0x7344,0x6B02,
  0x6B22,0x7363,0x7384,0x62E3,0x5243,0x4203,0x3162,0x18C0,0x39C5,0x39A5,0x2943,0x2942,
  0x3163,0x2921,0x2920,0x5244,0x7347,0x62E7,0x41E3,0x5265,0x3161,0x3142,0x4A25,0x49E4,
  0x41E4,0x4A05,0x4A05,0x4A05,0x41E4,0x41C4,0x3163,0x3142,0x3163,0x20E1,0x5247,0x5A88,
  0x1880,0x3142,0x3984,0x6309,0x41C4,0x4A05,0x5246,0x41E5,0x41E5,0x5246,0x28E1,0x5AA8,
  0x7B8C,0x5A68,0x3984,0x3984,0x2902,0x62C9,0x83CD,0x736B,0x4A06,0x41E4,0x5245,0x4A25,
  0x49E4,0x49E4,0x4A04,0x4A25,0x39A3,0x2921,0x4A46,0x5A87,0x5246,0x4A06,0x2922,0x39C4,
  0x62A8,0x732A,0x6B09,0x6B09,0x7B6B,0x5A67,0x3963,0x3102,0x3102,0x3983,0x28C1,0x49E5,
  0x7B4A,0x732A,0x49E5,0x62A7,0x734A,0x5A87,0x20E0,0x3162,0x4205,0x41E4,0x39C4,0x41E4,
  0x41E5,0x41C4,0x2902,0x20C1,0x2923,0x3144,0x2903,0x2903,0x3144,0x2943,0x2923,0x2923,
  0x2923,0x2923,0x2923,0x2944,0x2904,0x2924,0x2942,0x2142,0x3183,0x2923,0x2923,0x3101,
  0x7325,0x8BA3,0x8BC0,0x8BE0,0x8BA0,0x8BC1,0x8BA0,0xFE67,0xFE67,0x5A63,0x2081,0x3945,
  0x3144,0x49E4,0x5A86,0x5A66,0x5A67,0x4A27,0x5A89,0x5ACA,0x5A68,0x5247,0x5A68,0x62A9,
  0x5A88,0x5247,0xFE67,0x20E1,0x41E5,0x3983,0x3983,0x49E4,0x3961,0x3141,0x41C3,0x4A04,
  0x41A3,0x41C3,0x3142,0x3163,0x20E2,0x3144,0x3164,0x2924,0x3164,0x3143,0x20C0,0x5A66,
  0x5AA6,0x62C6,0x62C6,0x5244,0x5244,0x49E3,0x3140,0x3960,0x41A1,0x4A23,0x5244,0x4A25,
  0x2901,0x2902,0x41A5,0x3985,0x3184,0x3142,0x2900,0x62C6,0x62C6,0x5A84,0x5A64,0x62A5,
  0x62A6,0x5245,0x39A3,0x4A25,0x5246,0x5AA8,0x62A9,0x62E9,0x62C9,0x62E9,0x62EA,0x62C9,
  0x5A88,0x62E9,0x62C9,0x4A06,0x5247,0x6B0A,0x6AE9,0x6B09,0x734A,0x62C9,0x20C0,0x5AA4,
  0x73A6,0x6303,0x7387,0x62C6,0x3162,0x2901,0x5244,0x7B87,0x7364,0x7365,0x6B07,0x5225,
  0x18A0,0x2923,0x2943,0x2103,0x2102,0x2942,0x18C0,0x41E3,0x6B46,0x6B04,0x6B03,0x7323,
  0x7B83,0x7BA4,0x83E6,0x6B44,0x5AC4,0x6307,0x5AA6,0x18C0,0x39A4,0x3163,0x2943,0x3184,
  0x2923,0x2902,0x2920,0x4A23,0x7369,0x62C7,0x3161,0x20C0,0x2921,0x39A3,0x4A25,0x41E4,
  0x4A05,0x41E4,0x3983,0x3163,0x2922,0x2902,0x2922,0x2922,0x39A4,0x39A4,0x3163,0x62C8,
  0x20E1,0x39A4,0x41C4,0x6B2A,0x3983,0x41C4,0x41E4,0x41C4,0x41E4,0x41E4,0x2922,0x6B09,
  0x7BAC,0x62C9,0x5247,0x5A88,0x5AA8,0x7B8C,0x83CD,0x5A88,0x2922,0x41C3,0x4A04,0x4A04,
  0x41C3,0x41E3,0x4A04,0x4A04,0x39A3,0x41C4,0x6B09,0x62C8,0x62C8,0x39A4,0x2922,0x39C4,
  0x62A8,0x7B6B,0x6B09,0x7B6B,0x6AE9,0x28E1,0x49E5,0x5205,0x41A4,0x3943,0x49E5,0x7B6B,
  0x7309,0x7309,0x5205,0x5A67,0x734A,0x6B09,0x2942,0x2901,0x41E4,0x41E4,0x41E4,0x41E4,
  0x4A05,0x4205,0x2922,0x20E2,0x20E1,0x2923,0x3144,0x2903,0x2923,0x2943,0x2944,0x2923,
  0x2903,0x2923,0x2943,0x2943,0x2944,0x2923,0x2121,0x2122,0x2943,0x2944,0x28C3,0x3101,
  0x7305,0x83A2,0x8BA0,0x8BC0,0x8380,0x8BA1,0x8BE1,0x83A1,0x7324,0x3120,0x3143,0x3103,
  0x28E3,0x5247,0x62A8,0x62A8,0x5247,0x62C9,0x41E6,0x3164,0x3143,0x3984,0x41A4,0x39A4,
  0x3984,0x2922,0x3122,0x20E1,0x41C4,0x41C4,0x41C3,0x49E3,0x41A2,0x41A2,0x4A04,0x49E3,
  0x2900,0x3962,0x39A3,0x2901,0x18A0,0x2923,0x3165,0x3165,0x2923,0x2922,0x2901,0x5A87,
  0x62C7,0x62C6,0x5A85,0x62A6,0x62C6,0x62C6,0x62C5,0x5A64,0x5A84,0x5AA5,0x5AA5,0x5265,
  0x2922,0x2902,0x3984,0x3985,0x3984,0x3163,0x2940,0x5A85,0x62A5,0x5A63,0x5A84,0x5A64,
  0x5A85,0x49E4,0x41C4,0x62C8,0x5AA8,0x5A88,0x62A8,0x62A9,0x62C9,0x62C9,0x5AA9,0x62A9,
  0x62C9,0x62C9,0x5A88,0x62C9,0x5247,0x62A9,0x62E9,0x5AA8,0x6B29,0x41A4,0x3162,0x7366,
  0x7385,0x7BC7,0x7347,0x28E0,0x49E5,0x5A66,0x2900,0x41E2,0x7385,0x7365,0x7326,0x4A03,
  0x20C0,0x3164,0x3144,0x20E3,0x2944,0x2962,0x2100,0x62E4,0x7365,0x6B23,0x7344,0x83C6,
  0x5AA3,0x4A02,0x4A02,0x41E2,0x39A1,0x39A2,0x2962,0x20E0,0x3183,0x3163,0x2943,0x3163,
  0x3163,0x2902,0x39A3,0x3161,0x6B08,0x7349,0x4A25,0x3141,0x5266,0x4A05,0x39A3,0x2921,
  0x2901,0x2922,0x2901,0x20E1,0x2902,0x3163,0x3163,0x3183,0x20C0,0x2101,0x3983,0x5A87,
  0x41C4,0x20E1,0x3984,0x736B,0x3142,0x39C4,0x41E4,0x41C4,0x4A05,0x41E4,0x2922,0x6B09,
  0x83CD,0x7B8C,0x7B8C,0x7B8C,0x83ED,0x83ED,0x83CD,0x3142,0x2901,0x4A24,0x41A2,0x41A3,
  0x41E3,0x41E4,0x41E4,0x4A04,0x4A05,0x49E5,0x5AA8,0x5A87,0x5A67,0x3983,0x3142,0x3983,
  0x7B6B,0x732A,0x7B6B,0x8BED,0x49C4,0x3122,0x49C4,0x3122,0x3122,0x5226,0x838C,0x730A,
  0x6AC8,0x7B2A,0x7B4B,0x732A,0x6B09,0x6B09,0x41C4,0x2901,0x41C4,0x41C4,0x4204,0x4A05,
  0x41E4,0x3983,0x2942,0x4A26,0x2922,0x1880,0x3143,0x3164,0x2924,0x2944,0x2923,0x2923,
  0x2923,0x2943,0x2944,0x3163,0x3163,0x2922,0x2121,0x2942,0x18E2,0x2904,0x2904,0x28E1,
  0x72E5,0x83A3,0x8BC0,0x8BC0,0x83A0,0x8BA1,0x83A1,0x8C05,0x5A84,0x28C0,0x3963,0x3163,
  0x3143,0x62A9,0x5247,0x5246,0xFE67,0xFE67,0xFE67,0x5AA8,0x734B,0x62A8,0x5A88,0x5226,
  0x3963,0x4A06,0x5246,0x2901,0x4A25,0x5245,0x5225,0x4A24,0x49E3,0x49E3,0x5224,0x62A6,
  0x5A65,0x2900,0x2900,0x39C4,0x2102,0x2903,0x18C2,0x3144,0x3144,0x3984,0x2942,0x5245,
  0x62C7,0x62C6,0x5A85,0x62C6,0x62C6,0x62C5,0x62C5,0x5AA4,0x5A84,0x5A84,0x62C6,0x5AA6,
  0x3142,0x2902,0x3164,0x3984,0x3984,0x3162,0x3161,0x62A5,0x5AA4,0x5A63,0x5A84,0x5A44,
  0x5A65,0x3982,0x39A3,0x6B2A,0x62C8,0x62C9,0x5A88,0x6B0A,0x62C9,0x62C9,0x62A9,0x6B0A,
  0x6AEA,0x5A88,0x62A9,0x5A68,0x5A88,0x5A68,0x5A88,0x5A87,0x62E8,0x3983,0x5A86,0x7BA8,
  0x7BA7,0x6B26,0x2920,0x3142,0x5A87,0x736A,0x62A8,0x28E0,0x62E4,0x6B24,0x6B04,0x41C1,
  0x1860,0x2903,0x39A6,0x3986,0x3164,0x2100,0x4201,0x6324,0x6323,0x6B24,0x7365,0x5A63,
  0x20C0,0x28E2,0x3122,0x2922,0x2921,0x3162,0x2101,0x2941,0x3183,0x3163,0x3163,0x3143,
  0x3164,0x20E1,0x5266,0x3982,0x3141,0x5A87,0x3982,0x39A4,0x4A05,0x2901,0x2901,0x20E1,
  0x2922,0x3163,0x3183,0x3983,0x3984,0x2922,0x1060,0x20E0,0x2921,0x4204,0x41E4,0x41E4,
  0x5AA8,0x18A0,0x3143,0x736B,0x39A4,0x41E4,0x4204,0x41E4,0x4A25,0x39C3,0x3142,0x62E9,
  0x7B8C,0x7B8C,0x7B8C,0x7B8C,0x7B8C,0x734B,0x83AC,0x2901,0x3162,0x4A25,0x41C3,0x41E3,
  0x5244,0x4A04,0x41E3,0x49E4,0x5245,0x41E4,0x5246,0x4A26,0x5247,0x3963,0x39A4,0x39A3,
  0x730A,0x732A,0x7B4A,0x7B8B,0x62A8,0x3963,0x3101,0x5205,0x6AE9,0x732A,0x732A,0x7B2A,
  0x7309,0x732A,0x6AE9,0x62A7,0x6AE9,0x736A,0x4A25,0x2921,0x41C4,0x39C3,0x41E4,0x4A25,
  0x41C3,0x3141,0x4A05,0x62E9,0x4A06,0x2922,0x20C1,0x2923,0x3164,0x3144,0x2103,0x2903,
  0x2944,0x2944,0x2923,0x2943,0x2943,0x2922,0x2122,0x2963,0x2102,0x3145,0x3124,0x28C0,
  0x6AE4,0x8BC3,0x8BE0,0x8BE0,0x8BE0,0x8BA2,0x83C4,0x7B66,0x3120,0x20C0,0x3142,0x3143,
  0x3143,0x3144,0x3102,0xFE67,0xFE67,0xFE67,0xFE67,0xFE67,0x39A4,0x5226,0x5246,0x4A05,
  0x62A8,0x62C8,0x4A05,0x2901,0x4A04,0x5225,0x4A24,0x4A03,0x49E3,0x49E2,0x49E3,0x5244,
  0x62C6,0x5A85,0x39A2,0x3162,0x41E5,0x39A5,0x3164,0x20C2,0x18A1,0x3984,0x3142,0x4A25,
  0x6AE7,0x5AA6,0x62C6,0x62C6,0x5AA5,0x5A85,0x5A84,0x62C5,0x5AA4,0x5AA4,0x62C6,0x5AA6,
  0x2921,0x2902,0x3143,0x3164,0x3163,0x3142,0x39A2,0x62E6,0x62A5,0x5A84,0x5243,0x6285,
  0x5A85,0x3982,0x4A05,0x6B09,0x5A87,0x5AA8,0x5A67,0x5247,0x41C5,0x62C9,0x62C9,0x5A68,
  0x5A88,0x6B0B,0x5247,0x1880,0x62A9,0x6B2A,0x5A88,0x5AA8,0x62C8,0x3161,0x5A85,0x62C6,
  0x3161,0x3142,0x5226,0x62E8,0x6B08,0x62C7,0x3962,0x2900,0x6B06,0x7365,0x6B44,0x5282,
  0x2920,0x28E0,0x28E2,0x28E1,0x20E0,0x3160,0x6304,0x6B44,0x6B44,0x7386,0x5283,0x18A0,
  0x3123,0x3985,0x39A5,0x3143,0x2943,0x3984,0x39A4,0x3163,0x3163,0x3164,0x2944,0x2924,
  0x3145,0x20C3,0x41C5,0x62C8,0x41E4,0x20E1,0x20E1,0x39A4,0x20C1,0x3143,0x3184,0x3143,
  0x2922,0x2922,0x20E1,0x20E1,0x20E1,0x2922,0x39A4,0x4A45,0x4A25,0x4A45,0x41C3,0x3162,
  0x6B09,0x41C4,0x2922,0x6B2A,0x39A3,0x4A05,0x41E4,0x41C3,0x4A25,0x3983,0x41C4,0x734A,
  0x7BAC,0x7BAC,0x83AD,0x83CD,0x7B8C,0x7BAC,0x7BAC,0x2922,0x3963,0x4A03,0x4A03,0x4A24,
  0x4A24,0x4A04,0x41E4,0x49E4,0x41C4,0x39A3,0x5246,0x5A67,0x5AA8,0x3984,0x41C4,0x39A3,
  0x730A,0x72E9,0x7309,0x732A,0x7B4A,0x7329,0x7329,0x7B4A,0x7329,0x7B4A,0x6AE9,0x7B2A,
  0x7309,0x7B2A,0x732A,0x6AC9,0x6AE9,0x7B6A,0x5A87,0x28E0,0x39A3,0x41E4,0x39C3,0x41E4,
  0x41E4,0x3162,0x5246,0x62E8,0x5AA7,0x41E5,0x20C1,0x20E2,0x2923,0x3164,0x2903,0x2924,
  0x3164,0x2943,0x2103,0x2103,0x2923,0x2943,0x2122,0x2102,0x2943,0x3144,0x18A0,0x3140,
  0x7323,0x8BC1,0x8BC0,0x8BE0,0x8BE1,0x8382,0x8C07,0x5A64,0x20C0,0x28E1,0x3142,0x3162,
  0x20E0,0x5AA7,0xFE67,0xFE67,0xFE67,0xFE67,0xFE67,0xFE67,0xFE67,0x5A67,0x5246,0x5A87,
  0x5AA8,0x5AA7,0x5246,0x3162,0x49E4,0x4A24,0x5224,0x4A03,0x4A03,0x4A03,0x5A64,0x5AA5,
  0x5A85,0x5AA5,0x62E7,0x39C3,0x20E1,0x3143,0x2943,0x39A6,0x39A5,0x3143,0x18A0,0x3162,
  0x5245,0x5244,0x62C7,0x62C7,0x62C6,0x62C6,0x5A85,0x62C5,0x5AA4,0x5A84,0x5AA5,0x5244,
  0x20E0,0x2922,0x3964,0x3164,0x3143,0x2922,0x41C3,0x6AE6,0x62C5,0x6284,0x5A43,0x62A5,
  0x5A65,0x3962,0x4A05,0x62C8,0x5A88,0x5AA8,0x62C9,0x3143,0x20C1,0x5A89,0x5A68,0x20E2,
  0x5247,0x6B0B,0x3984,0x3123,0x4A06,0x62C9,0x6B0A,0x62C9,0x62A8,0x2901,0x2940,0x3162,
  0x49E5,0x5248,0x6AEA,0x734A,0x5265,0x2900,0x41E3,0x7348,0x7B88,0x6B25,0x7364,0x6B03,
  0x5242,0x3981,0x3140,0x41A1,0x5A83,0x7365,0x7BA5,0x6B44,0x6B44,0x6B25,0x3140,0x2921,
  0x41C5,0x2924,0x20E2,0x2943,0x3164,0x2943,0x2943,0x3164,0x3164,0x2944,0x3144,0x2924,
  0x3145,0x2904,0x18A1,0x4A05,0x41E5,0x2101,0x20E1,0x3143,0x2943,0x2923,0x2902,0x2922,
  0x2902,0x2923,0x2943,0x2943,0x3163,0x39A4,0x4A05,0x5245,0x4A04,0x41E3,0x4A45,0x3162,
  0x41C4,0x62C8,0x2902,0x5A87,0x2901,0x4A25,0x4204,0x39C3,0x4A04,0x3162,0x4A46,0x7BAC,
  0x7BAC,0x7B8C,0x7B8C,0x7B8C,0x7B8C,0x83ED,0x734A,0x2922,0x41C4,0x49E3,0x4A23,0x4A03,
  0x41E3,0x41E3,0x4A24,0x4A25,0x41E4,0x3983,0x5246,0x5A87,0x5A87,0x3163,0x3183,0x41C4,
  0x7B6B,0x72E9,0x7309,0x7B4A,0x7B2A,0x836B,0x7329,0x72E9,0x6AC8,0x7309,0x7B4A,0x7309,
  0x730A,0x730A,0x7B4A,0x732A,0x6AE9,0x732A,0x6B09,0x3121,0x3142,0x41E4,0x41C3,0x41E4,
  0x4A04,0x3982,0x5266,0x6B29,0x62C8,0x4A06,0x2902,0x2943,0x18A1,0x20E3,0x3144,0x3164,
  0x2924,0x2923,0x2923,0x2103,0x2924,0x2903,0x2103,0x2103,0x2923,0x2101,0x2900,0x62E3,
  0x83C4,0x83E0,0x8C00,0x8C00,0x8BE1,0x8BC4,0x7347,0x2902,0x20E1,0x20E2,0x20E2,0x2941,
  0x5AE5,0x8C28,0xFE67,0xFE67,0xFE67,0xFE67,0xFE67,0xFE67,0xFE67,0x5A67,0x5A67,0x62C8,
  0x5AA7,0x5A87,0x5246,0x3982,0x4A04,0x4A04,0x5244,0x4A03,0x4A03,0x5243,0x62A5,0x62A5,
  0x5AA5,0x5AA5,0x5AC6,0x2941,0x2922,0x3143,0x2923,0x20C2,0x3985,0x5227,0x41C5,0x3142,
  0x3141,0x2921,0x3962,0x4A04,0x5245,0x5A85,0x62E6,0x62C5,0x5AA5,0x62C5,0x62C6,0x5245,
  0x20E0,0x3143,0x3964,0x3164,0x2943,0x2922,0x41E3,0x62C6,0x6284,0x5A84,0x6284,0x5A64,
  0x5A65,0x3983,0x41C4,0x62C9,0x5AA8,0x62C9,0x5A88,0x3143,0x2902,0x4A06,0x4A27,0x20A1,
  0x41A5,0x41C6,0x3164,0x4A06,0x18A1,0x39A4,0x6B2A,0x6B0A,0x62CA,0x5246,0x5A86,0x5267,
  0x62E9,0x6B0A,0x734C,0x62A9,0x20A0,0x5245,0x7B87,0x83E8,0x7347,0x7367,0x7BC6,0x7B85,
  0x6B04,0x62E3,0x6B24,0x7324,0x7BA5,0x83C5,0x7363,0x7344,0x7366,0x4A03,0x18A0,0x3984,
  0x3143,0x2922,0x2923,0x3164,0x2944,0x2923,0x3185,0x3164,0x3164,0x2943,0x3163,0x3163,
  0x3162,0x3183,0x2922,0x18A0,0x1080,0x3163,0x2922,0x2923,0x2943,0x2923,0x2943,0x2943,
  0x20E1,0x20E1,0x2122,0x2101,0x4A26,0x5A87,0x39A3,0x4A25,0x4A24,0x4203,0x4A24,0x41E4,
  0x3983,0x7B8C,0x4A06,0x5247,0x20E0,0x41C4,0x4204,0x41E3,0x4A04,0x2921,0x5266,0x7BAC,
  0x7B8C,0x7BAC,0x83CD,0x7B8C,0x7B8C,0x83CD,0x6B2A,0x2901,0x3983,0x5244,0x4A23,0x4A03,
  0x41E3,0x4A24,0x4A24,0x4A04,0x5245,0x3162,0x4A25,0x5266,0x5246,0x3983,0x39A3,0x41E4,
  0x7309,0x7B2A,0x7309,0x7B2A,0x7B4A,0x7B2A,0x7309,0x7309,0x7329,0x7309,0x7B4A,0x732A,
  0x732A,0x732A,0x7B2A,0x732A,0x732A,0x6B09,0x6B09,0x41A4,0x28E1,0x41E4,0x41E4,0x41C3,
  0x4A04,0x3162,0x4A25,0x6309,0x62C8,0x5247,0x3143,0x41E6,0x3164,0x18A1,0x3144,0x3164,
  0x2923,0x2923,0x2943,0x2103,0x2924,0x20E3,0x2904,0x2924,0x2923,0x20E0,0x5223,0x8BE6,
  0x8C03,0x83C0,0x8BE0,0x83C0,0x83A3,0x8BA7,0x49C3,0x1880,0x2900,0x3161,0x5265,0x7388,
  0x8C29,0x83E7,0xFE67,0xFE67,0xFE67,0xFE67,0xFE67,0xFE67,0xFE67,0x5A87,0x5A67,0x5267,
  0x5AA7,0x5A87,0x41C4,0x3161,0x5265,0x5265,0x5A85,0x5243,0x5243,0x5A84,0x62C5,0x5AA4,
  0x62A5,0x5AA5,0x5A85,0x2921,0x2101,0x3143,0x2944,0x2903,0x20E2,0x20E2,0x3984,0x4A25,
  0x5245,0x5A86,0x41E4,0x39A3,0x3141,0x3961,0x4A04,0x41C2,0x3982,0x41A2,0x4A04,0x41C3,
  0x20E1,0x3984,0x39A5,0x3164,0x3164,0x2922,0x41C3,0x62C6,0x5A84,0x5A64,0x5A64,0x5224,
  0x5A86,0x49E4,0x5246,0x6B09,0x5A88,0x62E9,0x41E5,0x39A4,0x39A4,0x3143,0x41C5,0x41C5,
  0x3123,0x2902,0x4A26,0x4A06,0x3163,0x41C5,0x62C9,0x62CA,0x62CA,0x6AEA,0x62C8,0x62EA,
  0x62C9,0x62C9,0x62CA,0x62C9,0x2902,0x41C3,0x7387,0x5262,0x20C0,0x2920,0x41C1,0x6B25,
  0x7BA6,0x6B23,0x7344,0x7B66,0x6AE4,0x5A83,0x7365,0x7365,0x6B25,0x2920,0x2902,0x41C5,
  0x3163,0x3163,0x2922,0x2922,0x2943,0x2943,0x3144,0x3164,0x3164,0x2943,0x3143,0x3162,
  0x3162,0x3162,0x3183,0x2942,0x3143,0x2943,0x2923,0x20E2,0x2902,0x2901,0x20C0,0x2100,
  0x39C3,0x62E8,0x4A46,0x20E1,0x4206,0x5267,0x2941,0x5265,0x5264,0x4A23,0x5245,0x5266,
  0x3142,0x732B,0x6B0A,0x5AA8,0x3142,0x39A3,0x4A25,0x41E3,0x4A24,0x2900,0x5246,0x7BAC,
  0x7B8C,0x83CD,0x7BAD,0x7B8C,0x7B6C,0x7BAC,0x7BAC,0x2922,0x2921,0x5245,0x4A03,0x4A03,
  0x4A24,0x4A04,0x41E3,0x41C3,0x4A05,0x2942,0x5267,0x5AA8,0x5A87,0x39A4,0x41C4,0x39C3,
  0x7B2A,0x7329,0x7329,0x732A,0x7309,0x7B2A,0x7329,0x7329,0x7309,0x7309,0x732A,0x7309,
  0x7309,0x7B4A,0x6AE9,0x4183,0x3963,0x6288,0x732B,0x49E5,0x28E1,0x4A25,0x41E4,0x39A3,
  0x41C4,0x3142,0x4A05,0x6309,0x5AC8,0x5A88,0x2942,0x41C5,0x41C5,0x2902,0x20E2,0x3163,
  0x2923,0x2923,0x2923,0x2923,0x2102,0x2123,0x2904,0x2904,0x3143,0x28E0,0x6AC5,0x8BC5,
  0x8BC2,0x83C0,0x8BE0,0x83A1,0x8BA6,0x6A85,0x2080,0x3121,0x5AA3,0x83A6,0x8C07,0x83E7,
  0x7B67,0x5A85,0x5224,0xFE67,0xFE67,0xFE67,0xFE67,0xFE67,0x5AC8,0x5267,0x5AA8,0x5AA8,
  0x62C8,0x5AA8,0x41C4,0x3161,0x62A6,0x62E6,0x62A5,0x62A4,0x62A4,0x62A4,0x5A63,0x62A4,
  0x5A84,0x5A85,0x5AA6,0x3142,0x2902,0x2923,0x2923,0x2924,0x3164,0x28E2,0x20E1,0x2901,
  0x2921,0x3161,0x39A2,0x41C3,0x41E4,0x49E4,0x41C3,0x3983,0x3162,0x3983,0x41C4,0x2901,
  0x18A0,0x3163,0x2923,0x2923,0x3164,0x3142,0x49E4,0x7328,0x62A6,0x5A65,0x5A65,0x5A87,
  0x5267,0x3143,0x5246,0x5A67,0x62C8,0x6B09,0x41C5,0x3983,0x41C5,0x3122,0x3983,0x49E5,
  0x5205,0x4A05,0x4A05,0x5226,0x4A26,0x3143,0x5268,0x6B0A,0x62C9,0x62C9,0x6AEA,0x62C9,
  0x6AEB,0x62AA,0x62EA,0x4A26,0x2920,0x6B27,0x4A23,0x3982,0x5246,0x5246,0x41C4,0x3981,
  0x6304,0x7364,0x6B45,0x5265,0x2901,0x20C0,0x5A84,0x7BA6,0x62E3,0x2920,0x3122,0x41C6,
  0x3163,0x3163,0x2942,0x2922,0x2943,0x3143,0x3143,0x3144,0x3164,0x3164,0x3164,0x2943,
  0x2923,0x2903,0x2102,0x18C0,0x2102,0x2103,0x3985,0x2903,0x20C0,0x3981,0x5AA4,0x6B46,
  0x7387,0x6B28,0x2901,0x4A07,0x736C,0x5AA8,0x2921,0x4203,0x4A43,0x4A23,0x41E2,0x4A44,
  0x3142,0x39A4,0x7B8C,0x83CD,0x41C4,0x3162,0x5245,0x41E4,0x4A25,0x2901,0x5226,0x83AC,
  0x7B8C,0x7BAC,0x83AD,0x7BAD,0x7BAC,0x83CD,0x83CD,0x3983,0x3142,0x41E3,0x41E3,0x4A24,
  0x4A24,0x41E3,0x41E3,0x4A25,0x41A4,0x3984,0x62C9,0x5AA8,0x4A05,0x2901,0x39A3,0x41E4,
  0x732A,0x732A,0x7B4A,0x7B4A,0x7309,0x6AE9,0x6AC8,0x7309,0x7329,0x6AE9,0x732A,0x732A,
  0x732A,0x7B6B,0x6287,0x28C1,0x3102,0x62A8,0x7B4B,0x5A47,0x28E1,0x39A4,0x49E5,0x41E4,
  0x39C4,0x3183,0x3163,0x5AA8,0x62C8,0x62C9,0x3163,0x39C4,0x4A06,0x3163,0x2102,0x2102,
  0x2923,0x2922,0x2923,0x2923,0x2943,0x2943,0x20E3,0x2924,0x28E2,0x3100,0x8366,0x8384,
  0x8BC2,0x83A0,0x83A0,0x8BE2,0x8365,0x3921,0x2080,0x7325,0x8BE7,0x83A6,0x8C07,0x6AE4,
  0x3981,0x41C3,0x5225,0x5A66,0xFE67,0xFE67,0xFE67,0x5AC8,0x5AC8,0x5AA8,0x5AC9,0x5287,
  0x5247,0x5A87,0x49E4,0x3961,0x62A6,0x62C5,0x62A4,0x62A4,0x5A84,0x5A84,0x6284,0x62C4,
  0x5A84,0x5A85,0x5A86,0x3142,0x2902,0x2943,0x2923,0x20E2,0x2903,0x3143,0x39A4,0x2922,
  0x3142,0x39A3,0x39A2,0x3982,0x3161,0x3161,0x3962,0x3962,0x3142,0x39A3,0x4A05,0x5246,
  0x39C4,0x2902,0x18E1,0x2103,0x2102,0x2101,0x41C3,0x5A85,0x5224,0x62A6,0x5AA7,0x5246,
  0x4A05,0x3963,0x41C5,0x3983,0x3962,0x49E5,0x39A4,0x41C5,0x4A06,0x5226,0x5225,0x4A05,
  0x49C4,0x49E4,0x5226,0x5226,0x41C5,0x3163,0x5AA9,0x62C9,0x3123,0x5A88,0x6B0A,0x5AA9,
  0x6B0B,0x6B2B,0x62CA,0x3163,0x5266,0x7BAA,0x3981,0x5245,0x6AEA,0x6B2A,0x6B09,0x2900,
  0x41E1,0x6B45,0x6B05,0x18A0,0x2901,0x2921,0x41E2,0x7366,0x7345,0x41E2,0x3122,0x41A5,
  0x3163,0x3163,0x2943,0x2923,0x3143,0x3143,0x3143,0x3144,0x3164,0x3164,0x3144,0x2943,
  0x2923,0x2923,0x20E1,0x2943,0x2964,0x3164,0x20E2,0x20C1,0x5264,0x7B87,0x7BC6,0x7385,
  0x6B24,0x41E1,0x18A0,0x41C5,0x5A68,0x62C9,0x3982,0x41E3,0x4202,0x4A23,0x4202,0x5245,
  0x4A05,0x1880,0x62C9,0x83CD,0x49E5,0x2921,0x4A25,0x49E4,0x4A05,0x3142,0x4A05,0x7BAC,
  0x7B8C,0x7B6C,0x7B8C,0x83CD,0x7BAC,0x7BAC,0x83ED,0x41E5,0x2901,0x4A04,0x41C3,0x49E3,
  0x4A24,0x4A24,0x4A25,0x5246,0x3983,0x41C5,0x5247,0x5267,0x3984,0x20E1,0x41C4,0x41C3,
  0x7B4A,0x7B4A,0x7B4A,0x732A,0x7309,0x7309,0x732A,0x7B4A,0x732A,0x7309,0x7309,0x7309,
  0x6AC8,0x72E9,0x7B4A,0x5A47,0x5226,0x6AE9,0x732B,0x6288,0x28E1,0x18A0,0x3983,0x39A3,
  0x4A25,0x39C4,0x2942,0x5267,0x62E9,0x6B2A,0x41E5,0x3163,0x4A26,0x39C4,0x2902,0x20E1,
  0x2943,0x2923,0x2943,0x2943,0x2943,0x2123,0x2903,0x3164,0x20A1,0x41A1,0x83A6,0x83A3,
  0x8BC2,0x8BC0,0x8BE1,0x8C03,0x7B03,0x4140,0x62A2,0x8BE5,0x83A5,0x83A6,0x7B66,0x3961,
  0x3121,0x62C7,0x62C8,0x5A86,0x5A87,0x62E8,0x5AA8,0x5287,0x6309,0x5AC8,0x5A88,0x5267,
  0x5267,0x62C8,0x4A05,0x3982,0x6AE7,0x62C5,0x62E5,0x6AE5,0x62A4,0x62A5,0x62A4,0x62A4,
  0x5A84,0x62C6,0x5AA6,0x2922,0x2902,0x2903,0x20C2,0x2903,0x3144,0x3143,0x3984,0x2901,
  0x5245,0x6B28,0x6B07,0x62C6,0x5265,0x4A24,0x4A03,0x4A03,0x4A24,0x41C3,0x3162,0x39A4,
  0x4A26,0x4A47,0x4A26,0x4207,0x4206,0x3983,0x3162,0x3981,0x3161,0x41C2,0x3982,0x2921,
  0x28E1,0x2901,0x3984,0x3983,0x41A4,0x2902,0x2922,0x5226,0x5226,0x4A05,0x4A05,0x5225,
  0x4A05,0x49E4,0x5225,0x5226,0x49E5,0x3963,0x41C5,0x3984,0x18A1,0x39A4,0x62E9,0x6B0A,
  0x5AA8,0x5A88,0x41E6,0x2902,0x62E9,0x5245,0x3141,0x62C7,0x5247,0x3142,0x3141,0x39A1,
  0x62E5,0x6B46,0x5282,0x20E0,0x20C0,0x39A0,0x6B25,0x6B25,0x7367,0x41C2,0x20E1,0x3985,
  0x3144,0x3143,0x2943,0x2943,0x2943,0x3143,0x2923,0x3143,0x3143,0x3143,0x3143,0x2943,
  0x2943,0x2943,0x2943,0x2943,0x18C1,0x2101,0x18A0,0x4203,0x7BE8,0x6B24,0x7363,0x6B43,
  0x6B24,0x5263,0x39A2,0x2922,0x18A0,0x4A26,0x39A3,0x4A04,0x4A23,0x4A23,0x4A23,0x4A24,
  0x5266,0x20E1,0x4A06,0x7BAC,0x41C5,0x2921,0x5246,0x4A05,0x49E4,0x3162,0x3963,0x734B,
  0x7B8C,0x7BAC,0x83CD,0x83CD,0x83CD,0x7BAD,0x8C0E,0x4A06,0x2901,0x5245,0x41E3,0x41E3,
  0x49E3,0x4A03,0x49E4,0x4A05,0x3963,0x4A06,0x41E5,0x5247,0x39A4,0x20E1,0x41C4,0x41E4,
  0x7B4B,0x7B4B,0x734A,0x730A,0x6AE9,0x730A,0x7B6B,0x734A,0x730A,0x732A,0x732A,0x732A,
  0x7309,0x7309,0x730A,0x6AC9,0x730A,0x730A,0x6AC9,0x6AE9,0x3143,0x20C0,0x2901,0x39C4,
  0x4205,0x39A3,0x3183,0x4205,0x62E8,0x6309,0x5267,0x2101,0x39C4,0x41C5,0x2942,0x20E1,
  0x3163,0x2923,0x2943,0x2943,0x2122,0x20E2,0x3144,0x3984,0x3100,0x6AE4,0x8BC5,0x8BA3,
  0x8BA1,0x8BC1,0x8BE1,0x8BC2,0x72E2,0x6A81,0x8BC4,0x7B82,0x83C5,0x7325,0x5223,0x20C0,
  0x39A3,0x5A87,0x5266,0x62C7,0x5AA7,0x5A87,0x62E9,0x630A,0x62C9,0x5A87,0x5AA8,0x5AA8,
  0x5A87,0x5AA7,0x5246,0x41C3,0x62C6,0x5A84,0x62A4,0x62C5,0x5A84,0x62A4,0x62A4,0x5A83,
  0x62A5,0x6AE7,0x5A86,0x2901,0x2902,0x2923,0x2924,0x2924,0x2923,0x2923,0x3984,0x2901,
  0x5266,0x62C6,0x62C6,0x62C6,0x62E6,0x6B06,0x6B06,0x6B06,0x6B07,0x62C6,0x62C7,0x39A3,
  0x20C0,0x2902,0x3163,0x2943,0x39A4,0x41E4,0x49E4,0x4A04,0x4A03,0x4A03,0x41E3,0x41C4,
  0x41C4,0x3163,0x3963,0x41C4,0x5246,0x41C5,0x41C4,0x5247,0x5226,0x49E5,0x5205,0x49E5,
  0x5225,0x4A05,0x4A05,0x4A05,0x4A06,0x3984,0x20C1,0x3985,0x5248,0x2922,0x5266,0x7349,
  0x28E1,0x20E1,0x5AA9,0x20C2,0x20E2,0x41C5,0x5266,0x5AA8,0x39A4,0x62C8,0x62C7,0x7BA9,
  0x7BA9,0x6B47,0x6305,0x4A21,0x5282,0x6B45,0x73A7,0x6306,0x41E3,0x20E0,0x20C1,0x3964,
  0x2944,0x2944,0x2944,0x2944,0x2943,0x2923,0x2923,0x2943,0x2943,0x2943,0x2943,0x2943,
  0x2943,0x2943,0x2102,0x20E1,0x39C4,0x39C3,0x2100,0x5AA4,0x7366,0x7385,0x7BA5,0x7384,
  0x6B24,0x6B46,0x62E7,0x3162,0x3984,0x6B0A,0x41C4,0x39A2,0x4A23,0x4A23,0x4A23,0x4203,
  0x4A25,0x3142,0x3143,0x7B8C,0x5247,0x2922,0x4A05,0x4A25,0x4A04,0x39A3,0x2901,0x6B0A,
  0x7B8C,0x7BAC,0x736B,0x734B,0x83CD,0x83CD,0x83CD,0x41C5,0x3142,0x4A24,0x41E3,0x41E3,
  0x41E3,0x41E3,0x4A04,0x4A05,0x3122,0x5267,0x5247,0x5267,0x41C5,0x20A0,0x41C4,0x4A05,
  0x730A,0x730A,0x732A,0x6AE9,0x6B09,0x734A,0x7B6B,0x732A,0x6AE9,0x734A,0x732A,0x7309,
  0x732A,0x7B4B,0x7309,0x6AE9,0x732A,0x732A,0x730A,0x6AEA,0x49E5,0x2901,0x20A0,0x3983,
  0x41E4,0x39A4,0x39A4,0x39A3,0x5AA8,0x62E8,0x62C8,0x2921,0x3183,0x41E5,0x3163,0x2101,
  0x2943,0x2943,0x2923,0x2923,0x2943,0x2102,0x3144,0x3963,0x41A1,0x83C6,0x8BC3,0x8BA2,
  0x8BA1,0x8BA1,0x8381,0x8BA2,0x7B22,0x7B23,0x83A2,0x83A1,0x83A5,0x6AE5,0x3942,0x41A5,
  0x3143,0x5287,0x62E8,0x5AC7,0x5286,0x5246,0x3142,0x41E5,0x62C9,0x62E9,0x5AA8,0x5A88,
  0x5A88,0x5A87,0x4A25,0x39A2,0x5AA5,0x5A64,0x5A84,0x62A4,0x5A84,0x6284,0x6284,0x5A84,
  0x62A5,0x62C6,0x5245,0x20C0,0x2902,0x3164,0x3144,0x2944,0x2923,0x3143,0x3984,0x2901,
  0x4A25,0x6B07,0x62C5,0x62A5,0x62C4,0x62A4,0x5AA4,0x5A84,0x5AA4,0x6B06,0x6B28,0x3962,
  0x2901,0x3984,0x20E2,0x2923,0x20E1,0x2901,0x3962,0x3961,0x3981,0x41C2,0x41C3,0x41C3,
  0x41E4,0x41E5,0x5226,0x5246,0x49E5,0x5A67,0x5247,0x5246,0x5246,0x4A05,0x5A66,0x4A05,
  0x5225,0x5225,0x4A05,0x4A05,0x5226,0x5226,0x49E5,0x5247,0x4A07,0x3142,0x4A04,0x2901,
  0x39A2,0x3983,0x5247,0x4A07,0x5228,0x6AEA,0x6B0A,0x49E5,0x2902,0x62E8,0x6307,0x5265,
  0x41E3,0x4204,0x6B27,0x7386,0x7385,0x73A5,0x6B46,0x39A2,0x1880,0x2922,0x3984,0x2903,
  0x2944,0x2923,0x2943,0x2944,0x2943,0x2923,0x2923,0x2943,0x2943,0x2943,0x2943,0x2943,
  0x2943,0x2943,0x2922,0x41E4,0x4A25,0x2100,0x39A1,0x6B26,0x7366,0x6B45,0x5AC3,0x5282,
  0x39C0,0x39A1,0x3161,0x3161,0x5266,0x62E9,0x41E4,0x39A2,0x5264,0x4A44,0x4A23,0x4A24,
  0x5245,0x3983,0x2922,0x7B8C,0x62E9,0x20E1,0x41C4,0x4A04,0x4A04,0x41C4,0x2901,0x6B09,
  0x7B8C,0x734B,0x41E5,0x39A4,0x5AA8,0x7BAC,0x7BCD,0x3163,0x2901,0x4A04,0x49E3,0x49E3,
  0x4A04,0x4A04,0x4A25,0x4A25,0x3163,0x62C9,0x5AA9,0x5A88,0x41E5,0x20C0,0x39A3,0x49E5,
  0x734B,0x734B,0x734B,0x734B,0x732A,0x734A,0x6AE9,0x3983,0x3983,0x6288,0x5A67,0x49E5,
  0x49E5,0x5205,0x5226,0x7309,0x730A,0x6AE9,0x732A,0x6AE9,0x5A87,0x28E1,0x20C1,0x2922,
  0x3983,0x4205,0x39C4,0x3983,0x5AC8,0x6309,0x62E8,0x39C4,0x39A3,0x4A46,0x39A4,0x2101,
  0x2102,0x3164,0x2923,0x2943,0x2963,0x2943,0x3143,0x3141,0x5A83,0x83A4,0x8381,0x8BA1,
  0x8BC2,0x8BA2,0x8361,0x8382,0x8383,0x8383,0x8381,0x8BC3,0x83A6,0x49C3,0x3943,0x3964,
  0x39C5,0x52A7,0x52A6,0x62E8,0x5AC8,0x41E5,0x3123,0x3143,0x3163,0x5AC8,0x6B2A,0x62E9,
  0x62E9,0x5A87,0x41E4,0x3982,0x62C6,0x5A84,0x5A84,0x62C4,0x62A4,0x62A5,0x62A4,0x62A4,
  0x5A84,0x62C6,0x4A25,0x20C0,0x2923,0x3144,0x2923,0x2944,0x2943,0x3143,0x3143,0x2922,
  0x4A25,0x6AE6,0x62C5,0x62C5,0x62E5,0x62C4,0x62C4,0x62E4,0x62C4,0x62C5,0x5AA6,0x2901,
  0x20C1,0x3143,0x3164,0x3164,0x3163,0x4A25,0x6B08,0x62A5,0x5A44,0x4A03,0x39A2,0x3982,
  0x20E0,0x20E1,0x3122,0x3963,0x5A67,0x4A06,0x3963,0x5226,0x5A67,0x49E5,0x5225,0x5246,
  0x5225,0x5246,0x49E4,0x49E5,0x4A05,0x4A06,0x5226,0x4A06,0x5227,0x41C4,0x2900,0x4A22,
  0x83EA,0x5245,0x3143,0x6B0B,0x6AEB,0x62A9,0x6B0A,0x3984,0x2922,0x2901,0x20E0,0x18C0,
  0x20E1,0x2101,0x41E3,0x6B26,0x6325,0x6304,0x39C2,0x1880,0x3984,0x3164,0x2923,0x3143,
  0x3143,0x2943,0x2943,0x2963,0x2943,0x2923,0x2943,0x2943,0x2943,0x2943,0x2943,0x2943,
  0x2943,0x2922,0x3983,0x41E3,0x20E0,0x2941,0x7368,0x7B88,0x4A43,0x2940,0x2920,0x2100,
  0x3161,0x39C3,0x41C3,0x3181,0x4A45,0x5AA8,0x5246,0x3162,0x4203,0x41E3,0x4A24,0x4A24,
  0x5266,0x41C4,0x3984,0x7BAC,0x6B0A,0x2901,0x39A3,0x4A04,0x4A04,0x41C4,0x3142,0x734A,
  0x7B8C,0x734B,0x5247,0x41E6,0x5268,0x7BAC,0x8C0E,0x39A4,0x2921,0x4A25,0x4A04,0x4A04,
  0x4A04,0x4A24,0x49E4,0x41A3,0x3963,0x62E9,0x5247,0x5A88,0x4A05,0x2922,0x39C4,0x41E5,
  0x734B,0x734B,0x734A,0x7B6B,0x6AE9,0x3984,0x28E1,0x3142,0x3122,0x28C1,0x28E1,0x3122,
  0x3102,0x28C0,0x2060,0x51E5,0x7B4A,0x730A,0x6AC9,0x6B09,0x6AC9,0x3143,0x2922,0x2922,
  0x20E1,0x4205,0x39A4,0x3983,0x5AA7,0x6B29,0x62C8,0x4A46,0x3983,0x5287,0x41E4,0x2902,
  0x20E1,0x3164,0x2943,0x2943,0x2922,0x2943,0x3123,0x3962,0x7B45,0x83A3,0x83A0,0x8BA0,
  0x8BA1,0x8BA2,0x8382,0x8382,0x8382,0x8BE4,0x83A3,0x8BA5,0x6264,0x20A0,0x4185,0x3985,
  0x39A4,0x52A7,0x5AC7,0x5287,0x5AA8,0x4A27,0x2902,0x4A06,0x41C4,0x4A05,0x41E5,0x2942,
  0x4A06,0x62C8,0x41E4,0x3981,0x62C6,0x5A84,0x5A84,0x62A4,0x62A4,0x62A4,0x6284,0x5AA4,
  0x5A64,0x62A6,0x4A25,0x20E1,0x2923,0x2944,0x3164,0x3144,0x2923,0x2923,0x3142,0x3142,
  0x49E4,0x62C6,0x62C5,0x6AE5,0x6AE5,0x62C4,0x5AA3,0x62A3,0x62C4,0x6B06,0x5A85,0x2901,
  0x2922,0x2923,0x2903,0x2923,0x2922,0x4A04,0x62C6,0x62C6,0x7327,0x6AE6,0x62A6,0x5A86,
  0x3162,0x41C5,0x5247,0x3963,0x3142,0x3963,0x28C1,0x41C4,0x5A67,0x4A05,0x49E4,0x4A05,
  0x49E4,0x5246,0x41C4,0x4A05,0x5225,0x5226,0x49E5,0x49E6,0x4A06,0x3141,0x5263,0x7BC7,
  0x7366,0x5285,0x4A05,0x6B0B,0x62AA,0x732B,0x5227,0x3122,0x5245,0x41E4,0x2100,0x39A3,
  0x3163,0x3143,0x18A0,0x2100,0x5AA4,0x52A4,0x2100,0x3142,0x39A5,0x2924,0x2903,0x3143,
  0x3163,0x2942,0x2942,0x3163,0x3163,0x2943,0x2943,0x2943,0x2943,0x2943,0x2922,0x3143,
  0x2943,0x2901,0x2920,0x2900,0x41E2,0x7367,0x6B47,0x41C2,0x20E0,0x3982,0x4A05,0x41E5,
  0x41C4,0x39C3,0x41C3,0x2100,0x41C3,0x5A88,0x5A87,0x3182,0x4A24,0x4A44,0x4A24,0x41E3,
  0x4A25,0x39C4,0x3142,0x7B8C,0x736B,0x3163,0x3162,0x5225,0x4A04,0x39C3,0x3142,0x734A,
  0x7BAC,0x7B8C,0x7B8C,0x7BAC,0x736C,0x7B8C,0x83CD,0x39A4,0x2942,0x4A25,0x4A03,0x41E3,
  0x4A03,0x4A03,0x41C3,0x3142,0x2922,0x62E9,0x4A27,0x5A88,0x39A4,0x3163,0x5246,0x41E4,
  0x734B,0x732A,0x734B,0x62C9,0x3963,0x3102,0x49C5,0x5226,0x4184,0x49E5,0x41A4,0x3122,
  0x4184,0x3963,0x4163,0x4184,0x72E9,0x732A,0x6AC9,0x730A,0x732A,0x41A4,0x28E1,0x3142,
  0x2101,0x41E5,0x41E5,0x3983,0x39A3,0x62E8,0x62E8,0x5286,0x2942,0x4205,0x41C4,0x3163,
  0x18A0,0x3164,0x3164,0x2102,0x2922,0x2922,0x2902,0x5A65,0x8BE7,0x8BC3,0x8BC1,0x8BA0,
  0x8B81,0x8B82,0x8362,0x8BC3,0x8362,0x83A3,0x8BC6,0x6AC5,0x3921,0x28A1,0x3944,0x3985,
  0x3183,0x5AC7,0x5AC7,0x5AA8,0x5288,0x4A06,0x2903,0x3984,0x3163,0x4205,0x3163,0x20E1,
  0x3984,0x5AA7,0x3121,0x41C3,0x62C6,0x5A84,0x62A4,0x62C5,0x62A4,0x62A4,0x62A4,0x62A5,
  0x5A85,0x62C6,0x39A3,0x20C1,0x3143,0x2944,0x2924,0x2944,0x3144,0x2902,0x3143,0x2921,
  0x41C3,0x6AC6,0x62C5,0x62C4,0x62C4,0x62A3,0x62A3,0x5A83,0x62A4,0x6AE6,0x5A86,0x2901,
  0x2923,0x3165,0x2924,0x3143,0x2942,0x4A04,0x6AE7,0x62A5,0x62C5,0x62C5,0x62C6,0x62C7,
  0x41E4,0x41C4,0x6B2A,0x5226,0x5226,0x6AE9,0x5A47,0x28E1,0x5246,0x4A06,0x4A05,0x5225,
  0x4A05,0x4A05,0x49E5,0x41C4,0x49E5,0x4A05,0x4A05,0x5A67,0x3142,0x41E2,0x7BC8,0x6B45,
  0x6304,0x62E6,0x4A25,0x734B,0x4A07,0x62A9,0x41C5,0x3142,0x3162,0x39A2,0x3142,0x3983,
  0x2923,0x4A06,0x3164,0x18C0,0x39A3,0x4204,0x2101,0x39A4,0x3144,0x2923,0x3144,0x3143,
  0x3161,0x18E0,0x2100,0x2121,0x3183,0x3183,0x3184,0x2963,0x2923,0x3164,0x2122,0x3163,
  0x2922,0x20E0,0x4202,0x62E4,0x7BA7,0x7BA7,0x5AC3,0x39A1,0x3161,0x2920,0x2942,0x39A4,
  0x41E5,0x4A26,0x4A05,0x3141,0x41C4,0x5AA8,0x62E8,0x41E4,0x41C3,0x4A04,0x4204,0x4204,
  0x41E4,0x41C4,0x2101,0x6B2A,0x7B8B,0x41C5,0x3162,0x4A04,0x41C3,0x41E4,0x2921,0x6B09,
  0x7B8C,0x83CD,0x7B8C,0x7BAC,0x83ED,0x736B,0x83ED,0x41E5,0x2901,0x4A24,0x49E3,0x41C3,
  0x41E3,0x41E3,0x49E4,0x3162,0x3142,0x62C9,0x5247,0x5A88,0x41C5,0x3142,0x41E5,0x41E4,
  0x7B6B,0x732A,0x6288,0x28E1,0x3963,0x4A06,0x3984,0x3963,0x5226,0x3142,0x28C1,0x6AC9,
  0x6AC8,0x5A67,0x732A,0x7B2A,0x7309,0x730A,0x730A,0x7309,0x732A,0x49E5,0x20C1,0x3143,
  0x20E1,0x2922,0x41C4,0x39A4,0x2942,0x6309,0x736A,0x5286,0x2941,0x3183,0x39C4,0x39A4,
  0x20E1,0x2943,0x2943,0x2103,0x2922,0x2923,0x2901,0x6AE6,0x8BE6,0x8BC2,0x8BC0,0x8BC1,
  0x8BA1,0x8B82,0x8362,0x8BA2,0x7B62,0x8363,0x8388,0x49C4,0x28C1,0x28E2,0x3965,0x3164,
  0x39A4,0x6309,0x52A7,0x52A8,0x5268,0x4A07,0x3123,0x28E1,0x5246,0x5AC8,0x41C5,0x41E5,
  0x5AA8,0x5AA8,0x41A3,0x49E3,0x62C6,0x62A5,0x62A4,0x62A4,0x6284,0x62A4,0x62A5,0x62A5,
  0x62A5,0x62C7,0x3983,0x20E1,0x3144,0x2924,0x2924,0x2924,0x2944,0x2922,0x3163,0x2921,
  0x41E4,0x6AC6,0x62C5,0x62C5,0x62C4,0x62C4,0x62C4,0x62C4,0x62A4,0x62C6,0x4A04,0x20C0,
  0x3143,0x3145,0x2924,0x3164,0x3162,0x4A24,0x6B07,0x62A5,0x6AC5,0x62C5,0x62C5,0x62C7,
  0x5245,0x3983,0x4A05,0x3122,0x62A8,0x62C9,0x6AE9,0x3122,0x41A4,0x5247,0x5226,0x5246,
  0x5226,0x4A05,0x4A05,0x41C4,0x4A05,0x5225,0x5A67,0x5226,0x2921,0x5243,0x7386,0x6303,
  0x7365,0x4A22,0x5225,0x62A9,0x20C2,0x3984,0x49E5,0x3983,0x3982,0x5245,0x4A45,0x2942,
  0x18C1,0x39A5,0x3985,0x20E2,0x41E6,0x3984,0x2922,0x3163,0x2922,0x3163,0x3163,0x2101,
  0x18C0,0x2940,0x3161,0x20E0,0x2101,0x2922,0x2943,0x3184,0x2102,0x2963,0x39A4,0x20E1,
  0x20C0,0x4A44,0x7367,0x7BA6,0x7344,0x6303,0x6B24,0x6304,0x5AA3,0x4203,0x39C3,0x20C0,
  0x2902,0x41C4,0x5267,0x39A3,0x3983,0x62E9,0x6B29,0x5AA7,0x2941,0x41E4,0x4A04,0x41C3,
  0x4204,0x4A04,0x2901,0x6B2A,0x83ED,0x4A05,0x3983,0x4A04,0x4A04,0x4A04,0x2921,0x6B29,
  0x736B,0x7B8C,0x7BAD,0x736C,0x6B2B,0x734B,0x83CD,0x4A26,0x2922,0x4A04,0x49E3,0x41E3,
  0x41E3,0x49E3,0x4A24,0x39A3,0x3163,0x62C9,0x5267,0x5AA8,0x39A4,0x2901,0x39C4,0x4A05,
  0x732A,0x6AE9,0x3983,0x49C5,0x5226,0x3102,0x3143,0x3122,0x3122,0x3963,0x6288,0x7B6B,
  0x6AE9,0x730A,0x72E9,0x6AE9,0x6AE9,0x730A,0x6AE9,0x6B09,0x732A,0x5247,0x18A0,0x2923,
  0x2922,0x20C1,0x20C1,0x3983,0x39A4,0x5AA7,0x6B29,0x5AC7,0x2100,0x39A3,0x4205,0x41E5,
  0x20E1,0x2102,0x2923,0x2923,0x2903,0x2902,0x2901,0x7306,0x8BE6,0x83A2,0x8BC0,0x8BC1,
  0x8BA1,0x8B82,0x8B82,0x8BA2,0x8383,0x8BA5,0x6AC7,0x20A1,0x28E2,0x2903,0x3984,0x3984,
  0x3163,0x5AC8,0x5287,0x5AA8,0x5268,0x4A27,0x41A5,0x4A06,0x62E9,0x5AA8,0x5AC8,0x62E9,
  0x62E9,0x5A67,0x39A3,0x41C3,0x62C6,0x5AA5,0x5AA4,0x5A84,0x5A63,0x6284,0x62A4,0x5AA4,
  0x62A5,0x5A86,0x2921,0x20E1,0x3164,0x2924,0x2944,0x2944,0x2944,0x2943,0x3163,0x2921,
  0x4A04,0x6AE6,0x6AE5,0x6AE5,0x6AE5,0x6AE5,0x62C4,0x62C5,0x5A84,0x5AA5,0x39A3,0x20C0,
  0x3164,0x3124,0x2924,0x3163,0x3141,0x5224,0x6B07,0x62C4,0x62C4,0x62C5,0x62C5,0x62C7,
  0x4A25,0x3162,0x5A87,0x49E5,0x5A67,0x62A8,0x5A88,0x5226,0x3143,0x5A67,0x41A4,0x20E1,
  0x4A26,0x5A87,0x41E5,0x4A25,0x4A05,0x5266,0x5225,0x5225,0x3121,0x5AA5,0x7BA7,0x6B24,
  0x6B45,0x3160,0x3982,0x41A4,0x41A4,0x3143,0x3121,0x4A04,0x5A66,0x5246,0x4A46,0x2902,
  0x18A1,0x3164,0x3985,0x2903,0x41E6,0x2922,0x20E1,0x3183,0x39C4,0x3183,0x18C0,0x18C0,
  0x39A2,0x62E5,0x5AA5,0x5285,0x5287,0x2101,0x1080,0x2943,0x3184,0x3163,0x2101,0x18C0,
  0x39C3,0x6B07,0x7366,0x7364,0x7343,0x7343,0x6B63,0x6323,0x6B45,0x7367,0x7368,0x4A45,
  0x2101,0x3162,0x4A25,0x39C4,0x3163,0x5246,0x6B09,0x6B29,0x2941,0x39C3,0x4A25,0x4204,
  0x4A04,0x4204,0x2901,0x6B2A,0x736B,0x3163,0x3983,0x4A24,0x4A45,0x4A25,0x2941,0x734A,
  0x736B,0x736B,0x7B8C,0x6B2A,0x5AA8,0x6B0A,0x7BAC,0x4A26,0x3983,0x4A25,0x4A03,0x41C3,
  0x41E3,0x41C3,0x41E4,0x3162,0x3142,0x5A88,0x5247,0x62C9,0x41C4,0x2922,0x41C4,0x41C4,
  0x7B4B,0x6288,0x28E1,0x41A4,0x3122,0x3983,0x6AE9,0x5A67,0x5A47,0x7309,0x7B4B,0x6AC8,
  0x6AE9,0x7309,0x6AC9,0x6AE9,0x6AC9,0x6AE9,0x62A8,0x6AE9,0x730A,0x62C9,0x2902,0x20E1,
  0x3143,0x2922,0x2902,0x2902,0x2902,0x5AA8,0x734A,0x5287,0x3182,0x39A3,0x41E5,0x41E5,
  0x20E1,0x20E1,0x2943,0x2943,0x2943,0x2902,0x2901,0x5A63,0x8BE6,0x8BA3,0x8BA1,0x8BA1,
  0x8BA1,0x8B81,0x8381,0x8382,0x83A3,0x8BC7,0x5A45,0x1861,0x3124,0x20C1,0x2922,0x39A4,
  0x3163,0x5AA8,0x62E9,0x5AA9,0x62C9,0x62C9,0x5267,0x5A88,0x62E9,0x5AA8,0x5AA8,0x5A88,
  0x5267,0x5AA7,0x39A3,0x41A2,0x62E6,0x5A84,0x62A4,0x6284,0x5A84,0x5A84,0x62A4,0x62C5,
  0x62E6,0x5A86,0x2901,0x20E1,0x3164,0x2924,0x3164,0x3164,0x2944,0x2943,0x3183,0x2921,
  0x4A04,0x6AE6,0x6AE5,0x6AE5,0x6AE5,0x6AC5,0x62C4,0x62A4,0x5A85,0x5AA6,0x3962,0x20E1,
  0x3984,0x2924,0x3144,0x3143,0x2921,0x5245,0x6B06,0x6AC5,0x62A4,0x62C4,0x62A5,0x62E7,
  0x4A04,0x3163,0x62C9,0x62C9,0x5A88,0x62C9,0x62A8,0x62A9,0x3123,0x41E5,0x3142,0x3143,
  0x39A4,0x41C4,0x3142,0x3983,0x5267,0x4A25,0x4A25,0x5A87,0x3141,0x5244,0x6B25,0x6B45,
  0x5AA3,0x41E2,0x5225,0x3984,0x5246,0x41C4,0x3962,0x5245,0x5225,0x49E4,0x4A25,0x2922,
  0x20E1,0x39A5,0x3143,0x20C0,0x3142,0x3162,0x20C0,0x18C0,0x20E1,0x18C0,0x2920,0x5AA5,
  0x7387,0x6305,0x6B27,0x6B28,0x4A25,0x2922,0x2103,0x3164,0x3164,0x2922,0x2900,0x4A03,
  0x6B47,0x6B46,0x7344,0x7BA4,0x7BA4,0x7364,0x7385,0x7365,0x5AE3,0x52A3,0x4202,0x5AC6,
  0x4A45,0x2921,0x3182,0x4A05,0x3983,0x3163,0x5AA7,0x5AC8,0x41C4,0x2941,0x4A25,0x4A24,
  0x41E4,0x41E3,0x2921,0x6B09,0x6B2A,0x2922,0x3983,0x5245,0x5245,0x4A25,0x2921,0x734A,
  0x7B8B,0x7B8C,0x7BAC,0x7BAC,0x736B,0x736C,0x83ED,0x41C5,0x3142,0x5245,0x4A04,0x41C3,
  0x4A03,0x4A04,0x4A04,0x3983,0x39A4,0x5A88,0x5247,0x62C9,0x41C5,0x2922,0x41C4,0x3182,
  0x732A,0x72E9,0x4163,0x3922,0x5A67,0x732A,0x7309,0x7B4B,0x7B4B,0x732A,0x72E9,0x7309,
  0x6AE9,0x72E9,0x732A,0x7B4B,0x730A,0x7309,0x6AE9,0x6AC9,0x6B0A,0x734B,0x41C5,0x20C1,
  0x2923,0x2923,0x3123,0x2902,0x20E1,0x5267,0x734B,0x5AA7,0x3162,0x3983,0x39C4,0x41E4,
  0x2102,0x20E2,0x3164,0x2923,0x2944,0x2902,0x28E1,0x41A1,0x83A5,0x83A3,0x8381,0x8BA1,
  0x8B81,0x8380,0x8380,0x8381,0x83A4,0x8BE8,0x49E4,0x18A1,0x3163,0x2101,0x2922,0x3163,
  0x3984,0x5248,0x62EA,0x62C9,0x62E9,0x5A87,0x5267,0x62C9,0x5A88,0x5AA8,0x62C9,0x62E9,
  0x5267,0x5267,0x3162,0x41C3,0x62E6,0x5A84,0x62A4,0x62A4,0x62A4,0x5A84,0x5A64,0x5264,
  0x62C6,0x5A86,0x2901,0x2902,0x3164,0x2923,0x3164,0x3164,0x2923,0x2943,0x3163,0x2101,
  0x4A04,0x62C5,0x6AE5,0x6AE5,0x6AE5,0x6AE5,0x62C4,0x62A4,0x5AA5,0x5A86,0x3162,0x2901,
  0x3184,0x2923,0x3144,0x3163,0x3141,0x62C6,0x6AE6,0x6AE4,0x62A4,0x62C4,0x62C5,0x62E7,
  0x4A25,0x41E4,0x62C8,0x62C8,0x6B09,0x6AE9,0x6AEA,0x62E9,0x3143,0x2922,0x39A4,0x5AC9,
  0x20E1,0x3143,0x39C4,0x2901,0x4A05,0x5246,0x49E5,0x5225,0x3141,0x4A03,0x7347,0x7BA7,
  0x4A02,0x4A23,0x5A86,0x5226,0x5A47,0x62A7,0x5A66,0x5245,0x49E4,0x5246,0x5246,0x2922,
  0x20E1,0x3163,0x1880,0x2941,0x5264,0x5AA4,0x4A43,0x31A1,0x3181,0x4A44,0x6307,0x7347,
  0x6B05,0x7346,0x7368,0x4A04,0x18C0,0x3143,0x39A5,0x3164,0x2943,0x2941,0x2940,0x5AA4,
  0x7386,0x7365,0x7B84,0x7BA4,0x7364,0x6B03,0x62E3,0x4A41,0x20E0,0x18C0,0x3180,0x39C2,
  0x3161,0x2100,0x2961,0x4A45,0x41E5,0x3983,0x5267,0x5246,0x5266,0x20E0,0x4204,0x4A24,
  0x39C3,0x4A04,0x2921,0x5A87,0x732A,0x3143,0x3162,0x5224,0x4A24,0x4204,0x2900,0x6B09,
  0x7B8B,0x7B8C,0x7B8C,0x7BAD,0x83CD,0x7B8C,0x83EE,0x39A4,0x3142,0x4A25,0x41E3,0x41C3,
  0x4A03,0x4A24,0x4A25,0x3983,0x41E5,0x5AA8,0x5247,0x5AA8,0x41C5,0x3142,0x41C4,0x39A3,
  0x7B4A,0x6AA8,0x72E9,0x7309,0x7B6B,0x7B6B,0x6AA8,0x51E5,0x62A8,0x732A,0x6AE9,0x6AC9,
  0x730A,0x730A,0x6AE9,0x7309,0x7B2A,0x732A,0x7309,0x6AE9,0x730A,0x7B6B,0x5A88,0x20E2,
  0x20E2,0x2903,0x2923,0x3144,0x2923,0x20E2,0x3984,0x5AA8,0x2921,0x39C4,0x41C4,0x41E5,
  0x2922,0x2102,0x3164,0x2103,0x2103,0x2923,0x20E0,0x3980,0x7B64,0x8383,0x8361,0x8361,
  0x8B81,0x8B80,0x8BC1,0x83A1,0x8BC5,0x8BE9,0x3982,0x18E1,0x2962,0x2962,0x3163,0x3163,
  0x3965,0x5A8A,0x5A68,0x3984,0x39A3,0x5A86,0x6309,0x5247,0x5247,0x6309,0x5AA8,0x5A88,
  0x5AA8,0x5AA8,0x3142,0x41C3,0x62C6,0x5A84,0x62A4,0x62A4,0x6284,0x6284,0x5A64,0x4A02,
  0x5A65,0x5245,0x20E0,0x2902,0x3164,0x2944,0x2944,0x2944,0x2923,0x2943,0x3163,0x20E0,
  0x4A24,0x6B05,0x6B05,0x6B05,0x6B05,0x6AE5,0x62C4,0x62C5,0x62C5,0x5A85,0x3141,0x2921,
  0x3184,0x2943,0x2943,0x3163,0x3982,0x6B07,0x6AE6,0x62C4,0x62A3,0x62C4,0x62C5,0x62C6,
  0x4A04,0x4A05,0x62C8,0x5A88,0x62A8,0x62C9,0x5A88,0x732B,0x3984,0x2902,0x5A88,0x5AC9,
  0x41E5,0x62E9,0x6309,0x39C4,0x2922,0x5246,0x5246,0x5225,0x2901,0x39A2,0x6B26,0x6B06,
  0x39A1,0x5A65,0x5226,0x41A4,0x3983,0x3983,0x49E4,0x5245,0x4A05,0x4A26,0x5246,0x3142,
  0x20C1,0x20E1,0x3141,0x5AC5,0x7BC7,0x6324,0x6B45,0x6325,0x6B46,0x7BC9,0x7BC9,0x6B26,
  0x6B25,0x7366,0x3981,0x18A0,0x2922,0x3985,0x2924,0x2903,0x3184,0x2942,0x2920,0x5262,
  0x6B23,0x7384,0x7BA4,0x7B84,0x7B64,0x7B87,0x7368,0x5AA6,0x4A45,0x41E4,0x2100,0x2941,
  0x4204,0x2940,0x2961,0x39C3,0x41E4,0x41E5,0x5267,0x5267,0x5AA7,0x3162,0x41C4,0x4A25,
  0x39C3,0x4A24,0x2921,0x5246,0x736B,0x3163,0x2922,0x4A24,0x4203,0x41E3,0x2921,0x62C8,
  0x7BAC,0x83CC,0x83EE,0x83CD,0x83CD,0x7B8C,0x7BCD,0x39A4,0x2901,0x5225,0x4A04,0x4A03,
  0x4A24,0x4A24,0x4A25,0x39A3,0x39A4,0x5AA8,0x5247,0x5A88,0x39A4,0x3163,0x41E4,0x41C4,
  0x732A,0x732A,0x730A,0x7B2A,0x7B2A,0x730A,0x72E9,0x3102,0x62A8,0x730A,0x732A,0x730A,
  0x732A,0x730A,0x730A,0x72E9,0x730A,0x6AC9,0x730A,0x732A,0x732A,0x732A,0x62C9,0x2923,
  0x20E2,0x2902,0x2903,0x2944,0x3143,0x2943,0x1080,0x2942,0x2101,0x39C4,0x39C4,0x39C5,
  0x2102,0x20E1,0x3164,0x2103,0x2103,0x3143,0x2901,0x49E1,0x7B44,0x8383,0x8382,0x8362,
  0x8B82,0x8BA1,0x8BC1,0x8381,0x83A5,0x8388,0x2921,0x2122,0x2941,0x2101,0x3163,0x3964,
  0x41A6,0x62AA,0x4A07,0x3142,0x2921,0x5245,0x62E8,0x3984,0x2902,0x4A47,0x6B0A,0x62C9,
  0x62E9,0x62C8,0x3162,0x41E3,0x62E6,0x62A5,0x62C5,0x62C4,0x62A4,0x62A5,0x62C5,0x62A5,
  0x62C6,0x5A86,0x20E0,0x2902,0x3164,0x3164,0x2944,0x2964,0x2923,0x2943,0x3163,0x20E1,
  0x4A45,0x6B26,0x6B05,0x6B05,0x62E4,0x62C4,0x62A4,0x5A84,0x62C6,0x5245,0x2921,0x2902,
  0x3163,0x2943,0x2943,0x3142,0x39A2,0x6B07,0x62C5,0x62A4,0x6AC4,0x62C4,0x6B06,0x62E6,
  0x4A04,0x3983,0x5AA8,0x62A8,0x62A8,0x62E9,0x5AA9,0x6B0A,0x4A06,0x3164,0x6B0A,0x62E9,
  0x630A,0x5A88,0x630A,0x62E9,0x39A3,0x20E0,0x41C4,0x41E4,0x2901,0x41E3,0x7347,0x5AA4,
  0x3160,0x41A2,0x28E0,0x20C0,0x39A2,0x2921,0x28E0,0x3121,0x4A06,0x5247,0x5246,0x3163,
  0x20C1,0x3122,0x62E7,0x7387,0x5AC3,0x6B44,0x6B24,0x7366,0x62C5,0x39C1,0x41E1,0x62E5,
  0x7387,0x4A03,0x20C0,0x2942,0x3163,0x3144,0x3144,0x3143,0x3142,0x20E0,0x41E1,0x7385,
  0x7364,0x7383,0x7BA5,0x7324,0x5242,0x41C1,0x41C3,0x41A3,0x3963,0x3142,0x20C0,0x39C3,
  0x4204,0x41E3,0x41E3,0x3982,0x41E4,0x41C4,0x4A26,0x62C8,0x5AA8,0x41E4,0x39A3,0x4A45,
  0x41C3,0x41E3,0x3141,0x5266,0x7B8B,0x39A4,0x3142,0x4A45,0x4A04,0x4A04,0x3141,0x62C8,
  0x83ED,0x7BAC,0x6B2A,0x6B0A,0x736B,0x7BAD,0x83CD,0x41E5,0x18C0,0x41C3,0x41E3,0x41E3,
  0x41E3,0x41E3,0x49E4,0x3983,0x3983,0x5A88,0x5247,0x5267,0x3984,0x3163,0x41C4,0x39C4,
  0x732A,0x7309,0x6AE9,0x6AE9,0x730A,0x730A,0x6AC9,0x730A,0x730A,0x6AE9,0x6AEA,0x730A,
  0x732A,0x732A,0x6AE9,0x6AC9,0x730A,0x6AE9,0x730A,0x730A,0x7B4B,0x732A,0x6AEA,0x3163,
  0x18A0,0x3164,0x2903,0x2923,0x2943,0x3164,0x3184,0x2922,0x18C1,0x2943,0x3163,0x2922,
  0x20E1,0x20E2,0x2923,0x2103,0x2103,0x2922,0x2901,0x41C2,0x7B86,0x8384,0x8362,0x8364,
  0x8B64,0x8B84,0x8B83,0x8361,0x8365,0x6AC7,0x28E1,0x2102,0x3143,0x20E2,0x3164,0x3164,
  0x41C5,0x62A9,0x41C5,0x3143,0x39A4,0x3143,0x3143,0x2923,0x3143,0x4A26,0x5AA9,0x5AA8,
  0x5226,0x5A67,0x3121,0x5A65,0x62C6,0x62C5,0x62C5,0x62C5,0x6AE5,0x62C5,0x62C5,0x62C5,
  0x5A85,0x5A86,0x2921,0x20E1,0x3985,0x2944,0x2923,0x2943,0x2943,0x2102,0x3163,0x2942,
  0x4A25,0x7327,0x6AE5,0x6AE5,0x6AE4,0x62C3,0x6AC4,0x5A84,0x62A5,0x5245,0x20E1,0x2943,
  0x2923,0x2924,0x3143,0x20C0,0x39A2,0x6AE7,0x62E5,0x6B05,0x6AC4,0x6AC5,0x62C5,0x6B07,
  0x4A04,0x3983,0x62A8,0x5A68,0x62C9,0x5A88,0x62C9,0x62C9,0x5267,0x4A26,0x3984,0x62A9,
  0x6AEA,0x5A68,0x5AA9,0x41C5,0x2921,0x3161,0x3161,0x18A0,0x3982,0x6B27,0x6B26,0x62E5,
  0x41E0,0x3180,0x5242,0x7347,0x7348,0x6B28,0x41C3,0x2901,0x5226,0x5247,0x4A06,0x2922,
  0x20C1,0x2921,0x2900,0x5283,0x6B25,0x6B25,0x7346,0x62E5,0x18A0,0x20E0,0x28E0,0x4A24,
  0x62E8,0x20C0,0x2902,0x41C5,0x3164,0x3143,0x3163,0x3142,0x20E0,0x2920,0x6B45,0x7BA6,
  0x7364,0x7364,0x6B25,0x2920,0x18A0,0x3161,0x20E0,0x20E0,0x2921,0x3162,0x4A24,0x4A45,
  0x41E4,0x39A3,0x3983,0x39C3,0x5266,0x4A25,0x3983,0x5AA8,0x62E9,0x3983,0x41C3,0x4A04,
  0x39A3,0x41E3,0x3162,0x39A3,0x7B8C,0x39A4,0x3163,0x4A45,0x4203,0x5245,0x3141,0x5266,
  0x5A87,0x5246,0x4A05,0x39A4,0x3984,0x5AA8,0x83CC,0x5267,0x18A0,0x39A3,0x41E4,0x41E4,
  0x4A04,0x41C3,0x41E4,0x3163,0x39A4,0x5247,0x5247,0x5A88,0x3163,0x3983,0x3983,0x3983,
  0x6AE9,0x7329,0x7B6B,0x7309,0x6AC9,0x732A,0x838C,0x5A47,0x5A68,0x6288,0x49C5,0x732B,
  0x7B4B,0x734B,0x6AC9,0x734B,0x6AC9,0x6AC9,0x7B4B,0x5A47,0x3964,0x6B0A,0x734B,0x3963,
  0x20C1,0x3164,0x2943,0x2944,0x2923,0x2103,0x2923,0x3163,0x3163,0x20E1,0x20E1,0x20E1,
  0x20E2,0x20E2,0x2102,0x2923,0x2923,0x2923,0x2901,0x3961,0x7325,0x83A4,0x8382,0x8B84,
  0x8B85,0x8B85,0x8B83,0x8361,0x8385,0x72E8,0x28E1,0x2102,0x3164,0x20E2,0x2923,0x2943,
  0x41E5,0x5AC9,0x39A4,0x3143,0x49E6,0x3984,0x20C1,0x4A06,0x5A88,0x62C9,0x2902,0x41C5,
  0x62C9,0x4A05,0x3141,0x5A85,0x62C6,0x62C5,0x62C5,0x62C5,0x6AC5,0x62C5,0x62C5,0x62A4,
  0x5A85,0x5AA6,0x3142,0x20E1,0x3184,0x2923,0x2923,0x2943,0x2943,0x2902,0x3163,0x2922,
  0x41E4,0x5AA6,0x6AE6,0x5A83,0x62C4,0x7305,0x6283,0x6AC5,0x6B07,0x4A05,0x2902,0x3164,
  0x3144,0x3124,0x3164,0x2901,0x4A24,0x6B07,0x6B06,0x6B05,0x62C4,0x62C4,0x62C5,0x6AE6,
  0x49E3,0x41A3,0x6AC9,0x62A9,0x62C9,0x62A9,0x5AA8,0x5AA8,0x5A88,0x39A4,0x39A5,0x5268,
  0x62CA,0x49E6,0x2902,0x4A26,0x7BAB,0x7369,0x62E7,0x62E6,0x6B06,0x7346,0x7386,0x6B44,
  0x6303,0x7385,0x8C09,0x7367,0x41C3,0x3141,0x3142,0x4A25,0x5246,0x4A05,0x41C5,0x3143,
  0x3142,0x3162,0x20E0,0x2900,0x7347,0x7368,0x7368,0x5AA4,0x3980,0x28E0,0x2920,0x6B07,
  0x5265,0x2901,0x2901,0x3963,0x3164,0x3143,0x2922,0x2921,0x2942,0x5AA4,0x7387,0x7365,
  0x7385,0x6B24,0x3160,0x2941,0x39C3,0x4A25,0x4A05,0x4A05,0x41E4,0x41E4,0x4A04,0x41E4,
  0x41E3,0x41E4,0x41E4,0x41C4,0x4A05,0x41C4,0x3163,0x5AA8,0x5AC8,0x3983,0x39A3,0x41C3,
  0x39C3,0x41E3,0x39A3,0x41E4,0x7BAC,0x3984,0x3163,0x5245,0x39A2,0x4A45,0x41C3,0x41C3,
  0x3142,0x41E5,0x5A87,0x62E9,0x39A4,0x62C8,0x83CC,0x5267,0x20E0,0x3983,0x4A25,0x4A04,
  0x4A24,0x41E4,0x41E4,0x3162,0x41E5,0x5A88,0x5A88,0x5A88,0x3984,0x2922,0x41E5,0x41C4,
  0x734A,0x732A,0x6AE9,0x6AE9,0x732A,0x7B4B,0x62A8,0x3122,0x28E1,0x41A4,0x28C1,0x5A47,
  0x5A67,0x62A8,0x7B8C,0x6B0A,0x6B0A,0x730A,0x732B,0x49C5,0x1860,0x41A5,0x732B,0x49E6,
  0x20C1,0x2902,0x2944,0x2923,0x2923,0x2943,0x3164,0x3163,0x2943,0x2943,0x2122,0x2923,
  0x2943,0x2923,0x2923,0x2923,0x2103,0x2903,0x3122,0x3981,0x7305,0x8383,0x7B41,0x8343,
  0x8B64,0x8B63,0x8BA2,0x8381,0x8BA6,0x7B28,0x28E1,0x20E2,0x2923,0x20E2,0x3143,0x3164,
  0x41E5,0x62E9,0x3984,0x2922,0x4A06,0x2922,0x41C5,0x6B2A,0x62E9,0x5A88,0x3163,0x5267,
  0x62E9,0x4A26,0x3962,0x5A65,0x62C6,0x62A5,0x62C4,0x62C5,0x62A4,0x62A5,0x62C5,0x5AA4,
  0x5AA5,0x62A6,0x3162,0x2102,0x3164,0x2943,0x2944,0x2943,0x2943,0x2943,0x3184,0x3143,
  0x39A3,0x39A2,0x4A03,0x6B06,0x6AC5,0x6AC4,0x62C4,0x62C5,0x5A86,0x3162,0x2922,0x3164,
  0x3164,0x3144,0x3143,0x2921,0x5A85,0x62C5,0x62C5,0x62C4,0x62A3,0x62A4,0x62C5,0x6B07,
  0x49E3,0x49E4,0x6B09,0x6AE9,0x62C9,0x5AA8,0x62C9,0x62C9,0x4A06,0x20C1,0x5A88,0x62C9,
  0x62A9,0x4A06,0x3123,0x4A06,0x5A87,0x5245,0x4A24,0x4A24,0x62E5,0x7365,0x7364,0x6B22,
  0x7BA5,0x83E7,0x62E5,0x2901,0x20A0,0x3143,0x5226,0x49E5,0x49E3,0x49E4,0x5268,0x39C5,
  0x3142,0x3141,0x49E4,0x39A4,0x3984,0x5A87,0x62E7,0x6B06,0x5263,0x41E1,0x62C4,0x6B26,
  0x5AC4,0x3160,0x20E0,0x3982,0x39C4,0x2923,0x1060,0x2922,0x6B09,0x7BA9,0x7367,0x6B46,
  0x6B24,0x3180,0x18C0,0x3162,0x39C3,0x3982,0x41E4,0x4A25,0x41C3,0x41E3,0x39C3,0x39C3,
  0x39C3,0x39C3,0x41E4,0x41C4,0x4A05,0x4A05,0x41E5,0x62E9,0x5AA8,0x3983,0x39C3,0x39C3,
  0x41E3,0x4A25,0x39C3,0x4A26,0x7BAC,0x39A4,0x3162,0x4A25,0x4A04,0x4A24,0x2100,0x5246,
  0x734A,0x5AA7,0x5A87,0x4A26,0x41E5,0x62C8,0x83CD,0x62C8,0x20E1,0x3142,0x4A25,0x4A04,
  0x4204,0x41E3,0x41E4,0x2921,0x5246,0x5A88,0x5268,0x5267,0x3984,0x2901,0x41E4,0x39A4,
  0x732A,0x732A,0x7B4A,0x838B,0x83AC,0x6AE9,0x3963,0x49C5,0x3963,0x3963,0x41A4,0x28E1,
  0x2902,0x39A4,0x7B6B,0x83AC,0x732A,0x83AC,0x6AE9,0x41C5,0x41C5,0x3143,0x5247,0x5247,
  0x20C1,0x20C1,0x2923,0x2923,0x2943,0x2944,0x2943,0x2943,0x2943,0x2922,0x2943,0x2943,
  0x2923,0x2923,0x2923,0x2103,0x2904,0x2903,0x3122,0x4181,0x7304,0x8383,0x8361,0x8362,
  0x8B63,0x8B83,0x8BA2,0x8381,0x8BA5,0x7307,0x3122,0x2102,0x2903,0x2102,0x3163,0x3984,
  0x41E5,0x5247,0x41C5,0x2922,0x3983,0x41E5,0x6AE9,0x5AA8,0x6AEA,0x5A88,0x5A88,0x6B0A,
  0x5AA8,0x62C8,0x3982,0x5A65,0x62C5,0x5A84,0x62C4,0x62C4,0x62A4,0x6284,0x62A4,0x62A4,
  0x5AA5,0x62A6,0x3983,0x20E1,0x3164,0x2943,0x2943,0x2943,0x2943,0x2943,0x3163,0x3143,
  0x3162,0x3981,0x41C1,0x6B06,0x62C5,0x6284,0x62A4,0x62C6,0x41A3,0x20C0,0x2943,0x2944,
  0x3144,0x3144,0x2902,0x3161,0x62C5,0x62A4,0x62A4,0x62A3,0x62A3,0x62C4,0x62C5,0x6AE7,
  0x41C3,0x41E4,0x6AE8,0x62C8,0x5AA8,0x62C9,0x5AA9,0x6AEA,0x49E5,0x20E1,0x5A88,0x62E9,
  0x5A68,0x62E9,0x5A88,0x3984,0x2922,0x2921,0x39A3,0x18A0,0x2920,0x6B26,0x7BA6,0x7BA5,
  0x6B63,0x6B23,0x4201,0x3141,0x39A3,0x4A05,0x4A26,0x4A05,0x5245,0x4A25,0x4A26,0x3163,
  0x18A0,0x2901,0x5A87,0x5A88,0x1880,0x20C1,0x28E1,0x3982,0x5264,0x6B26,0x7387,0x6B25,
  0x6B25,0x5282,0x2940,0x18C0,0x2922,0x2943,0x2902,0x2902,0x3163,0x39A3,0x5AA5,0x62E5,
  0x62E4,0x39C1,0x3161,0x3161,0x2920,0x2100,0x2941,0x41E4,0x4A45,0x41E4,0x39A2,0x41E3,
  0x41E3,0x39A3,0x41E4,0x41E4,0x4A05,0x41E4,0x4A46,0x62C8,0x5A87,0x3163,0x41C4,0x41C3,
  0x39C3,0x4A45,0x3162,0x4A05,0x7B8B,0x39A4,0x3162,0x4A45,0x4204,0x41E4,0x3162,0x4A25,
  0x83CC,0x8C0D,0x734A,0x5247,0x4A06,0x3163,0x5267,0x734A,0x18A0,0x2941,0x4A25,0x4A04,
  0x41E4,0x41E3,0x41E4,0x2921,0x5267,0x5AA9,0x5A88,0x5A88,0x3163,0x3163,0x39C4,0x2921,
  0x7B6B,0x7B6B,0x7309,0x5A67,0x5A47,0x3983,0x41A4,0x5226,0x5205,0x49E5,0x41A4,0x41A4,
  0x41C4,0x3122,0x4A05,0x5206,0x3984,0x62A8,0x49E6,0x3123,0x41C5,0x3984,0x3143,0x5AA8,
  0x2922,0x20E1,0x2102,0x2923,0x2943,0x2943,0x2943,0x2943,0x2943,0x20E2,0x3163,0x3164,
  0x2923,0x2923,0x2944,0x2923,0x2924,0x2903,0x3122,0x5202,0x7303,0x8382,0x8B80,0x8BA2,
  0x8BA3,0x8B82,0x8381,0x7B60,0x83A5,0x7B27,0x2901,0x2102,0x3143,0x2943,0x3143,0x39A4,
  0x4A06,0x5A88,0x5267,0x3983,0x20E1,0x5246,0x62E9,0x5A88,0x62E9,0x5AA8,0x5AA8,0x5A88,
  0x5AA8,0x5A67,0x3141,0x5265,0x5AA5,0x5A84,0x62A4,0x62C4,0x62A4,0x62A4,0x62A4,0x62C5,
  0x62C5,0x62C6,0x3983,0x20E1,0x3144,0x2944,0x2923,0x2943,0x2943,0x2943,0x3163,0x3163,
  0x3162,0x5A86,0x41E3,0x62C6,0x62C5,0x62A5,0x62A5,0x5A65,0x3141,0x20E1,0x3164,0x2903,
  0x2923,0x3164,0x2902,0x3981,0x62C4,0x62C4,0x62C4,0x62C4,0x62A4,0x62A4,0x62A5,0x62C6,
  0x41C3,0x41C3,0x62C8,0x5AA7,0x62C8,0x6B0A,0x5A88,0x62E9,0x41E5,0x3163,0x4A05,0x5AA8,
  0x62C9,0x5AA8,0x6B0A,0x6B0A,0x41E5,0x5267,0x62E9,0x3983,0x3142,0x3161,0x4A02,0x7386,
  0x7365,0x6B45,0x7386,0x6B47,0x39A2,0x41C4,0x5266,0x5246,0x5245,0x4A24,0x4A44,0x41E3,
  0x20C0,0x3142,0x5AA8,0x41C5,0x28E1,0x3963,0x2922,0x28E1,0x3161,0x62C6,0x6B27,0x6B46,
  0x7366,0x7387,0x6306,0x4A25,0x3163,0x2902,0x3164,0x3143,0x2901,0x0840,0x4203,0x7388,
  0x6B26,0x7387,0x6B07,0x5A85,0x62E7,0x5AA6,0x3141,0x2901,0x39A3,0x41E4,0x41E3,0x41E3,
  0x41E3,0x39C3,0x41E4,0x41E4,0x41E4,0x39A3,0x5267,0x5A87,0x4A26,0x3163,0x4A05,0x41E4,
  0x39A3,0x41E3,0x3162,0x3162,0x734A,0x3984,0x2942,0x4A25,0x4A45,0x4A04,0x39A3,0x39C3,
  0x734A,0x7B8B,0x5246,0x39C4,0x5247,0x5267,0x5AA8,0x7B8C,0x39A4,0x2921,0x4A25,0x41E4,
  0x39C3,0x41C3,0x41E4,0x2921,0x41E5,0x5AA8,0x5268,0x5247,0x2901,0x3162,0x3162,0x2901,
  0x6287,0x5A87,0x41A3,0x3942,0x3101,0x49E4,0x4A05,0x49E4,0x49C4,0x41C4,0x49E5,0x41C4,
  0x5226,0x41C5,0x20E1,0x3983,0x3142,0x28E1,0x6288,0x5226,0x3963,0x41C5,0x41A5,0x6B2A,
  0x3143,0x20E2,0x2943,0x20E2,0x2102,0x3164,0x3184,0x2943,0x2102,0x2102,0x2943,0x2923,
  0x2102,0x2103,0x2103,0x20E3,0x28E3,0x2903,0x3121,0x6AE5,0x8364,0x8341,0x8360,0x8B81,
  0x8B81,0x8B81,0x8361,0x7B61,0x8BA6,0x7B48,0x28E1,0x20E2,0x3143,0x3143,0x2943,0x39A4,
  0x5267,0x62E9,0x5247,0x5247,0x4A26,0x5247,0x5AA8,0x62C8,0x5A88,0x62E9,0x5AA8,0x62A8,
  0x6B09,0x49E5,0x3121,0x5A85,0x5AA5,0x5AA4,0x62A4,0x62C4,0x62C5,0x62C5,0x62C5,0x62E5,
  0x62E6,0x62C7,0x39C3,0x2102,0x2943,0x2964,0x2923,0x2944,0x3164,0x3143,0x3164,0x3984,
  0x3163,0x5A86,0x3981,0x5224,0x5203,0x5A64,0x6285,0x3120,0x2921,0x2902,0x3164,0x2903,
  0x2923,0x3164,0x2922,0x41C2,0x5A83,0x62C4,0x62A4,0x62C4,0x5A83,0x5A84,0x5AA5,0x62C6,
  0x41C3,0x41C3,0x62E8,0x5AA7,0x62E8,0x62E9,0x62C9,0x62C9,0x3163,0x39C4,0x41C4,0x62E9,
  0x6B2A,0x6B0A,0x62C9,0x62C9,0x3984,0x3163,0x39A4,0x3143,0x41C5,0x4A05,0x2921,0x3961,
  0x7369,0x7368,0x4A03,0x3982,0x41C3,0x49E4,0x5245,0x41A3,0x4A25,0x4A24,0x4203,0x4A04,
  0x20E0,0x41C4,0x6B09,0x2921,0x3141,0x3141,0x3162,0x3162,0x1860,0x39A3,0x6B27,0x62C5,
  0x4A23,0x39C2,0x4A24,0x5266,0x3163,0x18C1,0x3163,0x2942,0x18C0,0x39A3,0x6B48,0x6307,
  0x5AA5,0x62C6,0x6B48,0x7369,0x7369,0x5265,0x2921,0x20E0,0x39A3,0x4204,0x41E3,0x41E3,
  0x41E3,0x41E3,0x39C3,0x39C3,0x41C4,0x41C4,0x5AC8,0x5A87,0x41C4,0x39A3,0x4A05,0x41C3,
  0x39C3,0x39C3,0x39C3,0x2900,0x62E9,0x41E5,0x3142,0x4A45,0x41E4,0x5266,0x39C3,0x3162,
  0x7B8B,0x736B,0x736B,0x736B,0x734B,0x7B6B,0x83ED,0x7B8C,0x3163,0x2921,0x4204,0x41C4,
  0x39C3,0x41C3,0x4204,0x2922,0x41C4,0x62E9,0x5268,0x5267,0x3983,0x3142,0x3162,0x2901,
  0x3122,0x3983,0x41A3,0x49E5,0x49E4,0x49E4,0x41C4,0x4A05,0x49E4,0x41C4,0x3983,0x41A3,
  0x3122,0x3143,0x20E1,0x3122,0x3984,0x41A4,0x730A,0x6AE9,0x3963,0x2902,0x5227,0x62E9,
  0x20E1,0x2902,0x39C5,0x2903,0x18C1,0x20E2,0x2902,0x2943,0x3163,0x2923,0x2102,0x2102,
  0x2903,0x2103,0x20E3,0x20E3,0x2903,0x3123,0x28E1,0x7B46,0x8363,0x7B40,0x8B60,0x8B60,
  0x8B81,0x8B81,0x8381,0x7B62,0x8386,0x72E7,0x2901,0x2102,0x2923,0x2943,0x2943,0x39C4,
  0x5247,0x5AA8,0x5AC8,0x5A87,0x62E9,0x5A87,0x5AA8,0x62C8,0x62E9,0x62C8,0x5267,0x5A88,
  0x62A8,0x4A25,0x3121,0x5A85,0x6AE6,0x62C5,0x62A4,0x62A4,0x62C5,0x62C5,0x62A4,0x62C4,
  0x62C5,0x62C6,0x39A3,0x20E1,0x2902,0x2923,0x2923,0x2944,0x3164,0x3143,0x3163,0x39A4,
  0x2922,0x4A04,0x41E3,0x2920,0x3140,0x5244,0x5224,0x3121,0x2901,0x2902,0x2944,0x2944,
  0x2923,0x3143,0x2921,0x5224,0x5A63,0x62C4,0x5A63,0x5A84,0x5A64,0x5A85,0x62A6,0x5AA6,
  0x39A3,0x39A3,0x62E8,0x5287,0x5AA7,0x62C9,0x62CA,0x5A68,0x41C4,0x5246,0x2921,0x5AA7,
  0x6B09,0x6B2A,0x6AEA,0x6AEA,0x39A5,0x41C5,0x2902,0x3142,0x5246,0x5246,0x5226,0x2902,
  0x5227,0x41C5,0x3143,0x49E5,0x41C4,0x5245,0x4A05,0x2900,0x2901,0x4A05,0x5225,0x39A3,
  0x3163,0x5AA8,0x5A87,0x2900,0x2921,0x1880,0x18C0,0x2920,0x39C3,0x5AA6,0x6B06,0x4A02,
  0x2900,0x20E1,0x2901,0x2922,0x3143,0x3983,0x3183,0x2100,0x3182,0x6B28,0x39C2,0x2100,
  0x2920,0x2900,0x20E0,0x39C2,0x3981,0x20E0,0x2941,0x3982,0x39C3,0x39C3,0x41E3,0x41E3,
  0x41E3,0x41E3,0x39A3,0x41E4,0x39C3,0x39C4,0x5AA7,0x5AA7,0x3163,0x39C4,0x41E4,0x39C3,
  0x39C3,0x41E3,0x41E4,0x2100,0x5246,0x5A87,0x20E1,0x4A25,0x4204,0x4A04,0x41E4,0x3162,
  0x6B2A,0x734A,0x736B,0x83CD,0x7BAC,0x83CC,0x83CD,0x83CC,0x39A4,0x2942,0x4A05,0x41E4,
  0x41E4,0x4A04,0x4A25,0x3162,0x41E5,0x62E9,0x4A27,0x5A68,0x5267,0x2922,0x2921,0x41C4,
  0x49E5,0x41C4,0x41C4,0x49E5,0x41C4,0x41C4,0x4A05,0x49E4,0x41A3,0x49E4,0x3121,0x3122,
  0x41C4,0x41C5,0x5A87,0x6AE9,0x3102,0x49E5,0x732A,0x730A,0x4A06,0x20E1,0x41C5,0x62E9,
  0x3984,0x20E1,0x4A27,0x39A5,0x3164,0x3184,0x18C1,0x20C1,0x2943,0x2102,0x2943,0x20E2,
  0x2903,0x20E2,0x2103,0x2903,0x3123,0x20C0,0x41A2,0x8386,0x8382,0x8380,0x8B80,0x8340,
  0x8B81,0x8B81,0x8341,0x7B43,0x8BC9,0x49C4,0x1880,0x3143,0x2902,0x2943,0x2902,0x3983,
  0x5A88,0x5AA8,0x5AC8,0x62E9,0x5A88,0x5AC8,0x5AA8,0x62E9,0x41E5,0x41E5,0x62C9,0x5A88,
  0x62C9,0x4A05,0x2900,0x5A85,0x62C5,0x62C5,0x62A4,0x62A4,0x62C4,0x62C5,0x62C5,0x62E5,
  0x6B06,0x62C7,0x3141,0x20E1,0x2943,0x2943,0x2944,0x2944,0x2943,0x3163,0x3984,0x3164,
  0x2922,0x4A05,0x4A25,0x3981,0x3161,0x5224,0x41C3,0x3962,0x20E1,0x3143,0x2944,0x2944,
  0x3164,0x3143,0x2901,0x5A85,0x6AE6,0x62A5,0x6284,0x6284,0x5A64,0x5A85,0x41A2,0x4A25,
  0x4A26,0x3983,0x5AA8,0x5AA8,0x5AA8,0x5AA8,0x6B2B,0x49E6,0x3983,0x5A67,0x3162,0x41E4,
  0x6B2A,0x62E9,0x5AA8,0x6B0A,0x3984,0x49E6,0x4A06,0x4A25,0x4A44,0x4A25,0x5246,0x3963,
  0x39A4,0x3123,0x4A06,0x5247,0x41C5,0x5226,0x4A26,0x41C5,0x3143,0x41A5,0x49E7,0x2923,
  0x39A4,0x6B0A,0x39A4,0x20E1,0x20C0,0x2921,0x4A44,0x6305,0x6304,0x6B44,0x6B24,0x5A83,
  0x3982,0x20C1,0x2922,0x39C5,0x39A4,0x39A4,0x3162,0x2941,0x5AC7,0x2100,0x2921,0x4A05,
  0x4A05,0x3163,0x39A2,0x39A1,0x3981,0x41E3,0x41E3,0x41C3,0x41E4,0x41E3,0x39C2,0x41E3,
  0x41E3,0x41E3,0x4A04,0x4A25,0x3162,0x4A05,0x5AA7,0x5267,0x3142,0x41E4,0x4A05,0x39A2,
  0x41E3,0x4204,0x4204,0x2921,0x5AC8,0x5267,0x20E0,0x41C3,0x4204,0x41E4,0x4A25,0x3162,
  0x6B29,0x736B,0x734B,0x736B,0x83CD,0x7BAC,0x7BAC,0x8C0D,0x5267,0x20E1,0x4A05,0x41E4,
  0x4A04,0x41E4,0x4A05,0x20E1,0x41C4,0x6AE9,0x5267,0x5A88,0x3983,0x2101,0x4A05,0x4204,
  0x41C4,0x49E5,0x41A3,0x3983,0x41C4,0x41A4,0x41A3,0x3983,0x3121,0x3121,0x3142,0x6287,
  0x7B8B,0x7B6B,0x7B4B,0x734A,0x6288,0x6AE9,0x6B09,0x6AE9,0x7B6B,0x5226,0x41A4,0x734B,
  0x41E5,0x18A0,0x5267,0x41E6,0x41E6,0x5AA9,0x41E6,0x2902,0x18C1,0x20E1,0x2923,0x20E2,
  0x2923,0x2903,0x2903,0x2903,0x2902,0x28E0,0x5202,0x8BC6,0x8362,0x8B60,0x8BA1,0x8B60,
  0x8340,0x8341,0x7B43,0x8BA7,0x6AC6,0x28E1,0x2902,0x3164,0x2923,0x2922,0x18C1,0x41E5,
  0x62C8,0x5A88,0x5AC8,0x5A88,0x5A87,0x5A87,0x5A88,0x5AA8,0x5246,0x5A88,0x5AA8,0x41E5,
  0x49E5,0x49E5,0x3141,0x62A6,0x5AA5,0x62A4,0x5A83,0x5A83,0x62A4,0x62A4,0x62C4,0x62C5,
  0x62E6,0x62C6,0x3141,0x2101,0x3163,0x2943,0x2964,0x2964,0x3164,0x3164,0x3984,0x3984,
  0x3163,0x3162,0x5266,0x4A04,0x5224,0x2900,0x41A3,0x3162,0x2923,0x3164,0x2944,0x2944,
  0x3143,0x3122,0x2901,0x5224,0x5A64,0x6285,0x6285,0x5A85,0x5A65,0x41C3,0x28E0,0x3962,
  0x39A4,0x3984,0x62C9,0x5AA8,0x5AC8,0x62C9,0x732B,0x41C5,0x4A05,0x5267,0x3142,0x39A4,
  0x6B2A,0x62A8,0x62E9,0x62E9,0x3143,0x3984,0x2922,0x3982,0x5265,0x4A24,0x3162,0x3962,
  0x5A87,0x1880,0x39A3,0x5246,0x5A67,0x4A26,0x41C4,0x5247,0x4A06,0x39A5,0x3964,0x1060,
  0x5A67,0x5267,0x18A1,0x2943,0x18A1,0x4A26,0x6B27,0x6B46,0x6B44,0x6B43,0x7363,0x6B23,
  0x4A43,0x39A2,0x20E0,0x1060,0x20C0,0x2922,0x3163,0x41E5,0x20E0,0x2921,0x4A26,0x39A4,
  0x41E5,0x3163,0x39A2,0x4A23,0x41E3,0x39C2,0x4204,0x4204,0x41E3,0x41E3,0x39C2,0x41E3,
  0x41E3,0x41E3,0x41E4,0x41E4,0x3162,0x4A25,0x5AA7,0x5266,0x2901,0x39A3,0x4A04,0x41E4,
  0x41E3,0x41E3,0x4204,0x3982,0x736A,0x5AA8,0x20E0,0x39A3,0x41E4,0x41E4,0x4204,0x39A3,
  0x7B8B,0x7BAC,0x736B,0x736B,0x7BAC,0x7B8C,0x7B8C,0x83CD,0x5AA8,0x20E1,0x41C4,0x41E4,
  0x41E4,0x39C3,0x41E4,0x2901,0x4A06,0x5A88,0x5A88,0x4A26,0x20C1,0x3183,0x41E4,0x41E4,
  0x5205,0x3983,0x49E5,0x4A05,0x4A05,0x4A05,0x3963,0x3983,0x83AC,0x41A4,0x3983,0x734A,
  0x732A,0x732A,0x732A,0x730A,0x7B6B,0x7B4B,0x730A,0x6B09,0x7B6B,0x62A8,0x3984,0x6B09,
  0x4A06,0x20E1,0x4A47,0x4A06,0x39A4,0x5AC9,0x5AA8,0x3984,0x18C1,0x20C1,0x20E1,0x18C1,
  0x2102,0x20E2,0x20E3,0x2903,0x3122,0x28E0,0x49C1,0x83A5,0x8382,0x8B81,0x8340,0x8340,
  0x8341,0x8341,0x8364,0x83A8,0x3962,0x2080,0x3143,0x2903,0x2923,0x2923,0x18A0,0x4A26,
  0x6B09,0x5A88,0x5AC8,0x5A87,0x62C8,0x5AA8,0x62E9,0x6AE9,0x5AA8,0x5AA8,0x5267,0x3163,
  0x3983,0x5A66,0x3982,0x5AA5,0x62A5,0x62A4,0x5A84,0x5A83,0x62A4,0x62C4,0x62C4,0x62C4,
  0x5AA5,0x5A85,0x2941,0x2902,0x3164,0x2943,0x3164,0x2964,0x3164,0x3184,0x3184,0x39A5,
  0x39A4,0x2942,0x4204,0x41E4,0x4A04,0x41E3,0x41E4,0x20C1,0x3164,0x2964,0x2924,0x2944,
  0x3143,0x3142,0x3962,0x49E3,0x5A65,0x62C6,0x41C2,0x3140,0x3961,0x2920,0x39A3,0x49E5,
  0x39A4,0x3984,0x62C9,0x5A88,0x62E9,0x6AEA,0x41E6,0x3143,0x5A88,0x4A05,0x3983,0x5267,
  0x62C9,0x734A,0x5A88,0x62E9,0x2902,0x39C4,0x4A05,0x3142,0x3983,0x3162,0x2901,0x5AA6,
  0x62E6,0x39C1,0x2940,0x2920,0x3141,0x3162,0x2900,0x3121,0x3141,0x2921,0x2901,0x2901,
  0x5AA8,0x5247,0x2902,0x20E2,0x20E2,0x4206,0x41E4,0x4203,0x4A22,0x7364,0x7383,0x6B23,
  0x6B04,0x5263,0x4A23,0x3140,0x41C4,0x5266,0x3983,0x20E1,0x2922,0x4205,0x41C4,0x41C4,
  0x4A06,0x39A4,0x4A24,0x4A44,0x39A2,0x39C3,0x5245,0x41E3,0x41E3,0x4204,0x41E3,0x4203,
  0x4203,0x41E3,0x41E3,0x39C3,0x3141,0x5266,0x62C8,0x62C8,0x3162,0x39A3,0x41E4,0x39C3,
  0x41C3,0x41E3,0x41E4,0x3982,0x7BAB,0x62C9,0x2901,0x39C3,0x4204,0x41E4,0x39A3,0x3162,
  0x736B,0x736B,0x7B8C,0x7B8C,0x7B8C,0x7B8C,0x7B6B,0x7BAC,0x6B09,0x2901,0x3983,0x4A25,
  0x41E4,0x41E4,0x4205,0x3142,0x5267,0x5A88,0x5AA8,0x5267,0x2921,0x41E4,0x4A05,0x41C4,
  0x3983,0x2901,0x49E5,0x5226,0x3983,0x3963,0x3122,0x730A,0x838C,0x7B6B,0x62A8,0x6B09,
  0x732A,0x6B09,0x734A,0x732A,0x732A,0x6AA8,0x7309,0x6AE9,0x732A,0x62A8,0x49E5,0x732A,
  0x62A8,0x20E1,0x4A06,0x5AA8,0x39C4,0x4A46,0x62E9,0x41E5,0x2942,0x3143,0x20E1,0x18A1,
  0x20E1,0x20E2,0x2102,0x2902,0x3122,0x2900,0x49C2,0x8365,0x8361,0x8341,0x8321,0x7AE0,
  0x8B62,0x8382,0x8385,0x6AC6,0x28C0,0x2923,0x3143,0x20E2,0x2923,0x3143,0x20C1,0x41E6,
  0x62C9,0x5AC8,0x5AC8,0x62C8,0x62C9,0x5AA8,0x62A8,0x5A88,0x62A8,0x5AA8,0x5AA8,0x3984,
  0x3963,0x5225,0x41A3,0x62A6,0x62A5,0x5AA4,0x5A83,0x62A4,0x62C4,0x6AC5,0x62C5,0x5AA4,
  0x5AA5,0x5A85,0x2941,0x2901,0x3164,0x3164,0x3164,0x3164,0x3164,0x3184,0x3164,0x3984,
  0x39A4,0x2922,0x5266,0x5245,0x41C3,0x4A25,0x39A4,0x20E1,0x3164,0x2944,0x2923,0x3164,
  0x3143,0x3162,0x4A04,0x41C3,0x62C7,0x6286,0x3961,0x3140,0x3161,0x3181,0x4A25,0x5246,
  0x41C4,0x3984,0x62E9,0x62A8,0x6AEA,0x5268,0x3143,0x3143,0x4A26,0x4A26,0x3983,0x62C8,
  0x62C9,0x6AE9,0x6AE9,0x5A87,0x5A87,0x5A87,0x39C3,0x39A3,0x3962,0x39A3,0x7389,0x41E3,
  0x3161,0x6B28,0x5AA6,0x4A25,0x5245,0x4A25,0x4A23,0x5AA4,0x5AC4,0x4A42,0x3980,0x3161,
  0x4A05,0x3163,0x20E2,0x20E2,0x2923,0x20E2,0x20E1,0x18C0,0x20C0,0x3160,0x6B23,0x6B43,
  0x6B23,0x6B44,0x6304,0x5AA4,0x6B27,0x41C3,0x1880,0x3142,0x3142,0x2101,0x20E0,0x2922,
  0x2921,0x3141,0x41C3,0x4A24,0x4A24,0x4A24,0x4A04,0x41C3,0x39C3,0x4204,0x4203,0x4203,
  0x4A04,0x4204,0x41E4,0x39C3,0x2921,0x5266,0x62C8,0x62C8,0x39C4,0x3983,0x4A25,0x39A2,
  0x39A2,0x41E3,0x41E3,0x3141,0x736B,0x5AA8,0x2921,0x41C3,0x41E4,0x41E4,0x39A3,0x2921,
  0x734A,0x734B,0x7B8C,0x7B8C,0x7B6B,0x7BAC,0x7B6B,0x7B8C,0x734B,0x2901,0x3162,0x4A05,
  0x41E4,0x41E4,0x41E4,0x2922,0x5A87,0x5A88,0x5267,0x5267,0x3142,0x39A3,0x4A05,0x39C4,
  0x3142,0x3142,0x20C0,0x3983,0x3983,0x3963,0x62C9,0x7B4B,0x83AC,0x6AE9,0x7B8C,0x734A,
  0x734A,0x732A,0x7309,0x732A,0x730A,0x6AC9,0x7B4B,0x730A,0x72E9,0x7B6B,0x7B4B,0x734B,
  0x6B0A,0x3143,0x3163,0x62E9,0x4A46,0x39C4,0x62E9,0x3183,0x3163,0x4A05,0x3143,0x2102,
  0x20C1,0x20E2,0x2903,0x28E2,0x2922,0x3121,0x51E2,0x7B65,0x7B21,0x8321,0x8322,0x7280,
  0x8362,0x8383,0x83A6,0x5203,0x20C0,0x3143,0x2923,0x2923,0x2903,0x2943,0x2102,0x3184,
  0x62C9,0x62C9,0x5AA8,0x6B0A,0x62E9,0x6AE9,0x62C9,0x62E9,0x62C9,0x39A4,0x41C4,0x3142,
  0x3163,0x2921,0x3962,0x62A6,0x5A84,0x5A83,0x5A83,0x62A4,0x62A4,0x62C4,0x62C4,0x62A4,
  0x62C5,0x5AA5,0x2941,0x2901,0x3184,0x3164,0x3185,0x3164,0x3164,0x3164,0x3143,0x3964,
  0x39A5,0x3163,0x4A25,0x5245,0x4A25,0x4A05,0x2901,0x2102,0x2944,0x2923,0x2944,0x2964,
  0x2922,0x3162,0x5265,0x3982,0x6286,0x4A04,0x3961,0x5A84,0x4A23,0x4A24,0x41E3,0x4A04,
  0x41C4,0x3963,0x6AE9,0x62C9,0x62C9,0x49E6,0x49E6,0x41C5,0x49E6,0x5A87,0x41C5,0x62C9,
  0x6AE9,0x6AE9,0x62C9,0x62C8,0x5266,0x2100,0x41E3,0x5265,0x6B08,0x7369,0x41C3,0x3162,
  0x3142,0x5AA7,0x41C4,0x3143,0x41C4,0x62E6,0x7BA9,0x7BC7,0x73A6,0x7385,0x7366,0x5AA5,
  0x2900,0x18A0,0x39A5,0x2943,0x2922,0x3163,0x2943,0x3984,0x20C0,0x3961,0x62E5,0x7365,
  0x7364,0x6B23,0x7365,0x6B04,0x5AC4,0x4A02,0x3160,0x3180,0x39C2,0x41E3,0x39A2,0x2920,
  0x3140,0x3140,0x20E0,0x2920,0x39C2,0x41E3,0x39C3,0x4A04,0x41E4,0x41E3,0x41E3,0x41E3,
  0x4204,0x41E4,0x41E4,0x41E4,0x2901,0x4A05,0x62E8,0x5AA7,0x41E4,0x2901,0x4A25,0x39C3,
  0x39A2,0x41C3,0x41E3,0x3162,0x7B8B,0x5267,0x2901,0x39C3,0x41C3,0x4A05,0x41E4,0x2942,
  0x734A,0x7B8B,0x7B8B,0x7B8C,0x7B8C,0x7BAC,0x7B8C,0x7B8C,0x736B,0x3162,0x3142,0x41C4,
  0x3983,0x39A3,0x39A3,0x2901,0x5A88,0x5A88,0x5AA8,0x4A06,0x2922,0x4A45,0x4A25,0x41E4,
  0x4A05,0x6AE8,0x5226,0x5A67,0x6AE9,0x6B0A,0x7B8B,0x7B6B,0x62A8,0x2902,0x3143,0x5247,
  0x7B6B,0x7B4A,0x6AE9,0x7309,0x7B2A,0x730A,0x6AA8,0x6AC9,0x730A,0x6267,0x5226,0x6AE9,
  0x6B0A,0x3122,0x3143,0x5AA8,0x5AA8,0x39A4,0x5287,0x3183,0x41C5,0x4A26,0x39A4,0x2943,
  0x18A1,0x20E2,0x2903,0x20E2,0x3123,0x28E1,0x49A2,0x7B45,0x8363,0x8343,0x7AE1,0x6A60,
  0x8363,0x8363,0x83A6,0x49C3,0x20C1,0x2923,0x2102,0x2923,0x20E2,0x2923,0x2902,0x3984,
  0x62C9,0x5AC9,0x62E9,0x62C9,0x5A88,0x62C9,0x4A26,0x5A68,0x4A06,0x2901,0x20E1,0x3142,
  0x4A05,0x3142,0x3982,0x62C6,0x5AA5,0x5A84,0x5AA4,0x62C4,0x62C4,0x62C4,0x62C4,0x62A4,
  0x62E5,0x5AA6,0x3141,0x2101,0x3164,0x3164,0x3164,0x3185,0x3164,0x3164,0x3143,0x3164,
  0x39A4,0x3162,0x2941,0x5245,0x4A25,0x39A3,0x18A0,0x3143,0x2944,0x2924,0x2944,0x3164,
  0x2922,0x3162,0x5A65,0x3962,0x5A66,0x41C3,0x3140,0x5264,0x4A23,0x4A43,0x4A23,0x4A45,
  0x41C3,0x3142,0x62C9,0x62A8,0x6288,0x41A5,0x3984,0x41E5,0x41C5,0x41C5,0x4A06,0x5AA8,
  0x62E9,0x62C9,0x62C8,0x5246,0x2900,0x5AC6,0x7388,0x7BA8,0x83EA,0x41E3,0x3162,0x62E8,
  0x41C4,0x41C5,0x2921,0x3162,0x2941,0x18C0,0x3161,0x5264,0x6B27,0x7368,0x62C7,0x3983,
  0x2942,0x2922,0x3163,0x2943,0x2943,0x3184,0x2102,0x20E0,0x41C4,0x6B08,0x7B89,0x6AE5,
  0x7324,0x7364,0x6B24,0x6303,0x6B45,0x62E3,0x62E3,0x6B44,0x73A6,0x6B65,0x7365,0x6B45,
  0x62E5,0x5AA4,0x5AA5,0x39C2,0x2100,0x2900,0x2900,0x3141,0x4A04,0x4A24,0x41E3,0x41E3,
  0x41E3,0x41C3,0x41C3,0x41E4,0x3162,0x41C3,0x62E8,0x6B09,0x5A87,0x2921,0x39A3,0x41E3,
  0x39C3,0x39C3,0x41E4,0x3983,0x7BAB,0x5A87,0x2901,0x39A3,0x41E4,0x41E4,0x41C4,0x2921,
  0x6B2A,0x736B,0x7B6B,0x7B6B,0x7B8C,0x7BAC,0x7B6C,0x7B8C,0x736B,0x3163,0x3983,0x39A3,
  0x3162,0x3983,0x3983,0x2922,0x5267,0x5267,0x5AA8,0x41E5,0x2101,0x4A05,0x41E4,0x2921,
  0x5246,0x41C4,0x734A,0x7B4B,0x734A,0x7B6B,0x7B6B,0x7B4B,0x3143,0x3964,0x3122,0x41A4,
  0x7B4A,0x732A,0x7B2A,0x7B4A,0x7309,0x5A67,0x3942,0x72E9,0x732A,0x3943,0x28E1,0x6AC9,
  0x6AE9,0x3142,0x3984,0x5267,0x5AA8,0x4A05,0x4205,0x3163,0x39C4,0x41E4,0x39A4,0x3183,
  0x18C1,0x2102,0x2943,0x2903,0x2902,0x3121,0x5203,0x8385,0x8383,0x8B63,0x8303,0x6A80,
  0x8B83,0x8383,0x83A7,0x49E4,0x20C0,0x3143,0x2923,0x2103,0x2923,0x2923,0x2102,0x39A5,
  0x5A88,0x4A06,0x5AA9,0x41C5,0x3984,0x4A06,0x20E1,0x3964,0x2942,0x41C5,0x41E5,0x39A4,
  0x41C4,0x3162,0x39A3,0x62C6,0x62C5,0x5AA4,0x62C4,0x62C4,0x62A4,0x62A4,0x62A4,0x5AA4,
  0x62C5,0x5A85,0x2921,0x20E1,0x2943,0x2923,0x2944,0x3164,0x3164,0x2943,0x2943,0x3143,
  0x3163,0x3983,0x2100,0x41E4,0x5A87,0x20C0,0x3143,0x3184,0x2964,0x2944,0x2944,0x3164,
  0x3162,0x3162,0x5265,0x3141,0x4A04,0x41C3,0x2940,0x4A43,0x4A23,0x4203,0x41E3,0x4A24,
  0x39A3,0x3142,0x62C8,0x6288,0x62A8,0x41A5,0x3143,0x4A27,0x3163,0x41E5,0x41E5,0x62E9,
  0x62E9,0x62C9,0x62E9,0x3142,0x5A86,0x7BA9,0x7388,0x83EA,0x5AA5,0x2920,0x5AA7,0x6B2A,
  0x3984,0x3984,0x41C4,0x5A86,0x5245,0x39A3,0x41C4,0x3162,0x2922,0x3143,0x2923,0x4A26,
  0x3983,0x2101,0x3163,0x2943,0x2102,0x2942,0x3163,0x18C0,0x4204,0x62E7,0x3983,0x28E0,
  0x2900,0x62E4,0x7385,0x6B24,0x6B03,0x6B23,0x6B43,0x7363,0x7383,0x7384,0x6B64,0x7365,
  0x6B25,0x62E5,0x5AC5,0x62E7,0x5AA6,0x5265,0x41E3,0x20E0,0x2921,0x4A04,0x4204,0x41E3,
  0x41E3,0x41C3,0x41E4,0x4A05,0x41E4,0x2942,0x4A25,0x5AC8,0x5AC8,0x3983,0x2941,0x4A25,
  0x39A2,0x41C3,0x4204,0x3162,0x736A,0x62E9,0x3163,0x3182,0x4A04,0x39A3,0x39A3,0x2942,
  0x6B2A,0x736B,0x7B8B,0x736B,0x7B6B,0x7B8C,0x736B,0x7BAC,0x6B2A,0x2922,0x39A3,0x39A3,
  0x3983,0x39A3,0x3983,0x2922,0x5AA8,0x5AA8,0x5A67,0x5246,0x20E1,0x1060,0x2101,0x3983,
  0x5A87,0x20A0,0x5226,0x730A,0x6AE9,0x7B4B,0x83AC,0x732A,0x3122,0x3963,0x3963,0x4A05,
  0x7B4A,0x7B4A,0x7329,0x7329,0x7B4A,0x7309,0x6AC8,0x7309,0x732A,0x62A8,0x5A67,0x732A,
  0x730A,0x3963,0x3963,0x62C9,0x5AA8,0x39A4,0x39A3,0x2941,0x3183,0x39C4,0x41E4,0x2942,
  0x20E1,0x2122,0x2943,0x2103,0x2923,0x20A0,0x5A22,0x8BC5,0x7B40,0x8BA4,0x7AE3,0x72C1,
  0x8363,0x8BC5,0x7BC9,0x3163,0x2902,0x3163,0x2102,0x2943,0x2902,0x2102,0x2922,0x4A06,
  0x5AA9,0x5268,0x5267,0x4A06,0x5247,0x41C5,0x2922,0x3163,0x20E1,0x41C5,0x39A4,0x4A05,
  0x39A4,0x20E0,0x4A04,0x62C6,0x62C5,0x5A84,0x5A84,0x62C5,0x62C4,0x62A4,0x62A3,0x5A63,
  0x5AA4,0x5A85,0x3141,0x20C1,0x3144,0x2923,0x2944,0x2944,0x2943,0x2943,0x3163,0x3164,
  0x3163,0x3183,0x3983,0x3163,0x3163,0x2102,0x3164,0x3164,0x2944,0x2923,0x3144,0x3163,
  0x2921,0x4A05,0x5A86,0x39A2,0x2920,0x3140,0x49E3,0x5265,0x4A03,0x41A2,0x4A04,0x3982,
  0x28E0,0x3162,0x62C8,0x62C8,0x62E9,0x3143,0x3984,0x4A26,0x3984,0x41E5,0x5247,0x6B0A,
  0x62C9,0x6B09,0x5246,0x2942,0x738A,0x7BAA,0x7369,0x4A25,0x2901,0x5246,0x62E9,0x5AA8,
  0x39A4,0x20E1,0x4A06,0x5266,0x4A05,0x41C4,0x5AA7,0x5AA8,0x5A67,0x3983,0x41E5,0x6B2A,
  0x2902,0x3163,0x3184,0x2122,0x2923,0x2122,0x2962,0x2941,0x2942,0x2942,0x20E1,0x3143,
  0x20E0,0x2940,0x6B64,0x7364,0x6B23,0x7B85,0x7363,0x7364,0x7384,0x7343,0x6AE2,0x7344,
  0x41A2,0x20C0,0x2900,0x3181,0x5AA5,0x6B47,0x6AE6,0x4A23,0x20E0,0x2921,0x4204,0x4A24,
  0x41E3,0x39C3,0x41C4,0x41E4,0x4A05,0x39A3,0x20E0,0x5A86,0x6B09,0x4A26,0x20E1,0x41E5,
  0x41E4,0x41E3,0x41E3,0x2941,0x7B8B,0x62EA,0x3143,0x3162,0x41E4,0x39A3,0x39A3,0x3163,
  0x734A,0x7B6B,0x736B,0x736B,0x7BAC,0x7B8C,0x7B8C,0x83CD,0x62EA,0x20C1,0x3983,0x41C4,
  0x3162,0x39A3,0x2942,0x3163,0x5A88,0x62C9,0x5AA8,0x4A26,0x4A26,0x41E5,0x41E5,0x3142,
  0x5A46,0x3963,0x3102,0x5A67,0x7B4A,0x72E9,0x732A,0x7B6B,0x5A47,0x28E1,0x3984,0x732A,
  0x7329,0x7329,0x734A,0x734A,0x7329,0x732A,0x7B4A,0x732A,0x732A,0x732A,0x730A,0x732A,
  0x7B4B,0x41C5,0x2902,0x5A88,0x5267,0x4A05,0x2942,0x3162,0x39C3,0x39C4,0x41E4,0x2942,
  0x18C1,0x2102,0x2943,0x2943,0x2102,0x3121,0x6AA3,0x8383,0x8380,0x7B43,0x6A82,0x8363,
  0x8B84,0x8BE7,0x6B06,0x2102,0x2902,0x2923,0x2923,0x2943,0x2923,0x2923,0x20E1,0x41E5,
  0x6B0A,0x62C9,0x62C9,0x62E9,0x62C9,0x5267,0x5246,0x5267,0x39C4,0x3143,0x2922,0x20E1,
  0x3142,0x39A3,0x41E4,0x62C7,0x62A6,0x62C5,0x5AA5,0x62A4,0x6AC4,0x6AE5,0x62A4,0x5A83,
  0x5A84,0x5244,0x2921,0x20E1,0x3164,0x2944,0x3144,0x2944,0x2943,0x2943,0x2943,0x2943,
  0x2943,0x3163,0x39A4,0x2943,0x20E2,0x18C1,0x2943,0x3164,0x3144,0x2943,0x3163,0x3142,
  0x2941,0x5225,0x5265,0x4A24,0x39C2,0x41E3,0x5244,0x4A03,0x41C3,0x4A04,0x41A3,0x2921,
  0x2921,0x39A4,0x6B29,0x62C8,0x6B09,0x39A4,0x39A4,0x5267,0x4A06,0x3984,0x5267,0x6AE9,
  0x5AA8,0x5AC8,0x5246,0x2942,0x3182,0x2941,0x2961,0x3183,0x4A26,0x5AA8,0x62E9,0x62C9,
  0x4A26,0x18A0,0x41C5,0x5A88,0x41C5,0x3963,0x62C9,0x6B2A,0x5247,0x20E0,0x5266,0x5246,
  0x20C1,0x3164,0x3165,0x2923,0x2944,0x2963,0x2101,0x18C0,0x18E0,0x18E0,0x2942,0x41C5,
  0x20E1,0x2940,0x6303,0x6B44,0x6B44,0x6303,0x7344,0x7B85,0x7B85,0x6B23,0x7BA5,0x6B03,
  0x5A63,0x2901,0x2921,0x39A2,0x20E0,0x4A23,0x7367,0x7348,0x5265,0x2100,0x3162,0x4A24,
  0x4203,0x41E3,0x41E4,0x41C4,0x49E5,0x4A25,0x3162,0x41E4,0x6B29,0x6B29,0x3984,0x2902,
  0x4A05,0x4204,0x41C3,0x2900,0x6B2A,0x732C,0x2923,0x3162,0x41E4,0x41C4,0x39C4,0x3983,
  0x734A,0x736B,0x7B8B,0x7B8B,0x7BAC,0x7B8C,0x7B6C,0x7BAD,0x6B2B,0x2902,0x2922,0x39A3,
  0x3162,0x39A3,0x3162,0x41C4,0x6B2A,0x5A88,0x5A88,0x62C9,0x5267,0x39A4,0x3142,0x3163,
  0x62A8,0x4183,0x3142,0x49A4,0x732A,0x7B6B,0x732A,0x730A,0x7B6B,0x3963,0x49E5,0x7B6B,
  0x6AE9,0x7B4A,0x732A,0x732A,0x7B4A,0x732A,0x6AE9,0x6B09,0x730A,0x7B4B,0x730A,0x3963,
  0x732A,0x49E5,0x28E1,0x5A67,0x5AA8,0x5AA7,0x2942,0x3983,0x39C4,0x39C3,0x39C4,0x2942,
  0x18C1,0x20E2,0x2943,0x2943,0x20C1,0x49E4,0x8366,0x8342,0x8BC2,0x7B22,0x6261,0x8384,
  0x8B83,0x83A6,0x41C2,0x18C1,0x2923,0x3143,0x2943,0x2923,0x2923,0x2923,0x20E2,0x5247,
  0x6B2B,0x62C9,0x5A88,0x5247,0x5247,0x62E9,0x6B09,0x5AA8,0x5A88,0x5246,0x5267,0x41C4,
  0x41E5,0x4A05,0x3162,0x5AC6,0x5A85,0x5264,0x6AE6,0x6AE5,0x6284,0x6AE5,0x6AE5,0x6B05,
  0x62C5,0x4A24,0x28E0,0x2902,0x3985,0x2944,0x2944,0x2944,0x2923,0x2943,0x2943,0x2943,
  0x2943,0x2942,0x3184,0x3184,0x3164,0x2923,0x2944,0x2943,0x2943,0x2943,0x3143,0x2901,
  0x39A3,0x5265,0x5245,0x4A24,0x5264,0x5265,0x41E3,0x41E3,0x5265,0x4A04,0x2901,0x2921,
  0x3142,0x4A06,0x6B0A,0x62C9,0x6AE9,0x4A06,0x2902,0x5A68,0x39A4,0x20E1,0x5A88,0x62C9,
  0x62C8,0x62E9,0x6B2A,0x6308,0x5266,0x4A25,0x5AC7,0x62E9,0x6AEA,0x62C9,0x62C9,0x6AE9,
  0x5267,0x20C1,0x3143,0x5247,0x5246,0x3163,0x62C8,0x62E9,0x41E5,0x2901,0x5AA7,0x2922,
  0x20E1,0x3985,0x3145,0x2904,0x2924,0x2944,0x18C1,0x2962,0x39E3,0x2940,0x18C0,0x20E0,
  0x2100,0x4A43,0x62E4,0x6B25,0x6B25,0x6B25,0x7386,0x62E3,0x5282,0x6B45,0x7385,0x6B43,
  0x6304,0x5284,0x2941,0x2943,0x39A3,0x2900,0x3141,0x39A3,0x3162,0x2101,0x3162,0x4224,
  0x4203,0x4223,0x4A23,0x41E3,0x41C3,0x4A05,0x4A25,0x2900,0x4A45,0x62E8,0x5AA8,0x20E1,
  0x3983,0x4204,0x41E3,0x2900,0x5AA8,0x7B8D,0x2923,0x3162,0x4204,0x41C4,0x39A3,0x3983,
  0x736A,0x7B8B,0x7B8B,0x7BAC,0x7BAC,0x7B8C,0x734B,0x7BAC,0x7BAC,0x3984,0x20E1,0x41C4,
  0x3983,0x41E4,0x3983,0x39C4,0x62E9,0x5A88,0x62C9,0x62C9,0x2922,0x2901,0x39A4,0x3163,
  0x5205,0x3943,0x4184,0x41A4,0x6287,0x734A,0x7B4B,0x6AC9,0x734A,0x3983,0x41A4,0x730A,
  0x7B4B,0x730A,0x6AE9,0x730A,0x730A,0x7B4B,0x7B4B,0x732A,0x730A,0x7B2B,0x41A4,0x28C1,
  0x5226,0x6288,0x20C1,0x5247,0x62C8,0x5AA7,0x39A3,0x3162,0x39A3,0x39A3,0x39C4,0x31A4,
  0x2102,0x2102,0x2923,0x2903,0x2902,0x5A65,0x8BC7,0x8342,0x8B81,0x72E2,0x6220,0x8363,
  0x8B84,0x7B45,0x3140,0x18A1,0x3144,0x3143,0x2923,0x2923,0x2923,0x2922,0x2923,0x5A88,
  0x62C9,0x2923,0x3143,0x3163,0x2902,0x41E5,0x5AA8,0x5A87,0x62C8,0x62E9,0x62C9,0x62C9,
  0x62C8,0x41C4,0x20E0,0x4A04,0x4A24,0x2920,0x3160,0x41A1,0x5243,0x6AE5,0x62C4,0x6AE5,
  0x6B06,0x4A04,0x20C0,0x2922,0x3985,0x2944,0x2944,0x2944,0x2943,0x2943,0x2963,0x2964,
  0x3163,0x39A4,0x3163,0x2943,0x2943,0x3164,0x3185,0x3164,0x2943,0x3163,0x3163,0x20E0,
  0x41E4,0x5265,0x4A24,0x4A44,0x4203,0x4203,0x4203,0x4A24,0x4A45,0x3162,0x2901,0x3163,
  0x3142,0x4A06,0x6B0A,0x6AE9,0x6AE9,0x5AA8,0x3143,0x62C9,0x3964,0x2922,0x6AEA,0x5A88,
  0x62C9,0x5A88,0x62C8,0x62E8,0x62E8,0x62E8,0x6B29,0x6309,0x6AEA,0x6B0A,0x62E9,0x62E9,
  0x5267,0x3143,0x2923,0x3964,0x5267,0x41C5,0x5A88,0x6AE9,0x3963,0x4A05,0x5A87,0x20E0,
  0x3163,0x3164,0x2924,0x20E3,0x2944,0x2922,0x18E0,0x4203,0x52A5,0x41E2,0x3180,0x39C1,
  0x4202,0x6305,0x62E4,0x6306,0x5244,0x5AA5,0x6B06,0x3160,0x20E0,0x2940,0x5263,0x73A7,
  0x7387,0x62E6,0x5267,0x20E2,0x41C5,0x5246,0x3983,0x3963,0x39A4,0x39A4,0x41E4,0x4204,
  0x39E2,0x4203,0x4A23,0x41E3,0x41E4,0x41C4,0x4A25,0x3161,0x41E4,0x5A87,0x6B2A,0x3983,
  0x20E0,0x39C3,0x4203,0x2920,0x5266,0x734B,0x2902,0x39A3,0x4A05,0x39C4,0x3163,0x3142,
  0x6B2A,0x7B8B,0x736B,0x7BAC,0x7BAC,0x7BAC,0x734B,0x7B8C,0x7BAD,0x3984,0x2901,0x4A05,
  0x3983,0x41E4,0x3983,0x3163,0x5AA8,0x5247,0x5A88,0x5A87,0x2942,0x3983,0x3163,0x3162,
  0x49E5,0x3963,0x3142,0x5226,0x5A67,0x6287,0x7B4B,0x7B6B,0x62C8,0x3122,0x3983,0x6288,
  0x7B6B,0x6AA9,0x730A,0x7B4B,0x72EA,0x732B,0x730A,0x7B4B,0x7B6B,0x49E5,0x3943,0x49A5,
  0x3943,0x5A67,0x20C1,0x39A5,0x62C8,0x5A67,0x4A25,0x2921,0x39A3,0x39A3,0x39C4,0x39C4,
  0x2102,0x2102,0x2923,0x2902,0x20C0,0x5203,0x8345,0x8343,0x8361,0x8343,0x72A2,0x8323,
  0x8B84,0x7B25,0x3141,0x18C1,0x3144,0x2922,0x2943,0x2923,0x2923,0x2943,0x2922,0x4A27,
  0x5A68,0x2902,0x2922,0x3163,0x3143,0x4205,0x5AA8,0x5287,0x5AA8,0x5AA9,0x5267,0x5A87,
  0x62E9,0x5246,0x2921,0x2921,0x3161,0x41E3,0x41A2,0x3140,0x49C1,0x6B06,0x62A4,0x62A5,
  0x6B06,0x49E4,0x20A0,0x2923,0x3164,0x2944,0x2944,0x2944,0x2944,0x2944,0x3164,0x2944,
  0x2943,0x3143,0x3143,0x3164,0x2944,0x3164,0x2964,0x2944,0x3164,0x3184,0x3163,0x2921,
  0x4A25,0x5244,0x4A03,0x5264,0x41E2,0x41E3,0x4A24,0x39A3,0x2942,0x2942,0x2943,0x3163,
  0x2943,0x41C5,0x732B,0x62C9,0x6AC9,0x6AEA,0x5AA8,0x6AEA,0x5A88,0x5247,0x62E9,0x5A88,
  0x62C9,0x62E9,0x62E9,0x5A87,0x62C8,0x62E8,0x6B09,0x62E9,0x62C9,0x6B0A,0x62E9,0x62E9,
  0x5A68,0x3964,0x3143,0x2902,0x39A4,0x4A06,0x62E9,0x5AA8,0x28E1,0x62C8,0x4A25,0x3142,
  0x3163,0x18A1,0x20C1,0x20C1,0x20E0,0x2920,0x39A2,0x5AA5,0x5AE5,0x5AE4,0x6304,0x6304,
  0x62E4,0x6305,0x6B46,0x41C2,0x20C0,0x28E1,0x3142,0x2922,0x20E1,0x18A1,0x20C0,0x39C3,
  0x5A86,0x5246,0x41C6,0x2904,0x28E2,0x49A5,0x49A4,0x49E5,0x5206,0x49E6,0x4A05,0x41E3,
  0x39E2,0x4203,0x4A03,0x49E4,0x4A05,0x3163,0x39A3,0x39A2,0x39C3,0x5AC7,0x5A87,0x4A26,
  0x2901,0x3182,0x4A04,0x2920,0x5246,0x6B0A,0x2922,0x3983,0x4A05,0x39A3,0x3983,0x2901,
  0x5AA8,0x736B,0x734B,0x7B8C,0x7BAC,0x7BAC,0x736B,0x7B8C,0x736C,0x3142,0x3142,0x41E5,
  0x3162,0x41C4,0x39A3,0x39A3,0x62E9,0x5267,0x5247,0x41E5,0x20E1,0x39A4,0x41C4,0x3142,
  0x62C8,0x3943,0x2901,0x5A46,0x5A67,0x5206,0x732A,0x7B4B,0x5205,0x41A4,0x3963,0x3983,
  0x7B4B,0x7B6B,0x730A,0x730A,0x7B4B,0x730A,0x49C5,0x6288,0x6288,0x3102,0x49E5,0x5206,
  0x3102,0x3122,0x3123,0x3984,0x5AC8,0x5246,0x5A87,0x2922,0x39C4,0x39C4,0x39A4,0x39A4,
  0x20E1,0x20E2,0x2923,0x2922,0x2901,0x6284,0x8304,0x8B43,0x8B42,0x7AE3,0x6A82,0x8302,
  0x8B64,0x7305,0x3141,0x20E2,0x3144,0x3123,0x2923,0x2923,0x2923,0x3164,0x2923,0x49E6,
  0x62EA,0x5247,0x3984,0x3163,0x5267,0x62E9,0x5AA8,0x5AA8,0x5AA8,0x5A68,0x62C9,0x5A88,
  0x5AC8,0x5247,0x2901,0x3162,0x41C3,0x4A24,0x5244,0x4A03,0x41C1,0x62A5,0x62A5,0x62E5,
  0x6B07,0x41E3,0x20C0,0x3123,0x3144,0x2924,0x2944,0x2944,0x2944,0x2944,0x2944,0x2944,
  0x2943,0x2943,0x3163,0x3164,0x2943,0x2943,0x2923,0x3164,0x3143,0x3163,0x3142,0x3162,
  0x5285,0x5244,0x4A23,0x4A23,0x5265,0x4A04,0x3182,0x2942,0x2922,0x2963,0x2102,0x2944,
  0x2903,0x39A5,0x6AEA,0x6288,0x5A88,0x62A9,0x62C9,0x5247,0x6B0A,0x6B0A,0x5AA9,0x62E9,
  0x5AA8,0x62E9,0x734B,0x6B09,0x62E9,0x62E8,0x6AE9,0x62E9,0x62C9,0x62C9,0x5AA9,0x62E9,
  0x5A88,0x3143,0x3964,0x3143,0x3984,0x4A06,0x6AEA,0x3143,0x3984,0x62C9,0x3984,0x3122,
  0x2901,0x3142,0x4A25,0x4204,0x39A1,0x4A63,0x6305,0x6305,0x5AC3,0x5AE3,0x62E4,0x5AA2,
  0x5AE2,0x52A2,0x5AE4,0x2920,0x3163,0x3984,0x20E2,0x2903,0x18A1,0x20C2,0x1840,0x3101,
  0x3963,0x28E1,0x2060,0x2861,0x2880,0x2040,0x30A1,0x2881,0x28A2,0x3944,0x3984,0x41C3,
  0x41E3,0x41E3,0x39A3,0x41E5,0x4A05,0x39A3,0x41C3,0x39A2,0x3182,0x5AC8,0x5A87,0x62E9,
  0x39A4,0x3162,0x4A24,0x2920,0x5287,0x734B,0x3163,0x2901,0x41E4,0x3983,0x41C4,0x2901,
  0x5246,0x7B8C,0x734B,0x7B8C,0x7B8C,0x7B8C,0x736C,0x7B8C,0x62EA,0x2902,0x3983,0x39A4,
  0x3983,0x41E4,0x39A3,0x4A05,0x5AC8,0x5267,0x5A67,0x41C5,0x20C0,0x3163,0x4A05,0x3163,
  0x7B6B,0x6AE9,0x2902,0x5205,0x5A87,0x41A4,0x732A,0x732A,0x3963,0x4A05,0x41C4,0x3963,
  0x62A9,0x6AC9,0x3943,0x28C1,0x41C5,0x49E5,0x20A0,0x3102,0x3122,0x49C4,0x41C4,0x49E5,
  0x41C4,0x3963,0x20C1,0x41C5,0x4A26,0x3142,0x5AA8,0x39C4,0x3983,0x39C4,0x3183,0x39A4,
  0x20E1,0x2102,0x2923,0x2902,0x3101,0x7AE6,0x8304,0x8323,0x8B84,0x6A62,0x6221,0x8323,
  0x8B64,0x7B06,0x3142,0x20E2,0x3123,0x3123,0x2903,0x2943,0x2903,0x2943,0x2943,0x4A26,
  0x6B2A,0x5AA8,0x62C9,0x62C9,0x6AE9,0x5A87,0x5A87,0x62E9,0x5AA8,0x5A88,0x5AA8,0x62C9,
  0x62C9,0x41E5,0x2901,0x3983,0x41C4,0x4A04,0x4A04,0x49E3,0x41A1,0x5A85,0x62A5,0x5AA5,
  0x62C6,0x39A3,0x18A0,0x3164,0x3965,0x3165,0x2924,0x2944,0x2944,0x3164,0x3164,0x3164,
  0x3144,0x2943,0x2923,0x3164,0x2944,0x3184,0x2944,0x3164,0x3163,0x3163,0x3142,0x39A3,
  0x5A85,0x4A23,0x5243,0x4A24,0x5A86,0x39A3,0x20E0,0x3183,0x3184,0x2123,0x20E2,0x3164,
  0x3164,0x41A5,0x730B,0x6289,0x6ACA,0x6ACA,0x62A9,0x62A9,0x62C9,0x62C9,0x6AEA,0x5AA9,
  0x62C9,0x62C9,0x62C9,0x62E9,0x62C8,0x62E9,0x62C9,0x62C9,0x62E9,0x62C9,0x5AA8,0x6AEA,
  0x5AA9,0x3143,0x3984,0x41A5,0x3163,0x5247,0x62C9,0x2902,0x5AA8,0x5247,0x2923,0x3163,
  0x39C4,0x62E7,0x5AC6,0x5284,0x5AC4,0x52C3,0x52A2,0x5282,0x62E4,0x62E4,0x5AC3,0x62E4,
  0x5AC2,0x5281,0x5AC3,0x4A03,0x20C0,0x20C1,0x3985,0x2903,0x28C1,0x28A0,0x5205,0x7309,
  0x3901,0x4143,0x3081,0x3881,0x40A1,0x48E1,0x3881,0x3881,0x3081,0x2840,0x28C1,0x41A3,
  0x49E3,0x2921,0x18A0,0x39A4,0x49E5,0x41C4,0x41E4,0x3182,0x41C3,0x5AC7,0x5AA8,0x62C9,
  0x41E5,0x3142,0x4A24,0x2900,0x5A87,0x83CD,0x3984,0x2921,0x41E4,0x3183,0x41E5,0x20E1,
  0x4A05,0x83CC,0x7B6B,0x7B6B,0x7B8C,0x736B,0x7B6C,0x7BAD,0x5AA8,0x20C1,0x41C4,0x3983,
  0x41C4,0x41E4,0x3162,0x41E4,0x5A88,0x5A87,0x5A88,0x3984,0x20E1,0x3983,0x41C4,0x41E4,
  0x732A,0x7B6B,0x5226,0x5A47,0x62A8,0x28E1,0x5226,0x5226,0x3122,0x49E4,0x5246,0x3963,
  0x28E1,0x3943,0x4184,0x3963,0x3102,0x28E1,0x4A05,0x3963,0x3962,0x4A05,0x41A3,0x3121,
  0x5225,0x41E4,0x20C1,0x3143,0x5246,0x4A05,0x5246,0x4A25,0x39A3,0x39C4,0x39A4,0x39A4,
  0x20E1,0x2923,0x2943,0x2902,0x3120,0x72C5,0x82E4,0x8303,0x8B44,0x59E0,0x6A63,0x8B44,
  0x8344,0x7B07,0x3963,0x2923,0x3144,0x2902,0x2923,0x2923,0x2102,0x3143,0x3163,0x5247,
  0x62C9,0x5AA8,0x62C9,0x62C9,0x62C9,0x5AA8,0x62C9,0x62C9,0x5AA8,0x62C9,0x62E9,0x62C9,
  0x62C9,0x3964,0x3143,0x3983,0x3142,0x4A25,0x5225,0x49E3,0x3981,0x5A64,0x5A64,0x62E6,
  0x5AA6,0x3142,0x20C0,0x3144,0x3164,0x3164,0x2924,0x2924,0x3164,0x3164,0x2944,0x2944,
  0x2944,0x2923,0x2923,0x2944,0x3164,0x3184,0x2944,0x2923,0x2943,0x39C4,0x2100,0x41E3,
  0x5265,0x41E2,0x5244,0x5265,0x41E4,0x20E0,0x3163,0x3184,0x2964,0x3164,0x2903,0x2923,
  0x2903,0x3103,0x3923,0x3103,0x49C5,0x5207,0x6268,0x62A9,0x62A9,0x62A9,0x62C9,0x62E9,
  0x62C9,0x5AA9,0x62C9,0x5AA8,0x5A87,0x62A8,0x62E9,0x6AE9,0x62C9,0x62C9,0x5AA9,0x62C9,
  0x5A88,0x3164,0x4A06,0x4A06,0x5247,0x62E9,0x41E5,0x41E5,0x6B09,0x3163,0x41C5,0x39C5,
  0x3163,0x5286,0x4203,0x4A43,0x4A63,0x4A42,0x4A62,0x5AC3,0x5283,0x3981,0x3140,0x4A22,
  0x62E5,0x62E5,0x5A84,0x5AA5,0x49E4,0x28E2,0x3124,0x28C2,0x28C0,0x3921,0x8B89,0x6244,
  0x4941,0x40C1,0x4040,0x5081,0x5081,0x50A1,0x4881,0x48A2,0x48E3,0x38A1,0x30A0,0x28A0,
  0x28E0,0x41C2,0x3962,0x20C0,0x2902,0x20C0,0x41C4,0x3982,0x39A3,0x62C8,0x5A88,0x62C9,
  0x4A27,0x2922,0x39A3,0x2921,0x62C8,0x736C,0x39A4,0x2921,0x41C4,0x3983,0x41E5,0x3143,
  0x4A26,0x7BAC,0x7B8B,0x7BAC,0x7B8C,0x7B8C,0x7BAC,0x83CD,0x5247,0x20E1,0x39A4,0x39A4,
  0x41C4,0x41C4,0x2942,0x41E5,0x5AA8,0x5AA8,0x62C9,0x3983,0x2101,0x3163,0x3983,0x3983,
  0x7B4B,0x730A,0x6B0A,0x5206,0x5226,0x3963,0x28E1,0x3101,0x4A05,0x5225,0x41C4,0x3983,
  0x3983,0x41C4,0x49E4,0x5225,0x49E4,0x3121,0x5225,0x41A3,0x3962,0x41C4,0x3983,0x3983,
  0x49E4,0x41C4,0x2901,0x3163,0x5AC8,0x5A88,0x4A26,0x4A26,0x3983,0x3163,0x39C4,0x3164,
  0x20E1,0x20E2,0x2903,0x2902,0x3961,0x7AE6,0x82E4,0x82E3,0x82C4,0x5180,0x6A63,0x8324,
  0x7B04,0x6AA6,0x2902,0x2923,0x3144,0x3123,0x2943,0x2903,0x2923,0x3143,0x2923,0x5247,
  0x62C9,0x5A88,0x5AA8,0x5AA8,0x5AA8,0x62C9,0x62E9,0x62C9,0x62C9,0x6AEA,0x6AEA,0x5AA8,
  0x5A88,0x3143,0x2902,0x39A4,0x3142,0x4A25,0x5245,0x4A04,0x3981,0x5244,0x49E3,0x4A03,
  0x4A04,0x3962,0x28E1,0x2923,0x2903,0x2903,0x2923,0x2924,0x2944,0x2944,0x2923,0x2923,
  0x2944,0x3144,0x2923,0x2923,0x2923,0x2943,0x2944,0x2943,0x3184,0x2922,0x2941,0x4A04,
  0x4A44,0x5244,0x5244,0x3982,0x20E0,0x3963,0x3163,0x39A4,0x2923,0x18A1,0x20C2,0x1860,
  0x20A1,0x1820,0x30E2,0x30C2,0x2060,0x2081,0x1820,0x3923,0x5A48,0x6289,0x62A9,0x62A9,
  0x62A9,0x62E9,0x62E9,0x62A9,0x5AA8,0x62C9,0x6AE9,0x6AE9,0x62C9,0x62E9,0x62C9,0x5AA9,
  0x5A88,0x3123,0x39A4,0x5247,0x6B0A,0x5A88,0x2922,0x5266,0x5246,0x3984,0x5AC9,0x39C5,
  0x20E1,0x20E0,0x2100,0x2940,0x2100,0x41E2,0x5284,0x62C5,0x3141,0x3981,0x5A64,0x28E0,
  0x3100,0x3941,0x4181,0x49E3,0x3941,0x30E2,0x28A2,0x28A1,0x3921,0x72A5,0x7AC5,0x5981,
  0x5942,0x4040,0x4841,0x5041,0x5841,0x5040,0x5041,0x4820,0x4861,0x40A1,0x38C0,0x28A0,
  0x4181,0x7B88,0x62C6,0x5245,0x41E5,0x2901,0x41C3,0x4A04,0x41E3,0x5AA7,0x5A88,0x62EA,
  0x5247,0x2922,0x3984,0x2901,0x62E9,0x732B,0x3984,0x2901,0x39C4,0x3983,0x41E4,0x3163,
  0x5246,0x7B8C,0x736B,0x7B6B,0x736B,0x7B8C,0x7B8C,0x7B8C,0x49E6,0x2922,0x39A4,0x39A4,
  0x39C4,0x41E4,0x3183,0x4A25,0x5AC8,0x5AA8,0x5AA8,0x3983,0x2922,0x3983,0x3162,0x3162,
  0x7B4B,0x732A,0x62C8,0x6AE9,0x41C5,0x49E5,0x41A4,0x49E4,0x49E4,0x49E4,0x49E4,0x5205,
  0x4A05,0x41C4,0x49E4,0x49E4,0x49E4,0x3142,0x41C3,0x3962,0x3962,0x49E4,0x41A3,0x49E4,
  0x41A3,0x49E4,0x2922,0x20E1,0x4A05,0x5267,0x5267,0x5A87,0x41E5,0x2902,0x39A4,0x3143,
  0x20E2,0x20E2,0x28E2,0x28E1,0x49A2,0x8B47,0x8AE4,0x8AE4,0x7263,0x5181,0x72A4,0x8B44,
  0x8325,0x5A25,0x20C1,0x2924,0x3144,0x3123,0x2923,0x2103,0x2923,0x2923,0x20E2,0x5267,
  0x6B0A,0x5AA8,0x62C8,0x62C9,0x5AA8,0x5AA8,0x62C9,0x5A88,0x5247,0x5AA8,0x62C9,0x5AA9,
  0x5AA8,0x39A4,0x2902,0x41C5,0x3143,0x4A25,0x5266,0x4A24,0x3161,0x39A1,0x3981,0x3120,
  0x3982,0x41C4,0x2922,0x3143,0x3144,0x2924,0x2944,0x3164,0x2944,0x2943,0x2943,0x2943,
  0x2944,0x3144,0x2923,0x2923,0x2923,0x2923,0x2944,0x2943,0x2943,0x3183,0x3142,0x4A45,
  0x5265,0x5A85,0x3982,0x2901,0x2902,0x2902,0x3963,0x3123,0x20A1,0x20C2,0x2081,0x30E3,
  0x3944,0x4144,0x72CA,0x4123,0x2881,0x30E2,0x28A2,0x2060,0x2081,0x5A27,0x6AEA,0x62A9,
  0x6AE9,0x62E9,0x62C9,0x62C8,0x62C9,0x62E9,0x6AE9,0x62C9,0x62C9,0x62E9,0x62EA,0x62C9,
  0x62C9,0x3964,0x3123,0x3984,0x62C9,0x4A25,0x41C4,0x62C7,0x39A3,0x5246,0x736B,0x3163,
  0x20E2,0x39C4,0x3983,0x20E1,0x3122,0x2901,0x41A4,0x6AC8,0x4182,0x3920,0x72E6,0x6AA5,
  0x4162,0x4983,0x4982,0x3920,0x3921,0x5A47,0x38E3,0x30C2,0x4942,0x8B26,0x61E2,0x61A3,
  0x48C2,0x4022,0x5842,0x5822,0x5821,0x5801,0x5821,0x5021,0x4841,0x48A1,0x40E0,0x30C0,
  0x62A3,0x7BA6,0x7366,0x7368,0x3982,0x2921,0x5265,0x4A24,0x39A2,0x62E8,0x62C8,0x62C9,
  0x5227,0x2923,0x39A4,0x20E1,0x62C9,0x736C,0x3964,0x2901,0x41C4,0x39A4,0x41C4,0x2922,
  0x5267,0x7B8B,0x7B8B,0x736B,0x736B,0x7B8C,0x7B6C,0x736C,0x49E6,0x20E2,0x39A4,0x3983,
  0x39C4,0x4A05,0x39A3,0x4A26,0x5AA8,0x5AA8,0x5267,0x3143,0x3163,0x39A3,0x3163,0x2921,
  0x730A,0x5247,0x3143,0x732A,0x5226,0x3963,0x4A05,0x49E5,0x41A3,0x41C3,0x4A04,0x49E4,
  0x49E4,0x49E4,0x49E4,0x49E4,0x41C4,0x3121,0x49E4,0x41C4,0x3142,0x49E4,0x41C4,0x41C4,
  0x49E4,0x41C4,0x39A4,0x1880,0x41C4,0x5A87,0x5247,0x5267,0x5246,0x2922,0x3143,0x3143,
  0x20E1,0x2902,0x2903,0x20C0,0x5A04,0x8B47,0x82C4,0x8AE5,0x6A03,0x5161,0x8307,0x8B44,
  0x8346,0x5205,0x20E2,0x3164,0x3144,0x3123,0x2923,0x2903,0x2943,0x2923,0x20E2,0x5A88,
  0x6B2A,0x5AA8,0x62C9,0x62C9,0x5AA8,0x5AA8,0x5A88,0x41E5,0x3964,0x4A26,0x5A88,0x5AA9,
  0x5AA9,0x41A5,0x20E1,0x3163,0x2942,0x39A3,0x5245,0x5245,0x41C3,0x41C2,0x49E3,0x41C2,
  0x4A03,0x5245,0x3143,0x2902,0x3144,0x2944,0x3164,0x3185,0x3164,0x2943,0x2944,0x3164,
  0x2944,0x2943,0x2944,0x2944,0x2964,0x2944,0x2943,0x2923,0x3163,0x2922,0x3983,0x5AC7,
  0x5245,0x2921,0x2921,0x2902,0x3963,0x3123,0x3123,0x1820,0x28C2,0x49C5,0x4164,0x30A2,
  0x30E2,0x51C6,0x38E2,0x2861,0x38E2,0x4124,0x4103,0x38E3,0x28A1,0x30E2,0x6AC9,0x6AE9,
  0x5A88,0x62E9,0x62C9,0x62C9,0x62C9,0x62C9,0x62C9,0x62C9,0x6AEA,0x6AEA,0x6B0A,0x62C9,
  0x6AEA,0x41C5,0x3123,0x3984,0x6B0A,0x41C4,0x39A3,0x41C3,0x2900,0x41E4,0x5267,0x2902,
  0x20C1,0x3984,0x20E1,0x41A5,0x4185,0x2081,0x28C1,0x38E1,0x4962,0x5A03,0x72A4,0x72A4,
  0x72C5,0x7AE7,0x72C6,0x51C1,0x6244,0x72C7,0x30C2,0x30A0,0x59C3,0x7AC4,0x61C1,0x6183,
  0x4882,0x5063,0x5843,0x5822,0x5822,0x5001,0x5001,0x5021,0x5062,0x48A1,0x3880,0x51C0,
  0x7B85,0x7364,0x7BA6,0x6305,0x2920,0x20E0,0x2100,0x20E0,0x2920,0x3161,0x2942,0x5247,
  0x4A06,0x2923,0x41C5,0x2922,0x5267,0x7B8C,0x39A4,0x20E1,0x41E5,0x41C4,0x41C4,0x2902,
  0x5AA8,0x7B8B,0x7B8C,0x736B,0x7B8C,0x7B8C,0x736B,0x7B8C,0x5267,0x20E1,0x3984,0x39A4,
  0x41C4,0x39A3,0x3142,0x4A26,0x5267,0x5AA8,0x4A06,0x2901,0x3983,0x3983,0x3182,0x3162,
  0x7B8B,0x41C4,0x3122,0x4A05,0x5A87,0x3963,0x41C4,0x41A3,0x5205,0x49C4,0x49E3,0x49E4,
  0x49E4,0x5225,0x49E4,0x49E4,0x5246,0x3962,0x2901,0x28E1,0x2921,0x5246,0x41C4,0x3162,
  0x4A05,0x41C4,0x20E1,0x1880,0x41C4,0x5A88,0x4A26,0x5267,0x5267,0x3163,0x2902,0x39A4,
  0x20A1,0x2902,0x2923,0x2901,0x6AA6,0x82E5,0x7A83,0x82C5,0x5982,0x4921,0x7AE7,0x7AE3,
  0x7B05,0x49A4,0x2903,0x3185,0x2943,0x2923,0x2923,0x2903,0x2944,0x3143,0x2902,0x62C9,
  0x732A,0x5AA8,0x62C8,0x62A8,0x5A88,0x5AA8,0x5AA8,0x41E5,0x41C5,0x5AA8,0x62C8,0x62C9,
  0x5AA9,0x39A5,0x20E1,0x3164,0x39A4,0x3983,0x4A25,0x5245,0x49E3,0x41A2,0x49E3,0x4A23,
  0x5224,0x5246,0x3963,0x20E1,0x3164,0x3164,0x3164,0x3184,0x3164,0x2923,0x2943,0x2943,
  0x2943,0x2923,0x2943,0x3164,0x2964,0x2943,0x2943,0x2923,0x3163,0x3164,0x3163,0x4A05,
  0x2942,0x2921,0x2921,0x3123,0x20A1,0x3103,0x28A1,0x3923,0x4144,0x30C1,0x6247,0x59A5,
  0x2860,0x2840,0x4944,0x59C6,0x38E2,0x3081,0x30A1,0x3081,0x3903,0x2881,0x4184,0x730A,
  0x62C9,0x62C9,0x62E9,0x62E9,0x62C9,0x62C9,0x62E9,0x62C9,0x62C9,0x5AA8,0x62C9,0x5A88,
  0x62E9,0x4A06,0x2922,0x41E5,0x5A87,0x2941,0x2100,0x3161,0x39C2,0x3982,0x2901,0x3963,
  0x41C4,0x20A0,0x3963,0x7B4B,0x4184,0x2880,0x4983,0x6225,0x82E7,0x8306,0x7282,0x7261,
  0x7281,0x7282,0x7283,0x4960,0x6A63,0x49A1,0x30C0,0x30C0,0x6A84,0x7AC3,0x5980,0x5963,
  0x48A3,0x4863,0x5022,0x5842,0x5041,0x5021,0x5021,0x4821,0x4041,0x48A1,0x38C0,0x7B25,
  0x7344,0x7BA5,0x7385,0x6304,0x4203,0x39A2,0x39A2,0x4222,0x62E5,0x41E3,0x20E0,0x4A26,
  0x41C5,0x3143,0x41C4,0x3162,0x39C4,0x7B8C,0x41E5,0x20E1,0x41C4,0x41C4,0x39A4,0x2902,
  0x62C9,0x736B,0x7B8C,0x7B6C,0x7B8C,0x7B6C,0x734B,0x83AD,0x62C9,0x2902,0x3984,0x39A4,
  0x39A4,0x3142,0x2921,0x5A87,0x5267,0x5AA8,0x4A05,0x20E1,0x3162,0x3162,0x3162,0x3162,
  0x7B6B,0x4A05,0x49C5,0x3122,0x5A67,0x3983,0x3983,0x5225,0x4A04,0x49E4,0x49E3,0x5225,
  0x3983,0x3142,0x5A66,0x41C4,0x49E5,0x3983,0x28E1,0x5246,0x3983,0x2901,0x3143,0x41A4,
  0x3142,0x41C4,0x41C4,0x20E1,0x3984,0x5A67,0x5247,0x5A88,0x5247,0x41C5,0x2923,0x39A5,
  0x20A1,0x20E2,0x2903,0x4184,0x7B08,0x7AA5,0x7A83,0x7A85,0x5142,0x4942,0x7AA6,0x72A3,
  0x6AA3,0x3102,0x28E3,0x2944,0x2923,0x2922,0x2903,0x20E3,0x2903,0x2923,0x2923,0x5A88,
  0x6AE9,0x5AA8,0x62C8,0x62A8,0x5AA8,0x62C9,0x62E9,0x5A88,0x5A88,0x62E9,0x62C8,0x5A67,
  0x5A68,0x3964,0x2902,0x3984,0x39A4,0x3183,0x39A3,0x41E4,0x41E3,0x3981,0x41C2,0x4A03,
  0x4A24,0x5245,0x41A4,0x20E2,0x3984,0x3985,0x3164,0x3184,0x3164,0x3163,0x2943,0x2943,
  0x2943,0x2943,0x2943,0x2943,0x2943,0x2923,0x2923,0x2943,0x2923,0x39A5,0x2902,0x20E1,
  0x2901,0x28E1,0x3963,0x3964,0x2903,0x2081,0x3903,0x4985,0x2860,0x3060,0x5164,0x5164,
  0x40C2,0x7289,0x7289,0x59A5,0x40E3,0x5165,0x4924,0x2860,0x4144,0x3902,0x28C1,0x62A8,
  0x6AE9,0x62C9,0x6B09,0x6B09,0x62E9,0x62C9,0x62C9,0x6B0A,0x734B,0x6B0A,0x6B0A,0x62C9,
  0x62C9,0x4A06,0x2902,0x41C4,0x2901,0x3982,0x5265,0x62C6,0x5AC6,0x5A85,0x6287,0x6AC7,
  0x5224,0x3961,0x6285,0x5A44,0x30C0,0x4941,0x61E3,0x7284,0x7A83,0x7A61,0x7AA1,0x82C1,
  0x7240,0x7A62,0x69E2,0x4100,0x8305,0x51C2,0x30C0,0x4140,0x6243,0x6A63,0x4940,0x61A4,
  0x4081,0x3841,0x4882,0x5081,0x5081,0x5082,0x5082,0x4862,0x4882,0x3880,0x38C0,0x7B25,
  0x7B85,0x7365,0x5AC3,0x4202,0x5264,0x5264,0x7387,0x7BC8,0x7387,0x41E1,0x2941,0x4A46,
  0x3984,0x3143,0x39A3,0x3983,0x3162,0x736B,0x4A26,0x20C0,0x3163,0x39A4,0x3984,0x2902,
  0x62C9,0x736B,0x736B,0x7B8C,0x7BAC,0x7B6C,0x734B,0x83CD,0x62C9,0x2923,0x3984,0x3163,
  0x3163,0x3162,0x3162,0x62C8,0x5A88,0x5AA8,0x4A06,0x20E1,0x3142,0x3142,0x2941,0x3962,
  0x7309,0x49E5,0x41C4,0x3984,0x3122,0x2922,0x41A3,0x4A05,0x49E4,0x5225,0x49C3,0x41C3,
  0x3142,0x2901,0x41A3,0x4A05,0x41C4,0x3142,0x49E5,0x83AC,0x6AE9,0x41C5,0x5247,0x734A,
  0x3963,0x39A4,0x6B2A,0x3163,0x39A4,0x62C8,0x41C4,0x4A06,0x4A26,0x4A26,0x3163,0x2902,
  0x20C1,0x2923,0x20E2,0x49E5,0x72C6,0x7264,0x7A84,0x7A44,0x5142,0x59C4,0x7AE7,0x8325,
  0x72C4,0x28C1,0x28E3,0x2123,0x2923,0x2922,0x2903,0x2103,0x2903,0x2923,0x2923,0x5267,
  0x6B0A,0x62A8,0x62C9,0x62E9,0x62E9,0x62C9,0x62C9,0x62C9,0x5AA8,0x62A8,0x62C8,0x5A88,
  0x5AA8,0x3163,0x2902,0x3984,0x3163,0x41C4,0x3162,0x41C3,0x4A24,0x4A24,0x4A03,0x5244,
  0x5245,0x5246,0x41A4,0x2902,0x2923,0x3164,0x3164,0x3164,0x3184,0x3184,0x2963,0x2943,
  0x2943,0x2923,0x2943,0x2943,0x2943,0x2943,0x2943,0x2943,0x3164,0x3143,0x3143,0x39A4,
  0x2902,0x3963,0x49E5,0x28E2,0x28E3,0x2081,0x30E3,0x3081,0x5A07,0x5184,0x40A1,0x2820,
  0x6A07,0x7A89,0x40E2,0x3060,0x3081,0x5165,0x7269,0x5165,0x38E2,0x30C1,0x28E1,0x5A47,
  0x6AE9,0x62A8,0x6B09,0x62E9,0x62C9,0x62E9,0x6B0A,0x62A9,0x5247,0x5A88,0x62E9,0x6B2A,
  0x6B0A,0x5AA8,0x28E1,0x20C0,0x2900,0x5245,0x62E7,0x5264,0x4202,0x49E3,0x4182,0x3961,
  0x3940,0x6284,0x6AC5,0x6242,0x4120,0x3900,0x7262,0x7A83,0x7220,0x7A81,0x8AC1,0x7A60,
  0x7A20,0x7A42,0x69A2,0x48E0,0x7AC6,0x5183,0x30A0,0x3900,0x6A85,0x72C5,0x4961,0x61E5,
  0x4923,0x3880,0x48E2,0x48A0,0x3840,0x4060,0x4881,0x4061,0x48E3,0x5183,0x38E0,0x6283,
  0x7BA6,0x5262,0x3160,0x3181,0x2960,0x20E0,0x5284,0x6B46,0x7386,0x5264,0x2100,0x3142,
  0x3983,0x3142,0x3183,0x3983,0x39A3,0x7B8B,0x5267,0x20C0,0x3143,0x3984,0x3984,0x2922,
  0x62C9,0x736B,0x734B,0x7BAC,0x7BAD,0x7B8C,0x734B,0x7BAC,0x5A88,0x2923,0x3984,0x3143,
  0x3162,0x3983,0x3163,0x4A26,0x5AC8,0x5A88,0x4A05,0x2922,0x3163,0x3183,0x3142,0x3141,
  0x7329,0x3142,0x49E5,0x5247,0x3963,0x3943,0x41C4,0x49E5,0x5225,0x49E4,0x5246,0x3122,
  0x4183,0x6AE9,0x3963,0x41C4,0x4A05,0x3963,0x6B09,0x732A,0x732A,0x7B6B,0x734A,0x7B6B,
  0x5226,0x2922,0x6B09,0x2901,0x41C5,0x5267,0x3984,0x4A06,0x5247,0x5247,0x41C5,0x20C1,
  0x28E2,0x2902,0x28E1,0x5205,0x7284,0x6A22,0x7A44,0x7A25,0x5122,0x61E3,0x7AC5,0x8346,
  0x6AC5,0x20A1,0x28E3,0x2924,0x2943,0x2922,0x2902,0x2944,0x2903,0x3143,0x3164,0x62A9,
  0x6AE9,0x62A8,0x5A88,0x62E9,0x6B0A,0x62C9,0x62C9,0x5A88,0x5A88,0x62C8,0x62C9,0x62C9,
  0x62E9,0x3164,0x2902,0x3964,0x3143,0x41C4,0x3142,0x4A04,0x5265,0x4A24,0x5264,0x4A24,
  0x4A03,0x5265,0x41C4,0x2901,0x3143,0x3164,0x3164,0x3164,0x3164,0x3184,0x3144,0x2943,
  0x2944,0x3164,0x3144,0x3164,0x3164,0x3143,0x2943,0x3164,0x3164,0x2903,0x3984,0x2923,
  0x2902,0x5206,0x3963,0x3122,0x2080,0x30E1,0x3922,0x3080,0x5A06,0x7AE9,0x4923,0x3080,
  0x5164,0x3881,0x38C2,0x5165,0x38C3,0x3881,0x5143,0x6A27,0x30C1,0x51C5,0x3922,0x49A4,
  0x6AC9,0x62C9,0x62C9,0x62A9,0x734B,0x5267,0x3183,0x3162,0x2920,0x2940,0x2921,0x39A3,
  0x41E4,0x41C4,0x2921,0x3982,0x5AA6,0x62E7,0x5264,0x3180,0x2100,0x20C0,0x20A0,0x28E0,
  0x3960,0x6284,0x72E6,0x4181,0x3920,0x4980,0x7282,0x7241,0x8262,0x8262,0x7A61,0x7A20,
  0x8A42,0x8243,0x6181,0x4900,0x7286,0x4942,0x38C1,0x4102,0x72E9,0x6266,0x3941,0x4163,
  0x3921,0x38E0,0x38E0,0x30C0,0x4121,0x38E0,0x3901,0x4143,0x49A5,0x6287,0x3941,0x5A83,
  0x7386,0x39A0,0x2901,0x5264,0x39A1,0x2940,0x6306,0x7BE9,0x4A43,0x2940,0x4204,0x5246,
  0x2942,0x3142,0x39A4,0x41C4,0x39A3,0x736B,0x5AA8,0x20E1,0x3142,0x3984,0x3984,0x2922,
  0x6B09,0x736B,0x736B,0x7B6B,0x7BAC,0x736B,0x736B,0x7B8C,0x4A27,0x3164,0x39A5,0x3163,
  0x3142,0x41E4,0x2921,0x41E5,0x62E9,0x62E9,0x4A46,0x2101,0x3163,0x3163,0x3983,0x3983,
  0x7BAB,0x49E5,0x41E4,0x5246,0x41A4,0x2901,0x3983,0x5246,0x4A25,0x3142,0x3122,0x28E1,
  0x62C8,0x83AC,0x3983,0x41C4,0x41A4,0x41A4,0x734A,0x6AE9,0x730A,0x6AE9,0x730A,0x7B6B,
  0x5246,0x3122,0x5A67,0x3142,0x39A4,0x5A87,0x5247,0x5247,0x5AA8,0x62EA,0x5268,0x20E2,
  0x20C1,0x2902,0x3102,0x6A66,0x8305,0x7A63,0x7A45,0x7205,0x48E0,0x6A03,0x7AC5,0x7B26,
  0x6AA6,0x2902,0x2904,0x2904,0x2923,0x2942,0x2902,0x2944,0x2923,0x3964,0x3985,0x62E9,
  0x62A9,0x5A88,0x6AE9,0x6B09,0x62A8,0x5A68,0x62C9,0x6B2A,0x62E9,0x5AC8,0x62C8,0x62C9,
  0x62E9,0x3144,0x2903,0x3164,0x2923,0x3163,0x3963,0x3141,0x5A86,0x5244,0x49E3,0x5265,
  0x4A04,0x4A24,0x39A3,0x2901,0x3163,0x3143,0x3144,0x2944,0x3164,0x3164,0x3144,0x2943,
  0x3144,0x3165,0x3144,0x3164,0x3164,0x3143,0x2943,0x3164,0x3184,0x2943,0x3164,0x3123,
  0x3963,0x5A26,0x3101,0x30C1,0x2880,0x4984,0x4123,0x2840,0x40E2,0x59C5,0x6A47,0x38C1,
  0x3081,0x4944,0x7269,0x59A6,0x38A2,0x40C2,0x3880,0x38C1,0x4943,0x72A8,0x30E1,0x3102,
  0x6AE9,0x6AC9,0x62A9,0x62A9,0x39C4,0x18E1,0x39C3,0x4A44,0x5A84,0x5AA5,0x4A43,0x4203,
  0x39C2,0x3161,0x41E3,0x62C6,0x5AA5,0x5A84,0x5A84,0x4A01,0x41E2,0x4A03,0x41A4,0x5204,
  0x3100,0x49C2,0x6AC6,0x3921,0x3100,0x5A01,0x7AA3,0x7A41,0x8262,0x7A22,0x7222,0x7201,
  0x8223,0x8223,0x69E2,0x5160,0x72A6,0x4982,0x3080,0x38E1,0x4143,0x3122,0x4A25,0x3982,
  0x4182,0x49C3,0x41C2,0x4203,0x5AA5,0x4A03,0x2900,0x49E5,0x5247,0x41A3,0x3160,0x6B45,
  0x6B45,0x4A41,0x39C1,0x2900,0x2100,0x62E4,0x7367,0x4A44,0x2920,0x4A05,0x5A87,0x5247,
  0x2101,0x3183,0x39C4,0x3163,0x20E1,0x6B09,0x6B09,0x2101,0x2922,0x39A4,0x3963,0x3143,
  0x734A,0x736B,0x7B8B,0x736B,0x7BAC,0x7B8C,0x7BAC,0x7B6C,0x4A06,0x2923,0x39A4,0x3984,
  0x3983,0x4A05,0x2901,0x41E4,0x62E9,0x6AE9,0x5247,0x20E1,0x3163,0x3163,0x39A3,0x41C4,
  0x83AC,0x62C8,0x3963,0x4A05,0x3983,0x4A05,0x3983,0x49E5,0x41A4,0x4A05,0x6AE9,0x6AC9,
  0x7B6B,0x7B8B,0x49E5,0x41A4,0x41A4,0x4A05,0x7B8B,0x6AE9,0x7309,0x7309,0x732A,0x7B8B,
  0x4A05,0x2902,0x3163,0x2902,0x2922,0x5AA8,0x62C9,0x5AA8,0x5A88,0x4A47,0x5A89,0x3143,
  0x18A0,0x2901,0x3902,0x72A7,0x8B26,0x7AA4,0x7A66,0x69C4,0x48E0,0x7244,0x82E6,0x7B27,
  0x6245,0x28E2,0x3124,0x3125,0x2923,0x2922,0x2923,0x2923,0x2923,0x3984,0x39A5,0x62C9,
  0x62C9,0x5A88,0x6B0A,0x62C9,0x5A88,0x6B09,0x5247,0x3143,0x4A46,0x62E9,0x5AC8,0x62C9,
  0x62C9,0x3144,0x2102,0x3164,0x2923,0x3143,0x41C5,0x2921,0x3162,0x5A86,0x49E3,0x4A24,
  0x4A24,0x4A04,0x3983,0x2901,0x3143,0x2943,0x3144,0x3144,0x3164,0x3164,0x3164,0x3144,
  0x3144,0x3144,0x3144,0x3144,0x3144,0x3163,0x3143,0x3163,0x3163,0x2943,0x3143,0x3143,
  0x3984,0x49E5,0x30E1,0x2040,0x4104,0x4965,0x3061,0x4924,0x4103,0x3060,0x3061,0x40C2,
  0x6A27,0x6A47,0x5163,0x2840,0x4923,0x82AA,0x40C3,0x38A2,0x4923,0x51C5,0x2880,0x30E1,
  0x6288,0x6AE9,0x6AE9,0x5A67,0x18A0,0x5286,0x6307,0x5AC5,0x62E4,0x5AC4,0x5AA4,0x5AE5,
  0x5AC5,0x5AC5,0x5AA4,0x5242,0x4A21,0x5242,0x5AA4,0x62C4,0x5AA4,0x5A65,0x6286,0x49E3,
  0x3900,0x6264,0x6AA6,0x30E0,0x30E0,0x59E1,0x7262,0x7200,0x7A21,0x7A21,0x7A41,0x7A41,
  0x7A42,0x7A42,0x6A42,0x4960,0x6A63,0x5181,0x38A0,0x40C0,0x4101,0x30E0,0x4A04,0x5AA7,
  0x6B08,0x5265,0x5265,0x5AA6,0x5AA6,0x4A04,0x2100,0x4A04,0x4A04,0x20C0,0x5284,0x7BC6,
  0x8407,0x7BE6,0x6B04,0x5AA4,0x5AA4,0x7347,0x62E6,0x2900,0x41E4,0x5A87,0x5AC9,0x41E5,
  0x2102,0x3183,0x3183,0x3183,0x2901,0x62E9,0x6B2A,0x2902,0x20E1,0x39A4,0x3143,0x39A4,
  0x736B,0x736B,0x736B,0x736B,0x7BAC,0x7BAC,0x7BAC,0x736C,0x4A06,0x20E2,0x3984,0x3983,
  0x3983,0x3983,0x3142,0x4A46,0x62C8,0x62C9,0x4A26,0x20C1,0x3163,0x3983,0x39A3,0x3962,
  0x7B8B,0x7B4A,0x3983,0x3983,0x41C4,0x732A,0x5A47,0x3143,0x28E1,0x62C9,0x83CC,0x7B8B,
  0x7B4A,0x7B6B,0x6AE9,0x3942,0x3942,0x62A8,0x83AC,0x732A,0x7309,0x732A,0x7B6B,0x6AC9,
  0x3122,0x3984,0x3122,0x2902,0x3142,0x5246,0x5267,0x5267,0x39A4,0x39C5,0x5268,0x3164,
  0x18A0,0x3122,0x3101,0x6224,0x7AA4,0x7A64,0x7A66,0x6163,0x48C0,0x7245,0x7AA5,0x7AE6,
  0x49C3,0x20A1,0x3124,0x3125,0x2923,0x2102,0x2923,0x2903,0x20E2,0x3143,0x3984,0x62C9,
  0x6AEA,0x62E9,0x6AE9,0x5AA8,0x62A8,0x62C9,0x39A4,0x2901,0x5246,0x6B09,0x62C8,0x5AA8,
  0x5AA9,0x2943,0x20E2,0x3144,0x2923,0x2923,0x3983,0x39A4,0x20C0,0x4A24,0x5A86,0x5224,
  0x4A04,0x4A04,0x41E4,0x20E1,0x2943,0x3164,0x2944,0x3164,0x3164,0x3164,0x3164,0x3143,
  0x2944,0x2944,0x3144,0x3144,0x3143,0x3163,0x3164,0x3143,0x2923,0x3164,0x3143,0x2923,
  0x3122,0x4163,0x30E1,0x2861,0x38A3,0x3883,0x3882,0x4904,0x7248,0x5164,0x3881,0x4923,
  0x5984,0x3880,0x4902,0x59A4,0x48E1,0x69E7,0x82AB,0x5145,0x2840,0x4123,0x28C1,0x2080,
  0x5A67,0x62A8,0x6B09,0x39A3,0x41E3,0x6307,0x5AE5,0x62E5,0x62E6,0x5AA4,0x5AC5,0x6305,
  0x6305,0x5282,0x4A41,0x4A21,0x5262,0x62A4,0x5A63,0x5A64,0x5244,0x41C2,0x4160,0x30C0,
  0x49A2,0x7B07,0x51E4,0x30A0,0x4961,0x6A42,0x7A82,0x7A40,0x7A20,0x7A00,0x7A20,0x7A20,
  0x7A41,0x7A83,0x6222,0x4120,0x6A42,0x5981,0x3880,0x40A0,0x4941,0x5203,0x2900,0x3160,
  0x2960,0x2940,0x20E0,0x3142,0x39A3,0x41C3,0x3141,0x18C0,0x18C0,0x41E2,0x7366,0x4A41,
  0x41E0,0x5241,0x5261,0x62E4,0x7BA8,0x5264,0x18A0,0x3982,0x5A87,0x5AA8,0x5AA9,0x39C5,
  0x20E1,0x3163,0x3183,0x4205,0x3163,0x5AA7,0x734A,0x3163,0x20C0,0x39A4,0x3142,0x3984,
  0x736B,0x736B,0x736B,0x734B,0x7B6B,0x7B8C,0x7B8C,0x7B8C,0x5268,0x20E2,0x3163,0x3143,
  0x3183,0x2922,0x39A3,0x62E9,0x5AA8,0x5AA8,0x4A05,0x20C0,0x3163,0x3983,0x3983,0x3162,
  0x734A,0x7B6B,0x4A05,0x28E1,0x5226,0x734A,0x734B,0x41A4,0x41A4,0x734B,0x730A,0x732A,
  0x6B09,0x732A,0x83AC,0x5205,0x3942,0x732A,0x732A,0x734A,0x734A,0x6B09,0x734A,0x5A47,
  0x28E1,0x49E5,0x3163,0x3983,0x2902,0x4A26,0x5267,0x5247,0x41E5,0x5288,0x5AC9,0x39A4,
  0x20C0,0x3922,0x3901,0x59E3,0x7264,0x7A84,0x7A66,0x5101,0x48A0,0x6A04,0x6A23,0x6A85,
  0x4162,0x28E2,0x3124,0x20E3,0x2103,0x2943,0x2943,0x20E2,0x20E2,0x2923,0x3984,0x62C9,
  0x6AEA,0x6AE9,0x5AA8,0x5A67,0x5A88,0x5A88,0x5247,0x62C8,0x6B09,0x6B09,0x62E8,0x5AA8,
  0x5AA8,0x2943,0x2103,0x2923,0x3144,0x2923,0x20E1,0x2942,0x39A3,0x3162,0x4A25,0x5A86,
  0x5245,0x4A05,0x4A05,0x2902,0x3163,0x3984,0x3164,0x3164,0x3164,0x3144,0x3144,0x2923,
  0x2923,0x2944,0x3144,0x3144,0x3144,0x3164,0x3164,0x3143,0x2923,0x3164,0x2943,0x2922,
  0x3122,0x3942,0x30C0,0x3061,0x40E4,0x59A6,0x40C3,0x3040,0x48E2,0x6A07,0x5143,0x3040,
  0x4902,0x61C5,0x6A06,0x61C5,0x40E2,0x3881,0x59A6,0x7AAA,0x38C2,0x38C1,0x3902,0x28C1,
  0x5226,0x6AE9,0x4A05,0x3962,0x62E7,0x62E7,0x62C6,0x62C6,0x5265,0x5A65,0x5285,0x4A23,
  0x5283,0x52A3,0x62E4,0x5262,0x62A4,0x6B06,0x5224,0x3942,0x20A0,0x28C0,0x3900,0x4980,
  0x6A64,0x6A66,0x38C0,0x61E4,0x7244,0x7A62,0x8282,0x7A41,0x7A20,0x7200,0x7A00,0x7200,
  0x6A00,0x6A41,0x7283,0x51A0,0x6203,0x7225,0x40A0,0x48C1,0x3060,0x6224,0x6B06,0x5A83,
  0x5282,0x5261,0x5A85,0x41E5,0x3142,0x3162,0x3141,0x39A2,0x5A85,0x62E5,0x2940,0x3140,
  0x41C2,0x3981,0x2100,0x4A22,0x5264,0x18A0,0x2900,0x5246,0x62C9,0x5A88,0x5A88,0x3143,
  0x20C1,0x3983,0x39A3,0x39C4,0x2901,0x4A26,0x7B8B,0x41E5,0x20C0,0x3983,0x2922,0x3143,
  0x6B4A,0x736B,0x7B8C,0x736B,0x7B8C,0x7BAC,0x7B8C,0x7B8C,0x5AA9,0x20C1,0x3123,0x3983,
  0x39A4,0x2921,0x39C4,0x62E8,0x5AA8,0x5AA8,0x41E5,0x18A0,0x3163,0x3983,0x3162,0x3982,
  0x6AE9,0x734A,0x62C8,0x49E5,0x62A8,0x6B0A,0x6AE9,0x62A8,0x732A,0x730A,0x730A,0x732A,
  0x6B09,0x7309,0x7B8B,0x732A,0x6AC8,0x734A,0x7329,0x732A,0x7B4A,0x6AE9,0x7B4A,0x6B09,
  0x41A4,0x3102,0x41C5,0x5226,0x18A0,0x49E5,0x5AA8,0x5247,0x5AA8,0x4A26,0x5AA8,0x4A26,
  0x2901,0x28C0,0x4142,0x6A45,0x7264,0x82A5,0x7A25,0x48C0,0x48C0,0x6A04,0x6A44,0x6A85,
  0x3941,0x28E2,0x3144,0x2904,0x2944,0x2943,0x2903,0x20E2,0x2903,0x3144,0x41C5,0x62E9,
  0x62C9,0x62C9,0x62E9,0x6B0A,0x6AE9,0x62A8,0x62E9,0x62E9,0x62E9,0x6B09,0x62E9,0x62C8,
  0x5AA8,0x3143,0x2103,0x2944,0x2103,0x3164,0x2922,0x2922,0x3163,0x3183,0x3162,0x3982,
  0x5266,0x5266,0x4A05,0x2902,0x3163,0x3984,0x3184,0x3184,0x3164,0x3144,0x3164,0x3144,
  0x2944,0x3144,0x2944,0x3144,0x3164,0x3164,0x3143,0x2943,0x2943,0x2943,0x2943,0x3163,
  0x3943,0x3962,0x28A0,0x38C1,0x5144,0x61C5,0x4923,0x61C5,0x3880,0x38A1,0x5984,0x4922,
  0x6A06,0x6A06,0x40E1,0x3080,0x2860,0x38A1,0x3080,0x4922,0x38E1,0x38E1,0x51E5,0x28C1,
  0x5206,0x732A,0x20E1,0x3983,0x4A05,0x3962,0x2900,0x20C0,0x3942,0x3941,0x2900,0x2100,
  0x31A0,0x4201,0x5283,0x5A82,0x6B05,0x5A63,0x3120,0x3122,0x41A4,0x5A45,0x6201,0x6222,
  0x72C6,0x51C4,0x30A0,0x6A05,0x7A23,0x7A01,0x7A20,0x7A20,0x7200,0x7200,0x7A00,0x7A20,
  0x7241,0x61E0,0x7283,0x59E2,0x4941,0x7AA7,0x5983,0x3060,0x40C0,0x51A2,0x6264,0x6AE5,
  0x6AE5,0x62C4,0x5265,0x62C7,0x6B08,0x41C3,0x2100,0x6B46,0x7BA7,0x39C1,0x1880,0x3982,
  0x4A04,0x3141,0x3141,0x5AA4,0x5AA5,0x4A24,0x3161,0x3142,0x5AA8,0x62C9,0x5A88,0x3163,
  0x20E1,0x3183,0x3183,0x39A3,0x2921,0x5246,0x83CC,0x4A05,0x20C0,0x3143,0x2922,0x3984,
  0x734B,0x7B8C,0x7B8C,0x7B8C,0x7B8C,0x7BAC,0x7B8C,0x736C,0x62C9,0x2902,0x2902,0x3983,
  0x39A3,0x2101,0x39A3,0x62C8,0x5AA8,0x62C8,0x4A06,0x18A0,0x3163,0x3163,0x3162,0x3162,
  0x732A,0x732A,0x732A,0x732A,0x732A,0x7B4B,0x6AEA,0x6AEA,0x732B,0x6AEA,0x730A,0x6B09,
  0x7309,0x732A,0x7B4B,0x5A46,0x5A67,0x7B4A,0x7309,0x732A,0x7329,0x6B09,0x6AE9,0x734A,
  0x6AE9,0x28E1,0x5247,0x62C9,0x20C1,0x3963,0x5267,0x5267,0x5267,0x4A47,0x5267,0x5246,
  0x3142,0x20A0,0x4982,0x6A65,0x7A84,0x82C6,0x7225,0x48E0,0x5121,0x6A24,0x7265,0x6A65,
  0x3901,0x3102,0x3144,0x2904,0x2944,0x2923,0x2923,0x2903,0x3164,0x3184,0x41E6,0x6B0A,
  0x62A8,0x62E9,0x6B09,0x62A8,0x62C9,0x6AE9,0x62E9,0x62C9,0x62C8,0x62C8,0x62E8,0x62C8,
  0x62C9,0x3164,0x2102,0x2944,0x2103,0x2923,0x2943,0x3163,0x2922,0x3183,0x39A3,0x3141,
  0x41E4,0x39C3,0x4A05,0x2922,0x2943,0x3143,0x3164,0x3164,0x2944,0x2923,0x2943,0x3144,
  0x2944,0x3144,0x2923,0x2943,0x3164,0x3143,0x2923,0x2943,0x3164,0x2943,0x3164,0x3163,
  0x3122,0x3963,0x3901,0x38C0,0x4122,0x3080,0x38C0,0x7287,0x59E4,0x38C0,0x38A0,0x4942,
  0x51A3,0x38C0,0x2880,0x4121,0x4122,0x30A0,0x4140,0x4141,0x3921,0x4161,0x3942,0x20A0,
  0x41E5,0x6B0A,0x5248,0x3164,0x39A4,0x5267,0x6287,0x3122,0x3101,0x41A2,0x2920,0x4A03,
  0x4A63,0x5283,0x5AA3,0x5262,0x5262,0x41A0,0x41C1,0x62A6,0x5A45,0x6265,0x7AC4,0x72C5,
  0x72C7,0x4983,0x3060,0x6182,0x71E1,0x8220,0x7A20,0x7A20,0x6A00,0x69E0,0x71E0,0x7200,
  0x7221,0x7222,0x6A43,0x6223,0x3900,0x6204,0x7AC7,0x4942,0x38A0,0x30A0,0x4100,0x59E4,
  0x4982,0x3921,0x3120,0x4A24,0x840B,0x5A84,0x2940,0x5AA2,0x6322,0x39C0,0x39C1,0x2920,
  0x3962,0x49E3,0x6B06,0x6B26,0x6B05,0x6B27,0x2900,0x3162,0x62C8,0x5AC8,0x5A88,0x4A06,
  0x20E1,0x3163,0x3183,0x39A3,0x2942,0x4A26,0x7B8B,0x5267,0x2101,0x3143,0x2922,0x4A05,
  0x736B,0x734B,0x7B8C,0x736B,0x736B,0x7B8C,0x736B,0x7B8C,0x6B4B,0x3143,0x2902,0x3983,
  0x3163,0x2901,0x39A3,0x62C8,0x5A87,0x5AC8,0x4A06,0x18A0,0x3143,0x3163,0x3162,0x3162,
  0x732A,0x734B,0x6B0A,0x732A,0x732A,0x7B4B,0x730A,0x49E5,0x6AC9,0x732B,0x730A,0x7B4B,
  0x732A,0x732A,0x7B6B,0x41C4,0x28E1,0x7309,0x6B09,0x7329,0x7309,0x7329,0x6AC8,0x6B09,
  0x7B4A,0x5A46,0x62C9,0x6AC9,0x3122,0x2901,0x5A67,0x5A87,0x5287,0x5AC8,0x5267,0x3142,
  0x28C0,0x28A0,0x4962,0x6A65,0x7A85,0x8AE7,0x7225,0x5101,0x5122,0x6A04,0x7265,0x6224,
  0x3101,0x3964,0x3124,0x20C2,0x2924,0x2103,0x2903,0x2923,0x3144,0x2943,0x41C5,0x6B2A,
  0x62C9,0x5A67,0x3984,0x3963,0x3983,0x62C9,0x6B2A,0x62E9,0x62E8,0x62C8,0x62C8,0x62C8,
  0x5A88,0x2923,0x20E2,0x2944,0x2924,0x2103,0x2923,0x3164,0x2943,0x2922,0x39A4,0x41C4,
  0x20E0,0x3163,0x41E5,0x20E1,0x2943,0x2943,0x2944,0x2944,0x2923,0x2923,0x2923,0x2923,
  0x2944,0x2924,0x2923,0x3144,0x3164,0x3143,0x3143,0x3144,0x2923,0x2944,0x3184,0x3143,
  0x3102,0x49C4,0x3921,0x30A0,0x4122,0x4142,0x30A0,0x30A0,0x4141,0x4120,0x4161,0x4140,
  0x4160,0x5A23,0x5A03,0x6264,0x6284,0x5202,0x6A64,0x6264,0x6A64,0x51E3,0x49E4,0x2901,
  0x3984,0x62C9,0x5AA9,0x5AA9,0x62EA,0x6B0A,0x6AC9,0x3922,0x4162,0x41A3,0x3121,0x5265,
  0x5AA6,0x5264,0x4A02,0x5243,0x5243,0x49E1,0x3100,0x3981,0x3961,0x3940,0x51A1,0x6224,
  0x6A87,0x3922,0x38E0,0x7223,0x71E0,0x8240,0x7200,0x7220,0x6A00,0x6A01,0x7A43,0x8285,
  0x8284,0x82A5,0x7265,0x7AA7,0x59A3,0x3901,0x5183,0x4942,0x3080,0x4941,0x59C2,0x59A2,
  0x6A44,0x7AE6,0x7307,0x5AC6,0x4A24,0x2920,0x4A42,0x5AE2,0x6B22,0x6B23,0x6B24,0x5A85,
  0x6AE7,0x83CA,0x7B87,0x62E3,0x7366,0x6B06,0x41C2,0x2920,0x41E3,0x62E8,0x6B2A,0x4205,
  0x18C0,0x3162,0x3162,0x3983,0x2901,0x41C5,0x7BAC,0x62C8,0x3163,0x3142,0x2922,0x5247,
  0x62E9,0x6B4A,0x736B,0x7B8C,0x7B8C,0x7B6C,0x736B,0x7B8C,0x736B,0x3143,0x20C1,0x3163,
  0x3163,0x2101,0x39A3,0x5AA8,0x5A87,0x5AC8,0x4A05,0x20E1,0x3142,0x3142,0x2942,0x3162,
  0x7B8C,0x6AE9,0x730A,0x6AC9,0x5227,0x6AC9,0x6288,0x20A1,0x49E5,0x732A,0x732A,0x732A,
  0x6AE9,0x734A,0x838C,0x49E5,0x28C0,0x6AC8,0x732A,0x6B09,0x7329,0x7329,0x6B09,0x6B09,
  0x7309,0x7329,0x732A,0x62C8,0x3963,0x2901,0x5246,0x5267,0x5267,0x5266,0x39A4,0x20C0,
  0x4183,0x4142,0x30C0,0x61E3,0x82E7,0x82C7,0x5983,0x3880,0x5962,0x7246,0x6204,0x51C3,
  0x3101,0x3123,0x2903,0x2924,0x20E3,0x2102,0x2103,0x2903,0x2923,0x2902,0x41C5,0x6B0A,
  0x62C9,0x4A26,0x20C1,0x3122,0x2901,0x5247,0x62C9,0x5AA8,0x62E8,0x62E8,0x62E8,0x62C8,
  0x5268,0x2922,0x2102,0x3144,0x2903,0x3164,0x2903,0x2923,0x2923,0x2943,0x3143,0x39A3,
  0x20C0,0x39C4,0x41E5,0x2102,0x3184,0x3164,0x2943,0x2943,0x2944,0x2944,0x2923,0x2923,
  0x3144,0x2943,0x3144,0x3144,0x3143,0x3143,0x3144,0x3164,0x2923,0x2944,0x3184,0x3143,
  0x2901,0x49E4,0x3921,0x28C0,0x30E1,0x3901,0x3901,0x49C3,0x5203,0x49A1,0x6AA5,0x6264,
  0x5A42,0x7346,0x5221,0x62A3,0x6AE4,0x49E0,0x6AC4,0x72C5,0x5A02,0x6285,0x51E4,0x3962,
  0x39A4,0x5AA9,0x5289,0x5268,0x5248,0x6288,0x4163,0x4163,0x51C4,0x28A0,0x41A4,0x5246,
  0x3162,0x3121,0x20E0,0x3141,0x5224,0x5223,0x4181,0x5203,0x5223,0x4182,0x4121,0x3921,
  0x4983,0x28A0,0x4961,0x7A83,0x7A20,0x7A20,0x8260,0x6A00,0x61C0,0x6A22,0x69E2,0x61A2,
  0x7AA6,0x82E7,0x6A05,0x61E4,0x59E5,0x4101,0x59A3,0x61E4,0x61E3,0x7244,0x7243,0x6A23,
  0x61E2,0x5A02,0x72E8,0x7B6A,0x4A24,0x2920,0x5AC3,0x6B44,0x6B43,0x6B23,0x6B05,0x49E2,
  0x41C2,0x41E2,0x62E4,0x7385,0x6B45,0x6B46,0x7347,0x5264,0x3141,0x4204,0x5AA7,0x4205,
  0x18C0,0x3162,0x2942,0x39A4,0x2922,0x3163,0x7B8C,0x6B4A,0x41C4,0x2922,0x2922,0x5267,
  0x4A26,0x6B0A,0x734B,0x736B,0x7B6C,0x736B,0x736C,0x7B8C,0x736C,0x3984,0x20C1,0x3963,
  0x3163,0x2101,0x39C4,0x62E8,0x5267,0x62C9,0x41E5,0x20C1,0x3142,0x3163,0x3162,0x3162,
  0x5227,0x7B6B,0x5A88,0x3122,0x3122,0x3122,0x3122,0x3122,0x20A0,0x28E1,0x49E5,0x62A8,
  0x730A,0x730A,0x732A,0x6AC8,0x6287,0x732A,0x6AE9,0x6AE9,0x7329,0x7329,0x6AE8,0x6AE8,
  0x7329,0x7309,0x6B09,0x62A8,0x41A4,0x3122,0x49E4,0x5AA7,0x5266,0x4A46,0x41E5,0x2901,
  0x49A3,0x6246,0x4941,0x38A0,0x6204,0x7A87,0x61C4,0x40C1,0x59A3,0x7AA7,0x6A46,0x4162,
  0x2080,0x2080,0x18A1,0x2903,0x2903,0x2103,0x2102,0x20E2,0x2923,0x2923,0x41E6,0x6B0A,
  0x62E9,0x5A67,0x3984,0x41C4,0x4A05,0x62E9,0x62E9,0x62E9,0x6AE9,0x62E8,0x62E8,0x62C8,
  0x5267,0x2922,0x2902,0x3144,0x2923,0x3144,0x2923,0x2923,0x2923,0x3164,0x3143,0x20E1,
  0x20E1,0x3142,0x39C4,0x2943,0x3184,0x2943,0x2943,0x2943,0x2944,0x2943,0x2923,0x2923,
  0x3144,0x3164,0x3144,0x2923,0x2923,0x2923,0x3123,0x2944,0x2944,0x2923,0x3164,0x3143,
  0x2901,0x41A3,0x41A3,0x28E0,0x3121,0x5224,0x5A24,0x5A44,0x6AA5,0x51E2,0x6AE5,0x62A4,
  0x5201,0x6B05,0x49E0,0x5A62,0x7305,0x51E1,0x6244,0x6A85,0x51A2,0x59E4,0x51C4,0x4183,
  0x41A4,0x5AA9,0x5AA9,0x5A87,0x62C8,0x49A3,0x30E0,0x6225,0x59C5,0x2880,0x3903,0x30E2,
  0x28E2,0x3964,0x20A1,0x41A5,0x5205,0x3982,0x5224,0x5A65,0x41E2,0x49E3,0x5A04,0x4143,
  0x30C1,0x30C0,0x6A23,0x7221,0x7A40,0x8240,0x71E0,0x7201,0x6A02,0x6A23,0x5162,0x2840,
  0x3900,0x4141,0x4141,0x6204,0x7285,0x6A22,0x82E4,0x7AA3,0x7241,0x69E0,0x69E2,0x7A85,
  0x4962,0x28A0,0x3942,0x3142,0x3141,0x39A1,0x62E4,0x5AC3,0x5AC3,0x6304,0x4A02,0x3140,
  0x6AE8,0x41C3,0x3140,0x4A42,0x5262,0x6305,0x7388,0x6B27,0x41C2,0x2941,0x4A46,0x4A46,
  0x20E0,0x3183,0x3183,0x3983,0x3163,0x2902,0x62C9,0x7BAC,0x5246,0x20E1,0x20C1,0x5AA8,
  0x62C8,0x6B0A,0x734B,0x734B,0x734B,0x736B,0x7B8C,0x7BAC,0x7BAC,0x41E6,0x18A0,0x39A4,
  0x3163,0x2921,0x3983,0x62E8,0x5AA8,0x62C8,0x39C4,0x18A0,0x3142,0x3983,0x3162,0x2921,
  0x28E2,0x730A,0x49C5,0x28E1,0x3963,0x3102,0x28E1,0x3102,0x3143,0x41C4,0x2902,0x20C1,
  0x62A8,0x730A,0x730A,0x7B4A,0x7B6B,0x7B2A,0x6AE9,0x6AE8,0x7309,0x732A,0x6B09,0x6B08,
  0x7329,0x7309,0x7309,0x6AC8,0x4183,0x3142,0x41A3,0x5A87,0x5246,0x4A26,0x5267,0x3983,
  0x28C0,0x51E4,0x6225,0x5162,0x38C0,0x4121,0x40E1,0x38A0,0x40E1,0x4962,0x4962,0x30C0,
  0x3942,0x5226,0x3143,0x1881,0x2923,0x2923,0x2923,0x2903,0x2943,0x3143,0x4A27,0x6B0A,
  0x62C9,0x62C9,0x5AA8,0x62A8,0x62C8,0x6B09,0x5AA8,0x62E9,0x62C8,0x62C8,0x62C8,0x62C8,
  0x5247,0x2902,0x2902,0x2923,0x2923,0x3144,0x2903,0x2903,0x3143,0x3123,0x20E2,0x20C1,
  0x2942,0x2942,0x3184,0x2963,0x2943,0x3164,0x2923,0x2923,0x2943,0x2943,0x2923,0x2923,
  0x3144,0x3164,0x3144,0x2923,0x2923,0x3143,0x3143,0x2924,0x2923,0x2103,0x2923,0x3143,
  0x3102,0x4183,0x49A3,0x3120,0x49E2,0x5A44,0x6285,0x5223,0x6284,0x5A23,0x6264,0x6264,
  0x49A1,0x6AC5,0x51E2,0x49C2,0x4181,0x3900,0x3900,0x38A0,0x30A0,0x2840,0x3081,0x30E1,
  0x28C1,0x5A88,0x62C8,0x5AA7,0x5A45,0x30C0,0x6203,0x6A24,0x59C4,0x4142,0x4984,0x30E2,
  0x3124,0x3965,0x2081,0x3143,0x28E1,0x3101,0x4A04,0x4A04,0x4A03,0x5A45,0x49A4,0x4143,
  0x2880,0x4120,0x7283,0x7261,0x7A40,0x8241,0x7A01,0x7222,0x7223,0x59A2,0x30A0,0x3902,
  0x4A04,0x3161,0x3920,0x3900,0x59C1,0x82E4,0x6A61,0x7260,0x7240,0x69E0,0x6A01,0x6A04,
  0x59C5,0x28C1,0x5A66,0x5245,0x4A43,0x5AC4,0x62E4,0x5282,0x62E4,0x6B05,0x6B07,0x4A04,
  0x41A3,0x5A66,0x41A3,0x20C0,0x3120,0x2920,0x3160,0x3161,0x3182,0x39A3,0x5AA7,0x4A46,
  0x20E1,0x3163,0x3183,0x3163,0x3163,0x2902,0x4A06,0x7BAC,0x5AA8,0x2902,0x18A0,0x5A87,
  0x7BAC,0x736B,0x736B,0x736B,0x734B,0x736B,0x7B6C,0x7B8C,0x7B8C,0x5247,0x1880,0x3163,
  0x3163,0x2901,0x3983,0x62C8,0x5AA8,0x5267,0x39A4,0x2902,0x3163,0x2922,0x3142,0x3142,
  0x3963,0x6B0A,0x49E5,0x3142,0x41A4,0x39A4,0x3142,0x2902,0x3963,0x3983,0x49E5,0x2901,
  0x49C5,0x7B6B,0x7B2A,0x732A,0x732A,0x7309,0x6AE9,0x6AC8,0x7309,0x7329,0x7309,0x7329,
  0x7329,0x6AE9,0x7309,0x6AE9,0x3942,0x3122,0x3962,0x4A05,0x5246,0x4A26,0x4A05,0x5A67,
  0x3922,0x30A0,0x4942,0x6205,0x6205,0x5183,0x4942,0x4942,0x4942,0x4942,0x4963,0x51C4,
  0x5A67,0x4A05,0x2902,0x2102,0x2103,0x2903,0x2943,0x2923,0x3143,0x3143,0x5268,0x6B0A,
  0x6AE9,0x62C8,0x62C8,0x62C8,0x62C8,0x62C9,0x62C8,0x62C8,0x5AA7,0x62A7,0x62A8,0x62A8,
  0x4A26,0x20E2,0x2922,0x3123,0x2903,0x2903,0x3144,0x3123,0x20C2,0x28C1,0x28E2,0x2101,
  0x3163,0x3184,0x3164,0x2943,0x20E2,0x3164,0x2923,0x2923,0x2923,0x2943,0x2943,0x3123,
  0x3144,0x3164,0x3144,0x2943,0x3143,0x3144,0x3144,0x2924,0x2924,0x2944,0x2923,0x3143,
  0x3142,0x3962,0x4162,0x4161,0x5A64,0x5203,0x6264,0x5A23,0x59E3,0x49A2,0x4982,0x4941,
  0x30A0,0x38A0,0x38E0,0x3060,0x3080,0x3080,0x38C1,0x5163,0x3060,0x40C2,0x38A1,0x4103,
  0x30A1,0x49C5,0x6B09,0x5205,0x2880,0x59E2,0x7264,0x6A02,0x6203,0x7285,0x5A04,0x3101,
  0x28E1,0x28E1,0x5205,0x3983,0x28E0,0x4A03,0x5244,0x5244,0x41C2,0x3141,0x30E1,0x3101,
  0x4983,0x6223,0x6A21,0x7260,0x7220,0x7A22,0x71E2,0x69A1,0x5120,0x5161,0x4942,0x2080,
  0x39C3,0x39C3,0x49E4,0x3901,0x30A0,0x6223,0x72C4,0x7282,0x7241,0x7241,0x6A01,0x72A4,
  0x5A44,0x28E0,0x5A84,0x62C4,0x5AA2,0x5282,0x5AC2,0x62E3,0x5AA3,0x4A02,0x3140,0x41A2,
  0x41A3,0x3142,0x3982,0x2901,0x49E3,0x41C2,0x3140,0x3982,0x5246,0x4A26,0x62C8,0x4A46,
  0x2101,0x2942,0x3183,0x3163,0x3163,0x3143,0x39A4,0x7B8C,0x62E9,0x41E5,0x20C1,0x39A4,
  0x7B8C,0x736B,0x7B6B,0x7B8C,0x7B6C,0x736B,0x736B,0x736B,0x7B6C,0x62C9,0x20E1,0x20E1,
  0x39A3,0x2901,0x4205,0x62C8,0x5A87,0x5247,0x39A4,0x3142,0x39A4,0x3142,0x3142,0x3162,
  0x49E5,0x734B,0x39A4,0x3122,0x39A4,0x39A4,0x3163,0x18A0,0x3163,0x4A05,0x41E5,0x3142,
  0x5206,0x7B4B,0x7B4A,0x7B4A,0x7B4A,0x7309,0x6B09,0x6AE8,0x6AE8,0x7309,0x7309,0x7329,
  0x7329,0x6AC8,0x6AE9,0x6AE9,0x3942,0x3101,0x3962,0x41E5,0x5A87,0x5267,0x4A26,0x49E5,
  0x30E1,0x38C1,0x4901,0x38A0,0x4963,0x59E5,0x6226,0x6205,0x59E5,0x59E5,0x59E5,0x49C4,
  0x3122,0x20C0,0x20C1,0x20E2,0x2903,0x2903,0x2923,0x2902,0x2943,0x2923,0x5A88,0x6B0A,
  0x6AE9,0x62C8,0x62A8,0x5AA8,0x5AA8,0x62E9,0x6B09,0x62C8,0x5AA8,0x62C8,0x62C8,0x62C8,
  0x4A05,0x20C1,0x2902,0x2903,0x3144,0x3144,0x2903,0x20A1,0x28E2,0x3143,0x3123,0x2902,
  0x3163,0x39A4,0x3184,0x2923,0x18C1,0x2943,0x2943,0x2923,0x2943,0x3144,0x3144,0x3143,
  0x3144,0x3144,0x3143,0x3143,0x3143,0x3144,0x3144,0x2944,0x2944,0x3164,0x3143,0x3163,
  0x3963,0x3962,0x41A2,0x49A2,0x5A24,0x51E3,0x4981,0x3900,0x30A0,0x38C0,0x3080,0x3040,
  0x40A0,0x40C1,0x6A06,0x5123,0x40A1,0x48E2,0x3880,0x6184,0x5103,0x4081,0x4081,0x4903,
  0x4102,0x49A5,0x6287,0x3900,0x4961,0x6A23,0x7222,0x7A43,0x61E2,0x7284,0x3901,0x2080,
  0x3941,0x3121,0x6AE8,0x3962,0x3982,0x5A86,0x49E3,0x4A04,0x3982,0x3121,0x41A4,0x28A0,
  0x59C3,0x7AA4,0x6A00,0x7240,0x7200,0x71C2,0x79E3,0x6961,0x61A1,0x7A84,0x5A04,0x2901,
  0x10C0,0x2981,0x41E4,0x49C4,0x30C1,0x30E0,0x6AA5,0x7B06,0x72A4,0x82C4,0x6A01,0x7AC4,
  0x49A2,0x3140,0x62E6,0x62E5,0x5AA3,0x5AA2,0x62E3,0x5A83,0x3980,0x41C2,0x4A04,0x3141,
  0x3962,0x3962,0x3962,0x20A0,0x28C0,0x41C3,0x41A3,0x4A05,0x5AA8,0x5AC9,0x6B0A,0x4A26,
  0x2101,0x2922,0x3183,0x3163,0x3163,0x3984,0x2922,0x6309,0x736B,0x5AC8,0x2901,0x41C4,
  0x7B8C,0x6B0A,0x736B,0x7B6B,0x7B6C,0x736B,0x736B,0x736C,0x736C,0x734B,0x3984,0x18A0,
  0x3183,0x2921,0x5266,0x5AC8,0x5AA8,0x62C8,0x41C5,0x20E1,0x3983,0x3163,0x2922,0x2921,
  0x3984,0x3163,0x3122,0x41A4,0x39A4,0x3983,0x39A4,0x3142,0x3142,0x5226,0x39A3,0x3122,
  0x4184,0x7309,0x7B2A,0x732A,0x7309,0x7329,0x7329,0x7329,0x6B09,0x6B09,0x6B08,0x7309,
  0x7309,0x6AE8,0x72E9,0x7309,0x49E5,0x2901,0x3122,0x4A05,0x5A87,0x4A26,0x5226,0x28E1,
  0x3102,0x5184,0x5163,0x38A1,0x2860,0x2880,0x30A0,0x38C0,0x40E1,0x38E1,0x2880,0x28A0,
  0x28C1,0x3122,0x3163,0x2102,0x2102,0x2923,0x2923,0x2902,0x3143,0x20E2,0x5A88,0x6B0A,
  0x62C9,0x62C9,0x62C8,0x62E8,0x62C8,0x62C8,0x5A87,0x5A87,0x62C8,0x62E8,0x62C8,0x62A8,
  0x41E5,0x20C1,0x3163,0x2923,0x3123,0x2902,0x20A1,0x3102,0x49E6,0x3964,0x28E2,0x3164,
  0x3184,0x3163,0x3184,0x2963,0x3164,0x2964,0x3164,0x2944,0x3164,0x3164,0x3144,0x3123,
  0x2943,0x3144,0x3144,0x3143,0x3123,0x2923,0x3144,0x3144,0x3164,0x3164,0x3144,0x3984,
  0x3142,0x3121,0x5205,0x4142,0x30C0,0x3080,0x38E1,0x30A0,0x4101,0x40A1,0x5142,0x48E1,
  0x40A1,0x3840,0x5103,0x6164,0x40A1,0x48C1,0x40A1,0x4081,0x6985,0x4881,0x4081,0x48C2,
  0x38A2,0x4964,0x4122,0x4121,0x7AA6,0x7223,0x7A02,0x7A43,0x6A23,0x61E2,0x3080,0x3920,
  0x28E0,0x4182,0x5A66,0x20C0,0x3122,0x3142,0x2901,0x28E1,0x28E1,0x41A4,0x5206,0x28A0,
  0x51A2,0x6A21,0x7220,0x7220,0x71E1,0x5900,0x6142,0x79E4,0x7A44,0x7AA5,0x5A03,0x28E0,
  0x2961,0x4203,0x41C3,0x4183,0x4184,0x3142,0x3162,0x41A2,0x49A1,0x7285,0x8306,0x61E3,
  0x3920,0x5A44,0x5A65,0x5224,0x41C2,0x41C1,0x5243,0x5244,0x49E4,0x4A05,0x62C8,0x4A05,
  0x49E4,0x41A3,0x5205,0x49C6,0x20A1,0x3963,0x41A4,0x4A06,0x5A68,0x5A68,0x5AA9,0x41E6,
  0x18A0,0x2922,0x39A3,0x3142,0x3162,0x3163,0x2901,0x62E9,0x83CC,0x62E9,0x41C5,0x39A4,
  0x734B,0x734B,0x734B,0x734B,0x734B,0x736B,0x7B8C,0x7B6C,0x736B,0x7B8C,0x4A26,0x1880,
  0x2922,0x2901,0x5286,0x62C8,0x5AA8,0x5AA8,0x39A4,0x20C1,0x3163,0x3163,0x3142,0x2921,
  0x3143,0x3122,0x2901,0x3983,0x39A3,0x3963,0x41C4,0x3142,0x28E1,0x41C4,0x41A4,0x3102,
  0x3102,0x62A8,0x730A,0x7B4A,0x7309,0x7B2A,0x7329,0x7B2A,0x7329,0x7309,0x6AE8,0x6AE8,
  0x7309,0x6AE9,0x7309,0x7309,0x5226,0x28C0,0x3122,0x3983,0x5246,0x5247,0x49E6,0x28C1,
  0x4963,0x59A4,0x4081,0x48A1,0x5922,0x5102,0x50E2,0x48E2,0x40A0,0x3080,0x30C1,0x28C1,
  0x3122,0x2102,0x2102,0x2123,0x2103,0x2103,0x2902,0x2902,0x3123,0x2902,0x5A89,0x62CA,
  0x5AA9,0x5AA8,0x62C8,0x6B09,0x6B09,0x6AE8,0x62C8,0x6AC9,0x62A8,0x5A67,0x5AA8,0x62C9,
  0x4A06,0x2902,0x2902,0x30E2,0x2881,0x2881,0x51C5,0x5A07,0x4164,0x30E2,0x3143,0x3164,
  0x2964,0x2923,0x2943,0x2943,0x3184,0x3164,0x3185,0x3164,0x3144,0x3144,0x3144,0x3124,
  0x2923,0x3143,0x2943,0x2943,0x2923,0x2923,0x2923,0x2944,0x3185,0x3164,0x3143,0x3163,
  0x3963,0x28E0,0x5A26,0x4123,0x38A1,0x38A1,0x5164,0x5964,0x48E2,0x40A1,0x40A1,0x61A5,
  0x40C2,0x40A1,0x4081,0x5964,0x61A5,0x40A1,0x4081,0x4081,0x5103,0x5944,0x40A2,0x40C2,
  0x3080,0x30A0,0x4962,0x6203,0x7A63,0x8282,0x7A41,0x7A42,0x7285,0x4961,0x30E1,0x3901,
  0x30A0,0x6A86,0x5A04,0x2880,0x30E0,0x4142,0x5A04,0x4183,0x20A1,0x2902,0x28E0,0x3921,
  0x6A65,0x7244,0x7222,0x6A02,0x61A1,0x69C4,0x7205,0x6A05,0x7265,0x6264,0x3961,0x2101,
  0x4203,0x39C3,0x41C3,0x41A4,0x41A4,0x4A06,0x4205,0x5266,0x49C3,0x3900,0x4162,0x3900,
  0x49A2,0x41A2,0x30E0,0x4162,0x4182,0x3140,0x4203,0x5285,0x4A45,0x3161,0x41C2,0x4A03,
  0x41C2,0x3981,0x3982,0x4A25,0x3142,0x2902,0x3984,0x5247,0x5A88,0x5A68,0x5AA9,0x41E5,
  0x18C0,0x2922,0x3162,0x3142,0x3162,0x2922,0x2901,0x62C8,0x7BAC,0x6B0A,0x62C9,0x39A4,
  0x6AE9,0x734B,0x734B,0x734B,0x6B2A,0x734B,0x7B8C,0x7B8C,0x736C,0x7BAC,0x5AA8,0x18A0,
  0x2901,0x3163,0x5AA8,0x5A87,0x5267,0x5267,0x3163,0x20E1,0x3163,0x3142,0x3163,0x3162,
  0x41C5,0x41C4,0x2901,0x3962,0x49E4,0x4183,0x41A4,0x2901,0x2921,0x3984,0x3142,0x3102,
  0x49E5,0x6AE9,0x6AE9,0x6B09,0x6B09,0x7309,0x7329,0x7329,0x7329,0x7329,0x7309,0x7309,
  0x7309,0x7309,0x7309,0x7309,0x5246,0x28E1,0x3963,0x2922,0x5226,0x5247,0x49E5,0x30E2,
  0x4102,0x5123,0x3840,0x5081,0x6102,0x60E2,0x6103,0x6964,0x5923,0x48E2,0x38C1,0x2880,
  0x20A1,0x20E2,0x2123,0x2144,0x2124,0x20E3,0x2902,0x3122,0x3143,0x3144,0x5A89,0x5A89,
  0x5A89,0x6309,0x6B09,0x62E8,0x6AE8,0x6AC8,0x6AA8,0x6288,0x6288,0x62C9,0x6B2A,0x62E9,
  0x3984,0x2080,0x2060,0x3902,0x59A4,0x6A06,0x6206,0x4143,0x2881,0x3102,0x3984,0x2944,
  0x2964,0x2964,0x2944,0x2944,0x2944,0x2964,0x3164,0x3164,0x2923,0x2923,0x3144,0x3144,
  0x3124,0x3143,0x2923,0x2943,0x2943,0x2923,0x2923,0x2923,0x2943,0x3164,0x3143,0x3142,
  0x3963,0x20A0,0x3942,0x38C1,0x5144,0x48E3,0x3860,0x5123,0x5103,0x40C2,0x3881,0x5985,
  0x5164,0x38A1,0x40C1,0x3860,0x6184,0x5144,0x3040,0x3861,0x3861,0x48E2,0x3881,0x3060,
  0x2860,0x2860,0x7AA6,0x7AA4,0x6A20,0x7A60,0x7A40,0x7261,0x6243,0x28C0,0x4163,0x30E0,
  0x4941,0x7A85,0x61E2,0x5181,0x7283,0x8305,0x8B26,0x72C6,0x3102,0x3163,0x2921,0x2900,
  0x49C3,0x59E4,0x61E4,0x6A25,0x4921,0x4101,0x4942,0x3901,0x3962,0x2921,0x2941,0x4A05,
  0x3141,0x3121,0x3141,0x3162,0x3142,0x39A3,0x41E4,0x41E4,0x4A04,0x2901,0x20A0,0x4A03,
  0x4A04,0x4182,0x6225,0x6A25,0x49A3,0x41C2,0x5AA5,0x5AE6,0x5AE5,0x5AC5,0x5AA4,0x5AA4,
  0x5243,0x41C2,0x2940,0x3181,0x3162,0x3122,0x5206,0x5A87,0x5247,0x5A88,0x62C8,0x41C5,
  0x2101,0x2962,0x2942,0x3163,0x3163,0x2901,0x2922,0x2922,0x62C9,0x7B6C,0x734B,0x5247,
  0x4A26,0x736B,0x732B,0x736B,0x6B2B,0x7B8C,0x736C,0x736B,0x6B0A,0x736C,0x6B2A,0x2922,
  0x18C0,0x3163,0x5267,0x5267,0x5247,0x5246,0x3183,0x20E1,0x2942,0x2942,0x2942,0x3162,
  0x3122,0x41C4,0x3142,0x3942,0x49E4,0x3983,0x41A4,0x41A4,0x2921,0x28E1,0x3143,0x5A67,
  0x732A,0x730A,0x6B09,0x6AA8,0x7309,0x6AE8,0x6AE8,0x6AE9,0x6AE8,0x7329,0x732A,0x732A,
  0x7B2A,0x732A,0x7329,0x7309,0x6288,0x3122,0x3142,0x3163,0x4A06,0x5A67,0x49C5,0x3902,
  0x4923,0x40A1,0x4060,0x5902,0x5902,0x58E2,0x58E2,0x5902,0x5902,0x50E2,0x48E2,0x4902,
  0x30A1,0x2060,0x20C2,0x2923,0x2103,0x2923,0x2123,0x2123,0x2944,0x2923,0x5A88,0x62A9,
  0x62A8,0x6B09,0x62E8,0x5AC7,0x5AA7,0x62C8,0x62C9,0x6AEA,0x6AE9,0x5247,0x4184,0x3922,
  0x30E0,0x4101,0x61C3,0x6A04,0x6A05,0x6205,0x4142,0x2881,0x28C2,0x2924,0x2944,0x2944,
  0x2943,0x2923,0x2943,0x2943,0x2923,0x2923,0x2923,0x3164,0x3164,0x2943,0x2923,0x3144,
  0x3144,0x3144,0x3143,0x3143,0x2944,0x2943,0x2943,0x2944,0x3164,0x3164,0x3984,0x3163,
  0x3142,0x3142,0x3942,0x3081,0x3881,0x48E2,0x3860,0x40C1,0x4903,0x3881,0x3060,0x2000,
  0x38A2,0x2840,0x38A1,0x3880,0x3060,0x40C1,0x3880,0x4902,0x48E2,0x3881,0x40C1,0x40C1,
  0x40E1,0x3080,0x6203,0x7AA4,0x6A00,0x82A1,0x7A60,0x7AA2,0x51C2,0x28E0,0x3121,0x30E0,
  0x6A24,0x7243,0x7A83,0x7AC3,0x7AC3,0x7282,0x7283,0x72E5,0x3141,0x3983,0x3141,0x3142,
  0x4162,0x3101,0x30E0,0x3901,0x28A0,0x3962,0x3962,0x3162,0x3982,0x41E4,0x4A05,0x3121,
  0x3942,0x51E4,0x49C3,0x49C3,0x3941,0x20A0,0x20C0,0x2901,0x3963,0x39A4,0x4A05,0x3983,
  0x3142,0x4A25,0x51A4,0x5183,0x3901,0x3961,0x3161,0x39A2,0x4A22,0x5284,0x5A84,0x62A5,
  0x5A84,0x5A85,0x5264,0x4A03,0x3982,0x2901,0x5246,0x5A88,0x5A87,0x5A87,0x62C9,0x39A4,
  0x20C0,0x3163,0x3162,0x3162,0x3163,0x28E1,0x41E5,0x5246,0x4A06,0x6B2A,0x734B,0x6B2A,
  0x2922,0x6B2A,0x736C,0x734B,0x736B,0x7B8C,0x7B8C,0x7B8C,0x7BAD,0x7BAD,0x736C,0x3984,
  0x1060,0x3984,0x4A46,0x5267,0x5267,0x5267,0x41C4,0x2902,0x2942,0x3142,0x2922,0x2942,
  0x3122,0x41C4,0x3983,0x3963,0x41A3,0x3982,0x41A4,0x41C4,0x41A4,0x20E1,0x5267,0x734B,
  0x6B0A,0x6AE9,0x7B4B,0x6AE9,0x6B09,0x6AE9,0x6AE9,0x6AE8,0x7309,0x732A,0x72E9,0x7309,
  0x7B4A,0x7B4A,0x734A,0x732A,0x6AC8,0x3122,0x3122,0x3983,0x39A4,0x5AA8,0x41A4,0x3902,
  0x5984,0x48A1,0x4860,0x58E2,0x5122,0x4901,0x48C1,0x48A1,0x6102,0x6122,0x5902,0x6163,
  0x48E1,0x3060,0x2060,0x2060,0x20A1,0x2903,0x2144,0x1924,0x2964,0x2943,0x62A8,0x6AE8,
  0x62C8,0x62C8,0x62C8,0x5AC8,0x5AC8,0x62E9,0x5A88,0x41A4,0x3102,0x28A0,0x38E1,0x5183,
  0x6A04,0x7225,0x7224,0x6A04,0x59C3,0x4942,0x30C0,0x28C1,0x2924,0x3165,0x3144,0x2944,
  0x2923,0x2923,0x2923,0x2943,0x2923,0x2902,0x2943,0x3184,0x3184,0x2943,0x2923,0x2944,
  0x3164,0x3164,0x3143,0x3144,0x3144,0x2944,0x2944,0x3164,0x3185,0x2943,0x3984,0x3984,
  0x2902,0x41A4,0x6287,0x38E2,0x3081,0x4102,0x38C2,0x3060,0x40E2,0x4923,0x59C6,0x6A89,
  0x4985,0x30C1,0x4963,0x51A4,0x38A0,0x4101,0x59A4,0x4102,0x2840,0x4942,0x4922,0x38A0,
  0x6A45,0x4922,0x5161,0x7A84,0x7261,0x7220,0x7240,0x72A2,0x4181,0x3121,0x3120,0x3900,
  0x7AA4,0x7241,0x7AA2,0x72A1,0x72A1,0x72A1,0x7AC3,0x5A21,0x2900,0x41A3,0x3962,0x41A3,
  0x41A3,0x3982,0x3983,0x3162,0x2100,0x3182,0x39E3,0x39C3,0x31A3,0x41C4,0x49E4,0x28C0,
  0x49A4,0x6A87,0x6A86,0x6A86,0x5A45,0x51E4,0x51E4,0x3922,0x2080,0x3143,0x3143,0x2922,
  0x3163,0x3162,0x30E1,0x3901,0x3921,0x5203,0x5223,0x49E2,0x3940,0x28E0,0x28E0,0x41A2,
  0x5A44,0x5A65,0x4A04,0x3982,0x2901,0x28C0,0x41A4,0x5A67,0x5A88,0x5A88,0x5AA8,0x3163,
  0x18C0,0x3183,0x3162,0x3142,0x3162,0x2921,0x3984,0x734B,0x7B8C,0x734B,0x6B0A,0x83AD,
  0x41C5,0x4A06,0x7B8C,0x734B,0x7B8C,0x7B8C,0x736C,0x5A88,0x736C,0x7BAC,0x7BAC,0x4A06,
  0x1060,0x39A4,0x5AA8,0x5267,0x5267,0x5A88,0x2902,0x2101,0x3142,0x3163,0x2922,0x2921,
  0x4184,0x41C4,0x41A4,0x4183,0x4183,0x41A3,0x41A3,0x41A4,0x41C4,0x2901,0x5A87,0x7B6B,
  0x5247,0x5206,0x730A,0x6B09,0x6AC9,0x732A,0x732A,0x7309,0x732A,0x7309,0x6AA8,0x7309,
  0x7B2A,0x732A,0x7B4A,0x7B4A,0x6AC8,0x2902,0x2922,0x39A4,0x2922,0x62A8,0x49C5,0x38E1,
  0x5163,0x4080,0x5081,0x6123,0x4901,0x4101,0x48E1,0x4880,0x6102,0x6922,0x6101,0x6102,
  0x5922,0x5102,0x40C1,0x3080,0x2860,0x2060,0x18C2,0x18E3,0x2964,0x3143,0x5A87,0x6AC8,
  0x62C7,0x6AE8,0x62C8,0x5AA8,0x5268,0x3964,0x20C0,0x3942,0x4983,0x59A2,0x7224,0x7225,
  0x6983,0x6162,0x69E4,0x61C4,0x4121,0x2901,0x2901,0x3143,0x3143,0x3123,0x2923,0x2923,
  0x2903,0x2903,0x2923,0x2923,0x2923,0x2902,0x2922,0x3164,0x3164,0x2943,0x2923,0x3164,
  0x3184,0x3164,0x3144,0x3144,0x3144,0x2944,0x2944,0x3164,0x3164,0x3164,0x3163,0x3984,
  0x2922,0x2901,0x49C5,0x4164,0x30C2,0x2881,0x3902,0x6A68,0x832B,0x836C,0x8B8C,0x8B8D,
  0x840E,0x72C9,0x4984,0x51E5,0x3901,0x6A67,0x82E9,0x5183,0x5163,0x6205,0x51A3,0x4962,
  0x4921,0x3080,0x4100,0x7AA4,0x7242,0x7241,0x7A61,0x7283,0x3120,0x3962,0x3100,0x4960,
  0x7283,0x7A61,0x7A80,0x7280,0x7280,0x7AE1,0x8344,0x4160,0x2900,0x3141,0x2080,0x3962,
  0x4183,0x3983,0x41A3,0x41C4,0x31A3,0x2982,0x31C3,0x31C3,0x41E4,0x41A3,0x3962,0x3962,
  0x4183,0x3122,0x4162,0x6286,0x7B29,0x7B29,0x6266,0x3900,0x3921,0x30E0,0x4142,0x3921,
  0x3100,0x3941,0x4983,0x5A04,0x6AA5,0x72C5,0x6AA3,0x72A3,0x72C4,0x6AA5,0x4161,0x30C0,
  0x30E1,0x2080,0x2080,0x3101,0x4184,0x4A05,0x3963,0x5247,0x5A88,0x62E9,0x62C8,0x2922,
  0x20E1,0x3183,0x2942,0x2922,0x3142,0x3962,0x2921,0x3143,0x736B,0x7BAC,0x6B0A,0x7B8C,
  0x6B2A,0x41C5,0x6B2A,0x736C,0x734B,0x7B6C,0x7B6C,0x4A26,0x62A9,0x7B8C,0x738C,0x62C9,
  0x3143,0x3163,0x5AA8,0x5A88,0x5247,0x3984,0x18A0,0x20E1,0x3163,0x3143,0x2942,0x2942,
  0x41C5,0x41C4,0x49C4,0x41A4,0x4183,0x41A3,0x41C4,0x49E5,0x3983,0x3142,0x49E5,0x7B6B,
  0x49E5,0x4184,0x6B0A,0x732A,0x6B09,0x730A,0x7309,0x732A,0x6AE9,0x6AE9,0x6AC9,0x7309,
  0x7B2A,0x732A,0x732A,0x734A,0x62C8,0x2922,0x20E1,0x39A4,0x2921,0x5A87,0x49E5,0x30C1,
  0x5122,0x48A1,0x5060,0x5060,0x38A0,0x4101,0x5142,0x48C0,0x5901,0x6101,0x6101,0x58C0,
  0x5901,0x5902,0x5922,0x5123,0x48E2,0x3061,0x2041,0x1820,0x2081,0x28E1,0x5A66,0x7309,
  0x62A8,0x6AC9,0x5A68,0x3943,0x2080,0x3902,0x5A05,0x6225,0x6A03,0x69E2,0x69A2,0x69A2,
  0x6982,0x5962,0x4922,0x30A0,0x20A0,0x2922,0x2963,0x2943,0x3143,0x2922,0x2902,0x2903,
  0x2903,0x2903,0x2923,0x2923,0x2923,0x2902,0x2922,0x3143,0x2943,0x2923,0x2923,0x2943,
  0x2944,0x3984,0x3164,0x3144,0x2944,0x2923,0x2923,0x2944,0x3164,0x3985,0x2943,0x3163,
  0x3984,0x28E1,0x3102,0x3143,0x28C1,0x28C1,0x6268,0x8BCD,0x7B2B,0x7B0A,0x72E9,0x51E6,
  0x5206,0x72E9,0x4163,0x51E4,0x6246,0x4942,0x3060,0x38E0,0x6A66,0x4142,0x30A1,0x6245,
  0x4121,0x30A0,0x38C0,0x7AA5,0x6A23,0x69E1,0x6A21,0x5A02,0x2900,0x3962,0x30E0,0x59C2,
  0x7242,0x7A81,0x7A60,0x7280,0x7280,0x72A1,0x72C3,0x3900,0x3120,0x28C0,0x2880,0x30A0,
  0x30C0,0x30C0,0x3101,0x28C0,0x1880,0x2941,0x39A3,0x3162,0x3162,0x3982,0x3962,0x3962,
  0x3162,0x41E4,0x3983,0x28E1,0x49A4,0x6266,0x30C1,0x2880,0x51C1,0x72E5,0x6A84,0x6A85,
  0x6A85,0x6265,0x5A46,0x4182,0x4140,0x51A0,0x6A62,0x7262,0x7263,0x7AC5,0x51C3,0x51A4,
  0x5A06,0x28A1,0x28A0,0x6287,0x6267,0x5A46,0x3122,0x5226,0x5A67,0x62C9,0x4205,0x18C0,
  0x2942,0x3163,0x2942,0x2942,0x3142,0x3163,0x39A4,0x2942,0x3142,0x734B,0x7B8C,0x734B,
  0x8C0E,0x5267,0x4A06,0x7B8C,0x736B,0x7B8C,0x736C,0x7B8C,0x7B8C,0x738C,0x7BAC,0x83ED,
  0x62E9,0x2922,0x41E5,0x62E9,0x4A26,0x1040,0x2101,0x2902,0x3163,0x2922,0x2922,0x2942,
  0x41A4,0x41A4,0x41C4,0x41C4,0x49E4,0x41C4,0x3983,0x41A3,0x41A4,0x41A4,0x3963,0x7B4B,
  0x5247,0x4184,0x730A,0x6AE9,0x730A,0x732A,0x730A,0x732A,0x730A,0x7B4B,0x62A8,0x49C5,
  0x5206,0x6AE9,0x730A,0x732A,0x6AE9,0x3963,0x20C0,0x39C4,0x2942,0x4A05,0x5205,0x30C0,
  0x48E1,0x5902,0x5881,0x5060,0x48E1,0x40C1,0x48E1,0x48A0,0x6122,0x58E0,0x58A0,0x58E0,
  0x58C0,0x58E1,0x6122,0x6143,0x5903,0x58E3,0x4882,0x3861,0x3060,0x2860,0x4143,0x5226,
  0x5206,0x49C6,0x38E3,0x4102,0x59A5,0x61C4,0x5962,0x69C2,0x7202,0x69C2,0x69C2,0x6182,
  0x5121,0x4102,0x30C1,0x28E1,0x3164,0x2963,0x2143,0x2102,0x2922,0x3142,0x2923,0x2923,
  0x2923,0x2923,0x2923,0x2923,0x2923,0x2922,0x2943,0x2943,0x2923,0x2943,0x2943,0x2923,
  0x20E2,0x3164,0x3144,0x2943,0x2923,0x2923,0x2923,0x2944,0x2944,0x2943,0x2943,0x2923,
  0x3984,0x2902,0x3963,0x3144,0x3143,0x3123,0x49E5,0x7B4B,0x6AC9,0x3943,0x28A1,0x28C1,
  0x3102,0x6AA8,0x49C4,0x49C4,0x4163,0x2880,0x4121,0x30A0,0x59E4,0x49A3,0x1800,0x5A04,
  0x4983,0x38C0,0x3880,0x61C3,0x7A85,0x61E2,0x7243,0x4961,0x3122,0x3922,0x30E0,0x6223,
  0x7A62,0x7A41,0x7A60,0x7A81,0x7281,0x72A2,0x6201,0x3900,0x3942,0x3901,0x51A3,0x4921,
  0x4101,0x4101,0x4922,0x4963,0x3901,0x2080,0x3101,0x49E4,0x49E4,0x3142,0x3942,0x2901,
  0x2100,0x2120,0x3162,0x4A05,0x4163,0x30E0,0x30E0,0x6222,0x72C3,0x72A2,0x72A2,0x72C4,
  0x7285,0x4942,0x28C1,0x28E1,0x30A0,0x5160,0x7242,0x7A62,0x7A42,0x7A84,0x5181,0x4983,
  0x6246,0x30C0,0x3100,0x6A85,0x5A45,0x5A47,0x3964,0x5226,0x62A8,0x6309,0x3984,0x18A0,
  0x3184,0x3163,0x3142,0x3163,0x3142,0x3162,0x3983,0x41C5,0x2942,0x4A26,0x7BCC,0x736B,
  0x7B8C,0x62E9,0x20E1,0x5AA8,0x840E,0x7B8C,0x736C,0x736C,0x736B,0x738C,0x7B8C,0x7BAD,
  0x83CD,0x41C5,0x20E2,0x5247,0x3984,0x2922,0x2102,0x2922,0x3163,0x2901,0x2922,0x2922,
  0x3984,0x41A3,0x41A3,0x4183,0x41A3,0x41C3,0x41A4,0x41A3,0x3983,0x3142,0x3122,0x62E9,
  0x5227,0x41A5,0x62A8,0x41A5,0x5A67,0x6AE9,0x730A,0x6AE9,0x6B09,0x7B4B,0x5226,0x28A0,
  0x28E1,0x4163,0x5A46,0x6AE9,0x6AE9,0x39A4,0x20C0,0x39A4,0x39A4,0x3183,0x5226,0x30C1,
  0x40A0,0x50E2,0x60E2,0x6123,0x48E2,0x40E2,0x5943,0x48A0,0x58E1,0x58E1,0x60E0,0x6101,
  0x58E0,0x6101,0x6123,0x6102,0x58C2,0x5882,0x58A2,0x6103,0x5103,0x3061,0x2040,0x2880,
  0x28A1,0x2881,0x5184,0x7227,0x7A05,0x69A2,0x6161,0x71E2,0x69E2,0x5982,0x5141,0x4121,
  0x38E0,0x30E1,0x3102,0x2902,0x2922,0x2102,0x2943,0x2943,0x2123,0x2122,0x2943,0x2944,
  0x2923,0x2944,0x2944,0x2923,0x2903,0x2923,0x2923,0x2903,0x2923,0x3164,0x3144,0x2103,
  0x2103,0x3144,0x2923,0x2923,0x2923,0x2923,0x2943,0x3144,0x3164,0x2923,0x3164,0x3164,
  0x3143,0x2922,0x4A06,0x2902,0x3143,0x3143,0x28C1,0x5226,0x7B4B,0x72EA,0x49C5,0x49E5,
  0x6268,0x5A47,0x5A26,0x4162,0x4982,0x30A0,0x38E1,0x3080,0x4983,0x51C4,0x2060,0x51C4,
  0x5183,0x59E5,0x4942,0x40C0,0x7266,0x6203,0x61E3,0x30C0,0x3963,0x3101,0x4100,0x7243,
  0x7A83,0x7A41,0x7A40,0x7A40,0x7241,0x7AC4,0x4961,0x30C0,0x38E1,0x4942,0x61C3,0x61C2,
  0x69C3,0x61A3,0x61A3,0x61C4,0x61E5,0x4983,0x2880,0x3102,0x41A4,0x20C0,0x41A4,0x6AE8,
  0x4A63,0x39C1,0x3161,0x5246,0x5205,0x49A3,0x5A03,0x6AC4,0x7303,0x7302,0x7B24,0x5A43,
  0x3100,0x30C1,0x41A5,0x4A05,0x30E0,0x4940,0x7221,0x7A62,0x7A42,0x7243,0x5161,0x4962,
  0x6A66,0x30C0,0x28A0,0x6224,0x6246,0x5A47,0x4184,0x5206,0x5A88,0x62C8,0x2922,0x20E1,
  0x3184,0x2943,0x2942,0x3163,0x2942,0x3142,0x2942,0x3983,0x39C4,0x20C0,0x4A46,0x7BAC,
  0x734B,0x734B,0x41C5,0x2922,0x734B,0x7BAD,0x736C,0x734B,0x738C,0x7B8C,0x5AA9,0x4A26,
  0x736B,0x736B,0x3184,0x1880,0x3143,0x4A27,0x18A0,0x2902,0x3163,0x2901,0x2922,0x2922,
  0x41A4,0x41A4,0x41C4,0x4183,0x41C3,0x41A3,0x41A3,0x41C4,0x41A4,0x3983,0x3142,0x3143,
  0x28E1,0x3123,0x3123,0x20A1,0x3122,0x41C5,0x6AE9,0x6AE9,0x730A,0x6B0A,0x4184,0x3963,
  0x41A4,0x28E1,0x28E1,0x62A8,0x730A,0x49E5,0x20C0,0x2922,0x41C4,0x3162,0x5226,0x4142,
  0x38A0,0x48E1,0x58C1,0x50A1,0x40A1,0x38A1,0x5964,0x50C1,0x6102,0x6102,0x58A0,0x6101,
  0x60E1,0x58C1,0x58C1,0x58E2,0x6103,0x5061,0x6081,0x60C2,0x50A2,0x5123,0x4985,0x3903,
  0x2860,0x4943,0x7A46,0x71A3,0x7182,0x79C2,0x79E2,0x71E2,0x4921,0x30C0,0x28A0,0x28A0,
  0x28E1,0x3122,0x3142,0x3142,0x3122,0x3123,0x2923,0x2944,0x2144,0x2144,0x2144,0x2144,
  0x2964,0x2944,0x2943,0x2964,0x2943,0x2903,0x2923,0x2923,0x3985,0x2903,0x1881,0x20C2,
  0x2903,0x2943,0x2943,0x2944,0x2923,0x2923,0x2943,0x2944,0x2944,0x2923,0x2943,0x3143,
  0x2922,0x2923,0x39A4,0x2102,0x3144,0x3964,0x28C1,0x5206,0x838C,0x838C,0x834C,0x6268,
  0x72EA,0x83CC,0x6266,0x49A4,0x51E4,0x30A0,0x59C5,0x6205,0x4962,0x5A04,0x28A0,0x4162,
  0x6246,0x6205,0x40E1,0x3040,0x5163,0x82E8,0x51A3,0x30C0,0x49A4,0x30E0,0x5181,0x7222,
  0x7221,0x7A20,0x7200,0x7220,0x7242,0x7264,0x38C0,0x3902,0x38E1,0x61C4,0x69C2,0x6981,
  0x6161,0x69A2,0x6182,0x4901,0x4922,0x51C4,0x3101,0x28C1,0x41C4,0x3983,0x3963,0x4A04,
  0x62E5,0x4A22,0x3981,0x49E4,0x3922,0x51C4,0x7B28,0x7B26,0x62A2,0x62A2,0x62A3,0x3120,
  0x2901,0x3984,0x41C5,0x4183,0x4982,0x6A63,0x7A82,0x7221,0x7A62,0x7A84,0x59A2,0x5183,
  0x72A8,0x2880,0x30A0,0x6A65,0x6A87,0x6267,0x4164,0x5226,0x5A68,0x41E5,0x18C0,0x2943,
  0x3163,0x2942,0x2942,0x2942,0x3142,0x2942,0x3142,0x2942,0x3163,0x3983,0x20E1,0x5267,
  0x83CC,0x734B,0x7BAC,0x4A26,0x3143,0x630A,0x7BAC,0x736B,0x7BAC,0x6B2A,0x5A88,0x41E6,
  0x5A88,0x7B8C,0x6B0A,0x2902,0x3164,0x41E6,0x20C1,0x20E1,0x2942,0x2922,0x2922,0x3143,
  0x41C4,0x41C4,0x41C4,0x41A3,0x49C4,0x41C4,0x41C4,0x41A3,0x41C4,0x41C4,0x41C4,0x3122,
  0x28E1,0x3122,0x28E1,0x3122,0x20C1,0x3143,0x6AE9,0x6AE9,0x734B,0x62A8,0x28E1,0x3122,
  0x3943,0x3983,0x2901,0x5247,0x7B6B,0x62A8,0x20E1,0x2901,0x41E5,0x3142,0x49E4,0x5205,
  0x30A0,0x3881,0x5923,0x5923,0x4923,0x3080,0x5143,0x48C1,0x50A1,0x60C1,0x60C1,0x60C1,
  0x60E1,0x5060,0x50C1,0x50E2,0x48A1,0x48A1,0x58C2,0x60C2,0x5923,0x5143,0x38E2,0x38C1,
  0x5183,0x6A04,0x71C2,0x7181,0x71C1,0x69A1,0x6181,0x5140,0x4121,0x3902,0x3102,0x3142,
  0x2922,0x20C1,0x20C0,0x28E1,0x3123,0x3123,0x3103,0x2923,0x2944,0x2144,0x2164,0x2964,
  0x2943,0x2943,0x2123,0x2923,0x2923,0x3144,0x2923,0x20A2,0x28E3,0x2903,0x1882,0x20C2,
  0x3165,0x2924,0x2944,0x2923,0x2943,0x2944,0x2944,0x2944,0x2943,0x2923,0x2943,0x2923,
  0x2102,0x20E1,0x20E2,0x3144,0x39A5,0x3144,0x3143,0x6288,0x838C,0x7B4B,0x730A,0x6AA9,
  0x7B0A,0x836B,0x6226,0x4983,0x59E4,0x5163,0x69E6,0x6A47,0x5A05,0x51E4,0x4162,0x3922,
  0x6226,0x2860,0x40E2,0x38C1,0x2820,0x6246,0x3922,0x3942,0x4142,0x38E0,0x6A22,0x7A62,
  0x7200,0x7200,0x7A41,0x7200,0x7263,0x5161,0x38E0,0x4963,0x4122,0x61C4,0x6981,0x6960,
  0x69A2,0x69C2,0x5981,0x4941,0x4162,0x41A3,0x39C4,0x39C4,0x39A3,0x41C4,0x3983,0x41A3,
  0x41A2,0x41C2,0x3121,0x28E0,0x28E0,0x4182,0x49E3,0x49C2,0x3960,0x3120,0x3120,0x3982,
  0x3983,0x3964,0x4185,0x28C1,0x49C3,0x6A44,0x7263,0x7AA4,0x7A63,0x7243,0x5181,0x59E3,
  0x6A66,0x2040,0x3900,0x6AA5,0x6245,0x5A26,0x4164,0x6288,0x5A88,0x2901,0x2102,0x39A4,
  0x3163,0x3163,0x3143,0x3162,0x3162,0x3162,0x3142,0x3162,0x2942,0x39A4,0x3983,0x2101,
  0x5267,0x734B,0x736B,0x83CD,0x5267,0x2922,0x5A88,0x7B8C,0x7B8C,0x7B8C,0x5288,0x41E6,
  0x62C9,0x7BAC,0x736C,0x5268,0x18A1,0x39A5,0x2902,0x20E1,0x2942,0x2922,0x2942,0x3143,
  0x41A4,0x41C4,0x41A3,0x41A3,0x41A3,0x4183,0x4183,0x3983,0x41A3,0x41C4,0x41C4,0x3142,
  0x2922,0x3984,0x41C4,0x3984,0x20C1,0x2902,0x5247,0x732A,0x732A,0x4A06,0x3122,0x3963,
  0x3942,0x3122,0x20A0,0x41A4,0x730A,0x6288,0x2901,0x2901,0x4A05,0x3983,0x3142,0x5205,
  0x4122,0x3080,0x40E2,0x4923,0x4143,0x3902,0x4943,0x3860,0x4000,0x5060,0x60C2,0x68E2,
  0x60E2,0x5060,0x50E2,0x48C1,0x40A1,0x5143,0x6143,0x50E1,0x48C1,0x3880,0x38A0,0x5162,
  0x6A03,0x69E2,0x71C1,0x71E1,0x71E1,0x69E2,0x38A0,0x4961,0x4943,0x4102,0x3902,0x28E1,
  0x2902,0x3163,0x3184,0x3123,0x28C2,0x28A2,0x28E2,0x3144,0x2944,0x2943,0x2943,0x2923,
  0x2943,0x3163,0x3143,0x28E2,0x1881,0x1880,0x20A1,0x3144,0x49E7,0x3144,0x20C2,0x2904,
  0x3144,0x3144,0x2944,0x2944,0x3144,0x3144,0x3144,0x2943,0x3144,0x2943,0x2923,0x2923,
  0x2943,0x3164,0x3164,0x2964,0x3164,0x3144,0x28E2,0x6AEA,0x83AD,0x832B,0x7B2B,0x7B0A,
  0x7B0A,0x7B0A,0x5A25,0x4962,0x59C4,0x4901,0x40A1,0x3060,0x3080,0x51A3,0x49C4,0x28A0,
  0x72A7,0x4122,0x38C1,0x5184,0x4944,0x30A1,0x28C0,0x3942,0x30C0,0x4960,0x7242,0x7241,
  0x7220,0x6A00,0x7241,0x7221,0x6A22,0x4140,0x4141,0x3921,0x4121,0x6182,0x6160,0x69A1,
  0x69C2,0x4900,0x3080,0x3120,0x3982,0x39C3,0x3A04,0x29A3,0x31A3,0x39A3,0x41C4,0x3983,
  0x3142,0x3143,0x3983,0x3983,0x41A3,0x3982,0x3141,0x4183,0x3962,0x3983,0x3142,0x3101,
  0x3122,0x3122,0x3944,0x3923,0x4183,0x3921,0x4100,0x5181,0x6223,0x7AC6,0x6224,0x6A85,
  0x51A2,0x28A0,0x30C0,0x72E5,0x6225,0x4163,0x3943,0x62A8,0x5247,0x20A0,0x2922,0x3184,
  0x2943,0x2943,0x2942,0x2942,0x3162,0x3163,0x3162,0x3162,0x3162,0x2921,0x39A3,0x2921,
  0x18C0,0x5287,0x7BAC,0x6B4B,0x83ED,0x62E9,0x18A1,0x5268,0x7BCD,0x734B,0x736B,0x736C,
  0x736B,0x6B2B,0x732B,0x736C,0x3985,0x18A1,0x20C1,0x2902,0x2922,0x2922,0x3142,0x2942,
  0x41A4,0x41C4,0x41C4,0x41A3,0x41A3,0x3983,0x4183,0x41A4,0x41A4,0x39A3,0x41A4,0x3983,
  0x2901,0x2922,0x39A4,0x3984,0x3143,0x3143,0x41C5,0x734B,0x5A67,0x3122,0x4184,0x3984,
  0x41A4,0x3942,0x3122,0x3963,0x62A8,0x5A67,0x2901,0x20C0,0x41C4,0x41E5,0x2901,0x3142,
  0x49E5,0x4143,0x30C1,0x2860,0x20A0,0x3963,0x4143,0x3880,0x5902,0x58E2,0x60E2,0x60E2,
  0x5081,0x4040,0x50E2,0x40C1,0x4901,0x5142,0x48E1,0x48E0,0x5142,0x5142,0x5982,0x7203,
  0x7202,0x7222,0x7202,0x7202,0x7224,0x5961,0x4921,0x4922,0x48E1,0x50C1,0x5122,0x5164,
  0x4122,0x28C1,0x3123,0x4165,0x3964,0x3103,0x28E2,0x3103,0x3123,0x3122,0x3123,0x3922,
  0x3101,0x20A0,0x20A0,0x3102,0x3943,0x3943,0x49C6,0x49C6,0x3123,0x20A2,0x2923,0x3144,
  0x2924,0x3164,0x3144,0x3144,0x3144,0x3144,0x2944,0x2923,0x2923,0x2923,0x2923,0x2923,
  0x3164,0x3164,0x2944,0x2944,0x2924,0x3985,0x3123,0x6AA9,0x6AA9,0x6248,0x7B0B,0x834B,
  0x836B,0x834B,0x6246,0x4962,0x59E4,0x3840,0x4081,0x48E1,0x3080,0x4121,0x5A24,0x28A0,
  0x4983,0x6A46,0x3080,0x51A5,0x49A4,0x2080,0x3943,0x3942,0x3900,0x6A44,0x7242,0x7221,
  0x7221,0x6A22,0x7243,0x7A84,0x51A1,0x3921,0x3942,0x3101,0x59C3,0x59A2,0x6181,0x69E3,
  0x6A04,0x5182,0x4142,0x3121,0x18A0,0x18E0,0x2983,0x31C3,0x39E4,0x2121,0x2920,0x3142,
  0x20C1,0x1880,0x2922,0x39A3,0x41E4,0x39C3,0x41E4,0x41E4,0x41A4,0x41A4,0x4184,0x30E0,
  0x3921,0x30E0,0x2080,0x30E1,0x3101,0x49C3,0x41A2,0x3940,0x3920,0x51C2,0x4962,0x72A7,
  0x4142,0x2880,0x51A3,0x72C7,0x5A05,0x4184,0x51E6,0x5A68,0x3943,0x20C1,0x2922,0x3143,
  0x2943,0x2942,0x2942,0x3142,0x3162,0x3162,0x3183,0x3162,0x3162,0x2942,0x2922,0x3983,
  0x20E1,0x20E1,0x5AC9,0x738C,0x736B,0x7BCD,0x5AA8,0x2902,0x5AA9,0x7BAC,0x7BAC,0x7B8C,
  0x736C,0x736C,0x734C,0x734B,0x62EA,0x2923,0x18A1,0x20C1,0x2922,0x2922,0x2922,0x2942,
  0x41A4,0x41C4,0x49E4,0x41C4,0x41C4,0x41A3,0x41C3,0x49E4,0x41C4,0x3983,0x41A4,0x3983,
  0x3163,0x39A4,0x3163,0x3163,0x3122,0x3964,0x5226,0x734B,0x5206,0x3122,0x41A4,0x3983,
  0x3963,0x3963,0x41A4,0x2901,0x5A46,0x6AE9,0x3942,0x20C0,0x41C5,0x41C4,0x3183,0x20E1,
  0x39A4,0x41A5,0x3923,0x28E1,0x20C0,0x41A3,0x4162,0x38A1,0x5964,0x6144,0x6144,0x50C2,
  0x4881,0x48C1,0x48E1,0x3860,0x40E1,0x4921,0x5982,0x61C3,0x7204,0x7A24,0x71E2,0x69C1,
  0x71E2,0x69C1,0x69E2,0x6A24,0x59A2,0x40C0,0x5143,0x4080,0x58E1,0x60E1,0x6102,0x5902,
  0x5102,0x5123,0x4923,0x38E2,0x3902,0x3923,0x28C1,0x28E2,0x3964,0x3964,0x3102,0x2880,
  0x3080,0x4122,0x59E5,0x59E5,0x5A06,0x5A06,0x3902,0x2080,0x3103,0x3144,0x2923,0x3164,
  0x3185,0x3164,0x3144,0x3144,0x3144,0x2944,0x2924,0x2923,0x3144,0x2944,0x2923,0x2923,
  0x2923,0x2923,0x2103,0x2103,0x2124,0x2923,0x2902,0x28C1,0x3923,0x6AA9,0x836C,0x7B0B,
  0x72C9,0x72E9,0x6266,0x51C3,0x6204,0x48E1,0x4060,0x4080,0x38C0,0x30A0,0x5A04,0x51C3,
  0x30A0,0x6A66,0x5183,0x3080,0x30E1,0x3122,0x3162,0x2901,0x51C4,0x7285,0x7A43,0x7243,
  0x6A23,0x7285,0x7285,0x6224,0x4121,0x3922,0x3142,0x3963,0x6224,0x5161,0x61C3,0x5182,
  0x4921,0x4121,0x4983,0x4163,0x2901,0x3143,0x2942,0x39C4,0x39C3,0x3182,0x20E0,0x3982,
  0x3983,0x20C0,0x18A0,0x20E0,0x39C3,0x41E3,0x39A3,0x39A3,0x41C4,0x41A4,0x41A4,0x3942,
  0x6266,0x6286,0x5A25,0x3942,0x2080,0x49E4,0x41C3,0x39C2,0x41E3,0x3121,0x28A0,0x4963,
  0x4101,0x30A0,0x59E4,0x6226,0x51E5,0x4164,0x6268,0x5227,0x28E2,0x3123,0x3184,0x3163,
  0x3163,0x2963,0x2963,0x3163,0x3163,0x3162,0x2942,0x3162,0x3183,0x3182,0x2942,0x3142,
  0x39A4,0x20C1,0x18A0,0x5288,0x7BAC,0x738C,0x736B,0x5AC9,0x3164,0x6B2A,0x736B,0x736C,
  0x736B,0x736C,0x736C,0x734B,0x734C,0x6B0B,0x3164,0x1060,0x2942,0x2922,0x2901,0x3142,
  0x41A4,0x41C4,0x41C4,0x49C4,0x49E4,0x41C3,0x41C4,0x41C4,0x41A3,0x39A3,0x41A4,0x3122,
  0x2922,0x41C4,0x3983,0x3984,0x2901,0x3122,0x5A88,0x734B,0x5226,0x3963,0x3983,0x3983,
  0x3983,0x39A3,0x3142,0x20A0,0x4183,0x6AC9,0x3922,0x28E1,0x49E5,0x41E5,0x4205,0x2122,
  0x2922,0x3163,0x2902,0x3143,0x41A3,0x4162,0x3921,0x3080,0x38A0,0x4102,0x4902,0x4902,
  0x5123,0x40C1,0x40A0,0x40A0,0x5942,0x71E4,0x7204,0x7203,0x71C2,0x71A1,0x79A1,0x71A1,
  0x71C2,0x69E3,0x6204,0x51A4,0x38C1,0x5984,0x48A1,0x58C2,0x60C2,0x60C1,0x5880,0x60A0,
  0x6080,0x5880,0x6101,0x5942,0x4901,0x38C1,0x2080,0x28C1,0x28E2,0x2082,0x30A1,0x5143,
  0x61A4,0x61E5,0x6A05,0x6A05,0x5183,0x38C1,0x28A0,0x3902,0x3123,0x3123,0x2943,0x2964,
  0x3184,0x2944,0x2944,0x2944,0x2924,0x2923,0x2924,0x3144,0x3144,0x2923,0x2923,0x2923,
  0x2923,0x2923,0x2923,0x2124,0x2144,0x2944,0x3144,0x28E2,0x49A5,0x7B6C,0x72EA,0x6A88,
  0x6AA9,0x7B0A,0x6246,0x4983,0x59E4,0x3860,0x50A2,0x6164,0x61C4,0x4141,0x49A1,0x51E4,
  0x2040,0x30A0,0x51C4,0x4963,0x28A0,0x3983,0x39A3,0x1880,0x4144,0x5183,0x61C2,0x5961,
  0x5161,0x5183,0x4983,0x4983,0x30C1,0x3943,0x2922,0x3122,0x4161,0x3900,0x30A0,0x3900,
  0x4963,0x61E6,0x6206,0x4944,0x30C2,0x30E2,0x3122,0x41C4,0x39A3,0x39A2,0x2900,0x41C2,
  0x72E6,0x5A24,0x3941,0x28E0,0x41C2,0x41E3,0x2920,0x18E0,0x3182,0x39A3,0x3983,0x3141,
  0x3121,0x3962,0x51C4,0x3942,0x28C0,0x2922,0x39C4,0x31A3,0x31A3,0x41C4,0x3121,0x2060,
  0x30C0,0x38C1,0x3901,0x3922,0x3922,0x30E1,0x49A5,0x3943,0x2902,0x3163,0x3163,0x3163,
  0x3163,0x3163,0x3163,0x3163,0x3163,0x3163,0x2942,0x3183,0x39A3,0x2942,0x3183,0x2942,
  0x3163,0x39C4,0x3184,0x20E1,0x4A47,0x7BCD,0x736B,0x738C,0x6B0A,0x734A,0x736B,0x7B8C,
  0x7BAD,0x7B8D,0x7B8D,0x736C,0x736C,0x83CD,0x62EA,0x2922,0x20C1,0x2922,0x2922,0x3163,
  0x41A3,0x41C4,0x41C4,0x49E4,0x49E4,0x49E4,0x49C4,0x41A3,0x41A4,0x41C4,0x41C4,0x3143,
  0x3122,0x39A4,0x41C4,0x41E5,0x3122,0x20E1,0x3963,0x3963,0x3943,0x3122,0x39A4,0x41A4,
  0x3142,0x3142,0x3963,0x3102,0x3122,0x62A8,0x3963,0x3102,0x41C4,0x39A4,0x3984,0x2922,
  0x2942,0x3184,0x2102,0x20E1,0x49E5,0x3942,0x30C0,0x28A0,0x30C1,0x30E1,0x28C1,0x2880,
  0x30A0,0x3880,0x5101,0x69C4,0x71E4,0x69C4,0x61A2,0x69C1,0x6981,0x7181,0x81E2,0x7181,
  0x5921,0x69E4,0x6225,0x38E0,0x59A4,0x48E2,0x50A1,0x60E3,0x60A1,0x60A1,0x68A1,0x6080,
  0x6880,0x68C0,0x60C0,0x58E0,0x5101,0x4902,0x4922,0x30A1,0x2060,0x4984,0x6226,0x61C4,
  0x61E4,0x61A4,0x5163,0x4101,0x38C1,0x3901,0x4163,0x3943,0x3143,0x2923,0x2924,0x3164,
  0x2944,0x2923,0x2943,0x2923,0x2923,0x2923,0x2923,0x3144,0x2903,0x2103,0x2923,0x3144,
  0x2944,0x2923,0x2103,0x2123,0x1903,0x2924,0x3144,0x3964,0x3923,0x3103,0x4164,0x51E6,
  0x72EA,0x838C,0x6226,0x4121,0x51C4,0x48E1,0x71E6,0x5963,0x5142,0x4942,0x4141,0x59E3,
  0x2860,0x2060,0x2060,0x30C1,0x28C0,0x3962,0x2900,0x3122,0x49A5,0x59A4,0x6A05,0x5162,
  0x5183,0x4983,0x4983,0x49A3,0x3101,0x41A4,0x3122,0x2901,0x3921,0x49A2,0x49C3,0x4183,
  0x4142,0x4963,0x4123,0x38C1,0x3902,0x4123,0x30E1,0x28C1,0x3963,0x41C3,0x41C3,0x4182,
  0x6224,0x6A85,0x51E2,0x30E0,0x3120,0x41E3,0x39C3,0x1900,0x2141,0x2962,0x39A2,0x39A3,
  0x2900,0x3983,0x6245,0x7286,0x51E4,0x1880,0x3183,0x3183,0x3183,0x39C4,0x3962,0x3922,
  0x6A67,0x6A46,0x6205,0x5183,0x4121,0x4121,0x3921,0x28A0,0x30E1,0x3101,0x28C0,0x28E1,
  0x28E1,0x20E1,0x2902,0x3142,0x3163,0x3143,0x3983,0x3184,0x2963,0x2962,0x2942,0x3183,
  0x2942,0x3163,0x3984,0x3984,0x2902,0x4206,0x7BCC,0x736B,0x736B,0x736B,0x736B,0x736B,
  0x736C,0x734C,0x734B,0x736C,0x7B6C,0x734B,0x7BAD,0x5247,0x1080,0x2922,0x2942,0x3163,
  0x41A3,0x49C4,0x49C4,0x3142,0x41A4,0x5205,0x41C4,0x41A4,0x41A4,0x41A4,0x41A4,0x3963,
  0x2902,0x3984,0x41C5,0x41A4,0x3122,0x2902,0x3122,0x20A0,0x20C1,0x3963,0x41C4,0x41A4,
  0x3963,0x3163,0x3143,0x3123,0x28C1,0x41A4,0x41A4,0x20A0,0x3984,0x39A4,0x3163,0x2101,
  0x3142,0x3163,0x2942,0x2101,0x3122,0x49A4,0x3102,0x3122,0x41A4,0x2942,0x3184,0x28C2,
  0x3902,0x6A04,0x69C3,0x6981,0x69A3,0x69A4,0x61A2,0x69C1,0x69A2,0x71A2,0x6982,0x50E0,
  0x69A3,0x7245,0x4100,0x4121,0x5182,0x4080,0x6122,0x58A1,0x5881,0x60A1,0x68E2,0x60C0,
  0x60C0,0x60C0,0x60C0,0x6102,0x58A1,0x6103,0x6143,0x48C1,0x61A3,0x6A04,0x59A3,0x59A4,
  0x4922,0x30A0,0x3080,0x2040,0x28C1,0x3142,0x3163,0x3164,0x3144,0x3165,0x2924,0x3125,
  0x2924,0x2943,0x2943,0x2923,0x2943,0x2943,0x2903,0x2903,0x2944,0x2924,0x2924,0x2923,
  0x2944,0x2923,0x2923,0x2103,0x2944,0x2944,0x2103,0x1881,0x1860,0x30E2,0x51E6,0x72C9,
  0x7B0A,0x836B,0x72C9,0x4122,0x51A4,0x59C4,0x5183,0x38A0,0x3040,0x3081,0x59C4,0x4983,
  0x3102,0x49C3,0x5206,0x28C1,0x28A1,0x3922,0x28C0,0x49A3,0x6226,0x59C4,0x51A4,0x4943,
  0x4122,0x4963,0x5A05,0x49A3,0x28C0,0x3962,0x3101,0x49C4,0x5205,0x4183,0x3963,0x41A3,
  0x41A3,0x3121,0x30E0,0x49A3,0x6A86,0x6246,0x4162,0x2060,0x28C1,0x3122,0x41A4,0x3122,
  0x30C0,0x6245,0x6A45,0x38E1,0x30C0,0x41C2,0x39E3,0x2161,0x2121,0x39A3,0x3983,0x41A3,
  0x3962,0x41A2,0x6223,0x7243,0x6A23,0x4120,0x2080,0x28E1,0x3142,0x3183,0x4A05,0x3122,
  0x6225,0x6A25,0x61A2,0x6A03,0x7223,0x6A03,0x61E2,0x59A2,0x5182,0x4962,0x4941,0x4121,
  0x30E1,0x28C1,0x28C1,0x28C1,0x20A0,0x28C1,0x2902,0x2943,0x2963,0x3184,0x3163,0x3142,
  0x3143,0x3123,0x3143,0x3184,0x3163,0x1080,0x5287,0x73CB,0x6B6A,0x6B2A,0x732B,0x732B,
  0x734B,0x7B6C,0x736C,0x734C,0x734C,0x732B,0x736C,0x5AC9,0x20E1,0x20C1,0x2922,0x2922,
  0x41C4,0x49E4,0x41C4,0x3101,0x3962,0x49E4,0x49C4,0x41C4,0x41A4,0x4183,0x4183,0x3143,
  0x20C1,0x3964,0x3984,0x3984,0x3963,0x20C1,0x3963,0x3963,0x2902,0x3983,0x41A4,0x3984,
  0x3163,0x3163,0x3143,0x3143,0x28E1,0x1880,0x20C1,0x20C1,0x3984,0x39A4,0x3983,0x2922,
  0x20E1,0x2901,0x1880,0x3984,0x4184,0x28E1,0x20A0,0x2902,0x2922,0x2922,0x28E1,0x28A0,
  0x59E4,0x7204,0x69A2,0x6982,0x69A2,0x71C3,0x61A2,0x69C2,0x6161,0x6141,0x5921,0x71E4,
  0x61C4,0x40E1,0x3080,0x6226,0x5163,0x5942,0x58E1,0x58C1,0x60E2,0x60A1,0x60C1,0x6901,
  0x6901,0x58A0,0x5080,0x6102,0x6102,0x58E2,0x50A1,0x6143,0x69C4,0x61A3,0x61C3,0x4921,
  0x38C0,0x4963,0x59C4,0x4121,0x28A0,0x28E0,0x20E1,0x20E1,0x2103,0x3164,0x3145,0x3125,
  0x2904,0x2923,0x2943,0x2102,0x2903,0x2944,0x2923,0x2103,0x2944,0x2924,0x2923,0x2923,
  0x2923,0x2923,0x2923,0x2923,0x2924,0x20A2,0x1040,0x28C2,0x4164,0x30C2,0x3903,0x72EA,
  0x838C,0x834B,0x838B,0x4983,0x4142,0x59E4,0x30A0,0x4923,0x5164,0x59C6,0x4123,0x4122,
  0x72A7,0x6AA8,0x6248,0x28C2,0x3923,0x3902,0x28A0,0x5182,0x5161,0x5982,0x61E3,0x6204,
  0x7286,0x7B09,0x6AA8,0x3102,0x3143,0x2922,0x20C0,0x3962,0x49E4,0x39A3,0x3162,0x3142,
  0x3983,0x2900,0x28C0,0x49C3,0x6265,0x6244,0x7B07,0x6AA6,0x4142,0x28A0,0x28C0,0x3101,
  0x4121,0x6204,0x7244,0x5161,0x30C0,0x3141,0x39E4,0x2963,0x10C0,0x20E0,0x3101,0x4162,
  0x4162,0x4161,0x69E2,0x71E1,0x7202,0x6202,0x4961,0x28A0,0x20A0,0x3101,0x3963,0x3921,
  0x4961,0x6A04,0x69C2,0x69C1,0x69A0,0x69C1,0x69C1,0x69C1,0x69E2,0x6A03,0x6A03,0x6203,
  0x6204,0x6204,0x59C3,0x4962,0x4101,0x3900,0x30C0,0x2080,0x28C1,0x3122,0x3122,0x3142,
  0x3163,0x3122,0x2922,0x3984,0x3184,0x2922,0x3142,0x6B29,0x7BCC,0x736B,0x6B2A,0x732B,
  0x734B,0x734B,0x7B8C,0x7B8C,0x736C,0x734B,0x738C,0x5AA9,0x20C1,0x20C1,0x2922,0x2902,
  0x41A4,0x41A3,0x41C4,0x49E4,0x49C4,0x41A4,0x49C4,0x49C4,0x41A4,0x4183,0x41A4,0x3963,
  0x28E1,0x41A4,0x41A4,0x3963,0x3963,0x28E1,0x39A4,0x3963,0x2901,0x3163,0x41A4,0x3984,
  0x3984,0x39A4,0x3964,0x3102,0x3122,0x2902,0x2901,0x20E1,0x3984,0x3983,0x2901,0x2901,
  0x20E1,0x20A0,0x28E2,0x28C1,0x3943,0x3943,0x1880,0x18A0,0x3143,0x2902,0x2060,0x4941,
  0x61E3,0x6181,0x69C3,0x71E4,0x71A2,0x69A1,0x69A2,0x5962,0x5941,0x69A2,0x7A24,0x71E4,
  0x48E0,0x3060,0x5184,0x7A88,0x5123,0x48C1,0x58C1,0x60C0,0x58A0,0x60E1,0x60E1,0x58C0,
  0x60E1,0x6101,0x58E1,0x6122,0x58E1,0x4060,0x6163,0x7205,0x61A3,0x69E4,0x40E0,0x30A0,
  0x51A3,0x6204,0x51A3,0x51C3,0x51C3,0x4182,0x2901,0x2922,0x20C1,0x18A1,0x28E2,0x3144,
  0x3144,0x2923,0x3164,0x2943,0x2923,0x2944,0x2944,0x3164,0x2924,0x2924,0x2924,0x2944,
  0x2944,0x2943,0x2923,0x28E2,0x20A2,0x3103,0x5207,0x72EB,0x6ACA,0x4144,0x3923,0x6A89,
  0x7B4B,0x6267,0x5A05,0x4142,0x30A0,0x4122,0x5183,0x5164,0x4923,0x4102,0x3060,0x4122,
  0x49A3,0x51C5,0x3903,0x28A2,0x3923,0x3901,0x51C3,0x6A64,0x7A64,0x7A64,0x7264,0x7AA5,
  0x6A65,0x51C3,0x3102,0x2902,0x3164,0x3143,0x18C0,0x1080,0x39A2,0x39C2,0x39A3,0x3983,
  0x3982,0x41A2,0x3940,0x3100,0x49A1,0x4160,0x49A2,0x6244,0x6265,0x6245,0x51C3,0x51C3,
  0x6203,0x61C1,0x7222,0x6A02,0x4100,0x28C0,0x39A4,0x3184,0x2922,0x4183,0x3900,0x38A0,
  0x38A0,0x40E0,0x61A0,0x71E0,0x71E1,0x61E1,0x6203,0x59E3,0x3941,0x28C0,0x30C0,0x38E0,
  0x38A0,0x6181,0x69C2,0x69A1,0x6980,0x71C0,0x71C0,0x71A0,0x69A0,0x69A1,0x69A1,0x69A1,
  0x69E2,0x61C1,0x61C1,0x61E2,0x6A22,0x61E2,0x59A1,0x4921,0x38E0,0x30C0,0x28E0,0x3121,
  0x3162,0x3162,0x3143,0x2922,0x3143,0x41C5,0x2902,0x6288,0x732A,0x7B6B,0x734B,0x6B0A,
  0x734B,0x7B6C,0x734B,0x734B,0x736C,0x734B,0x7B8C,0x62C9,0x20E1,0x20E1,0x2942,0x2922,
  0x41A3,0x49C4,0x49E4,0x49C4,0x49C4,0x49C4,0x41C4,0x41A4,0x41A4,0x41A4,0x49C4,0x3963,
  0x2902,0x3984,0x3984,0x3143,0x2922,0x28E1,0x3983,0x3163,0x2901,0x3163,0x41A4,0x3984,
  0x3984,0x3983,0x3143,0x3163,0x2902,0x3163,0x3142,0x1880,0x20C0,0x2902,0x3143,0x28E1,
  0x28E1,0x20C1,0x3963,0x49C5,0x3922,0x4164,0x2901,0x2902,0x2902,0x2880,0x4921,0x7203,
  0x71E2,0x7203,0x71C3,0x6142,0x6140,0x6980,0x7203,0x7204,0x7A66,0x71E4,0x6163,0x4080,
  0x40C1,0x40E1,0x4902,0x38A1,0x40A1,0x4060,0x5080,0x60E1,0x60C0,0x58E1,0x6101,0x50A0,
  0x58E1,0x5922,0x5901,0x48C0,0x48A0,0x69C4,0x7A66,0x69E4,0x6A04,0x5962,0x38C0,0x4100,
  0x4981,0x51C2,0x5181,0x5A03,0x59E3,0x51E3,0x49E3,0x3121,0x2901,0x2901,0x20C0,0x28E1,
  0x3163,0x3164,0x3164,0x2944,0x3164,0x2944,0x2923,0x2944,0x2924,0x2924,0x2924,0x2923,
  0x2923,0x2943,0x3143,0x30E1,0x51C4,0x7B09,0x7B09,0x51E5,0x3903,0x2881,0x30E2,0x2881,
  0x3903,0x4964,0x30C1,0x38E1,0x4102,0x4101,0x38C1,0x3080,0x4921,0x59A3,0x59A2,0x6224,
  0x6A86,0x6226,0x28A1,0x3923,0x30C1,0x4141,0x6A85,0x6A63,0x7242,0x7222,0x7284,0x59C3,
  0x3901,0x3922,0x3963,0x39A3,0x20C0,0x4204,0x5AA6,0x3182,0x2900,0x2101,0x41E4,0x39A4,
  0x2900,0x2900,0x28C0,0x28C0,0x5202,0x5A22,0x51E2,0x49A0,0x4960,0x5A03,0x6224,0x6224,
  0x61C2,0x61A0,0x69C0,0x7221,0x61C1,0x4141,0x28A0,0x30E2,0x3942,0x6A65,0x6A44,0x61A2,
  0x6182,0x6182,0x69A1,0x71C0,0x69C0,0x69E1,0x69E2,0x6202,0x61E2,0x6203,0x61E3,0x59A1,
  0x4900,0x6160,0x69A1,0x71A1,0x7180,0x6960,0x7180,0x71A0,0x71A0,0x71A0,0x71C0,0x71A0,
  0x71C0,0x71E1,0x69C0,0x69A0,0x69E0,0x7201,0x69C1,0x69C2,0x7204,0x61C2,0x3900,0x28A0,
  0x28E0,0x3121,0x3142,0x2902,0x3102,0x4164,0x30E2,0x5A27,0x7B2B,0x7B6B,0x7B8C,0x732B,
  0x62C9,0x6B0A,0x736C,0x736C,0x734B,0x734B,0x7B8C,0x62C9,0x20E1,0x20E1,0x3143,0x3142,
  0x41A3,0x41C4,0x41C4,0x4183,0x41A3,0x41C4,0x4183,0x3983,0x4183,0x41A3,0x41C4,0x3983,
  0x3162,0x3142,0x3163,0x3983,0x3142,0x2922,0x3142,0x2901,0x20E1,0x3163,0x3984,0x3963,
  0x3163,0x3163,0x3162,0x3983,0x2901,0x3142,0x2901,0x2080,0x3943,0x5206,0x41A4,0x3963,
  0x3102,0x2902,0x28E1,0x3963,0x51E5,0x3922,0x20E1,0x20A0,0x2080,0x4922,0x7204,0x7A03,
  0x7181,0x79E3,0x6162,0x6161,0x71C2,0x71E2,0x69E3,0x7225,0x69E5,0x5102,0x3020,0x4081,
  0x5123,0x40C1,0x40E1,0x4922,0x5963,0x6143,0x58C1,0x60A1,0x60E1,0x50C0,0x50C0,0x5901,
  0x5922,0x50E1,0x3840,0x40C0,0x61C3,0x7A65,0x61E3,0x5982,0x61A3,0x5101,0x40C0,0x4140,
  0x49A1,0x59E2,0x51A1,0x5181,0x51A1,0x59E3,0x5203,0x3921,0x4182,0x5225,0x41A3,0x28C0,
  0x20A0,0x2922,0x20E2,0x20E2,0x3144,0x3184,0x3144,0x3144,0x3144,0x3144,0x2923,0x2903,
  0x2923,0x3144,0x3964,0x3900,0x72A6,0x7AE8,0x3902,0x2040,0x28A0,0x3902,0x30E2,0x2881,
  0x2040,0x30A1,0x2860,0x38C1,0x4942,0x4921,0x4920,0x6203,0x7264,0x6A43,0x6A63,0x6A84,
  0x72E6,0x49A3,0x30C1,0x4163,0x30C0,0x6244,0x72C4,0x6A63,0x6A63,0x59C1,0x4120,0x3900,
  0x3921,0x2901,0x2901,0x3121,0x3140,0x5244,0x6B07,0x6B07,0x49C3,0x3100,0x20E1,0x20C0,
  0x2901,0x3100,0x3120,0x49C2,0x6284,0x72E5,0x6263,0x6AA4,0x6223,0x4120,0x3900,0x6224,
  0x7245,0x69E2,0x6180,0x7201,0x7222,0x6A23,0x4941,0x2840,0x38E0,0x6A03,0x7222,0x71E1,
  0x71A2,0x71C2,0x71C1,0x71A0,0x71C0,0x7201,0x69E1,0x61A0,0x69E1,0x69E2,0x69C2,0x69E2,
  0x71E1,0x71C1,0x71C1,0x71A0,0x7180,0x6960,0x6960,0x7180,0x7180,0x6980,0x6960,0x6960,
  0x69A0,0x71C0,0x71C0,0x71C0,0x7200,0x7200,0x71E0,0x71C1,0x71C1,0x69C2,0x59A1,0x4961,
  0x38E0,0x2060,0x2880,0x28A0,0x30E2,0x3102,0x3924,0x49C6,0x7B6C,0x7B6C,0x732A,0x7BAC,
  0x41E6,0x41A5,0x7B8C,0x736C,0x734B,0x734B,0x7B8C,0x62C9,0x20E1,0x20E1,0x3143,0x2922,
  0x41A3,0x3983,0x41A3,0x41C4,0x41C4,0x41A3,0x4183,0x3983,0x4183,0x4183,0x41A3,0x3983,
  0x2901,0x3142,0x3983,0x41C4,0x3983,0x2922,0x39A4,0x3983,0x3983,0x41A4,0x41A4,0x3963,
  0x3143,0x3163,0x3983,0x3183,0x3121,0x3122,0x28A0,0x3922,0x5A06,0x4123,0x3902,0x49C5,
  0x3122,0x28E1,0x2942,0x2921,0x30E0,0x2860,0x28A0,0x3922,0x51A4,0x7225,0x71E3,0x8203,
  0x7181,0x6140,0x6161,0x7203,0x7A44,0x69E2,0x6A04,0x59C3,0x40E1,0x40C2,0x40C2,0x40C3,
  0x40C2,0x2840,0x5163,0x59A4,0x5101,0x6122,0x58C1,0x60C1,0x6122,0x6141,0x6142,0x5901,
  0x50E1,0x50E1,0x5963,0x7225,0x6A03,0x6A03,0x61A2,0x6A04,0x69C4,0x4060,0x4101,0x4141,
  0x51E2,0x51A1,0x59C1,0x59E2,0x59E2,0x5181,0x51A2,0x4161,0x49A2,0x5224,0x5A45,0x4182,
  0x20A0,0x1880,0x20E1,0x20C1,0x20C1,0x2902,0x2902,0x2902,0x2902,0x2902,0x20E2,0x20E2,
  0x20E2,0x2902,0x3123,0x30A0,0x59C4,0x4943,0x2860,0x4143,0x5A06,0x49A5,0x28A1,0x30E1,
  0x2880,0x4982,0x6A44,0x7AC6,0x82E6,0x7A84,0x7A83,0x7242,0x7262,0x6A20,0x6A41,0x72C4,
  0x6264,0x3900,0x3101,0x30E1,0x4161,0x6AC6,0x6AC4,0x5A22,0x3920,0x3900,0x3900,0x3100,
  0x3160,0x3181,0x3140,0x30E0,0x4182,0x6A86,0x6265,0x59C3,0x4921,0x4942,0x3922,0x3923,
  0x5205,0x6245,0x6A85,0x72E6,0x6AA4,0x6A84,0x5A22,0x49C1,0x5202,0x6264,0x5A03,0x3900,
  0x6A05,0x5962,0x5100,0x69E1,0x61A0,0x69C1,0x6A02,0x59A1,0x5980,0x61A0,0x61A0,0x71E1,
  0x71C1,0x71A1,0x71C0,0x71E0,0x71C0,0x71C0,0x71E1,0x71E1,0x6180,0x69A0,0x69C1,0x6980,
  0x69C1,0x6980,0x71A0,0x71C1,0x71A1,0x6980,0x6960,0x6980,0x71A1,0x6980,0x6960,0x6160,
  0x6160,0x6160,0x6980,0x71C0,0x71E0,0x69A0,0x6980,0x71A0,0x71C1,0x71E1,0x69E2,0x61E3,
  0x59A2,0x4942,0x4101,0x38E1,0x30A1,0x2080,0x28E2,0x3164,0x6B2B,0x736C,0x6B0A,0x7BAC,
  0x5227,0x41C5,0x734B,0x734B,0x6B2B,0x734B,0x7B8C,0x62C9,0x20E1,0x20E1,0x2922,0x2922,
  0x3983,0x41A3,0x41C4,0x41A3,0x41A3,0x41A3,0x41A3,0x41A3,0x41A3,0x4183,0x4183,0x3142,
  0x18A0,0x3142,0x39A3,0x3983,0x3142,0x2901,0x41C4,0x3163,0x3983,0x41A4,0x3983,0x4184,
  0x41A4,0x3963,0x3142,0x3962,0x30E1,0x2060,0x30C1,0x51E5,0x4984,0x2880,0x49A4,0x49A4,
  0x3963,0x20E1,0x2901,0x28E1,0x30A0,0x38E0,0x4943,0x6205,0x6A25,0x61A1,0x69A1,0x71A2,
  0x79A3,0x6941,0x71C2,0x6A03,0x61E2,0x6A66,0x59C3,0x38C0,0x3060,0x4102,0x5164,0x3081,
  0x3081,0x3080,0x6206,0x4922,0x5122,0x69A4,0x6102,0x60E2,0x6101,0x50E0,0x48C0,0x48C0,
  0x61A4,0x7226,0x7225,0x61E3,0x6A03,0x5981,0x61C2,0x5982,0x48C0,0x6163,0x40A0,0x4141,
  0x51E3,0x51A1,0x59C1,0x59C1,0x61E2,0x59C2,0x59E2,0x4961,0x4161,0x49C3,0x5203,0x5203,
  0x49A2,0x3101,0x49C5,0x41A4,0x28E1,0x20A0,0x20C0,0x20C0,0x2080,0x20C0,0x28E1,0x28C1,
  0x28E1,0x28E1,0x28C0,0x6226,0x6A66,0x4101,0x2860,0x30E1,0x28A1,0x2040,0x2880,0x28A0,
  0x30C0,0x7285,0x7AC5,0x7AA4,0x7AA4,0x7A63,0x7A42,0x7A41,0x7A61,0x7A81,0x7282,0x72C4,
  0x49A2,0x30E0,0x3122,0x28E1,0x6AC7,0x6AC6,0x4181,0x3940,0x3941,0x3100,0x3100,0x4202,
  0x5AE5,0x4202,0x2900,0x3900,0x38C0,0x40E1,0x3860,0x3840,0x4860,0x4040,0x3881,0x3080,
  0x2840,0x3080,0x4100,0x4982,0x5A03,0x6AA5,0x5A23,0x41A1,0x5223,0x5224,0x41C3,0x3101,
  0x30A0,0x38C0,0x5161,0x7224,0x69A0,0x69A0,0x69A0,0x69A0,0x69C0,0x69C0,0x69A0,0x71E1,
  0x71E1,0x71E1,0x71C0,0x79E0,0x7A01,0x71C0,0x69A0,0x69A0,0x69A0,0x69A0,0x69A0,0x6980,
  0x71A0,0x69A0,0x71A0,0x71A1,0x6980,0x6980,0x6160,0x69A1,0x69C1,0x69A1,0x6160,0x6160,
  0x6180,0x69A1,0x69A1,0x69A1,0x69A1,0x69A0,0x6980,0x71A0,0x71C1,0x69C1,0x61A1,0x61A2,
  0x61E3,0x61A3,0x61C4,0x59C4,0x5184,0x3942,0x3122,0x10A0,0x4A47,0x736C,0x736B,0x7B8C,
  0x736B,0x734B,0x734B,0x736B,0x734B,0x734B,0x7B8C,0x62E9,0x20E2,0x20C1,0x2922,0x2942,
  0x41A3,0x41A3,0x41C4,0x41C4,0x41A3,0x41A3,0x41C4,0x41A3,0x41A3,0x41A3,0x3983,0x3963,
  0x3963,0x3983,0x41A3,0x41A4,0x3983,0x3983,0x3983,0x3983,0x3963,0x41C4,0x4183,0x4184,
  0x3922,0x30E1,0x30C0,0x30A0,0x4122,0x4163,0x6267,0x5A06,0x28C1,0x3942,0x49C4,0x41A4,
  0x3942,0x28C0,0x2080,0x3101,0x5182,0x6A24,0x7266,0x61C3,0x69C2,0x69A2,0x69A2,0x6141,
  0x71C3,0x79C3,0x6161,0x7244,0x6204,0x4142,0x30C1,0x30C1,0x38E2,0x3902,0x30C1,0x4984,
  0x3902,0x3081,0x5185,0x4923,0x5143,0x5102,0x50E1,0x50A0,0x48A0,0x5101,0x5942,0x69C4,
  0x8267,0x69E5,0x5962,0x4900,0x61C2,0x6A03,0x69C2,0x48E0,0x48A0,0x6184,0x48E2,0x3900,
  0x51C3,0x59E2,0x59C1,0x59A0,0x59E1,0x59C2,0x59E3,0x51C3,0x4982,0x5A04,0x5A03,0x5A03,
  0x5A23,0x4162,0x4183,0x49C4,0x49C4,0x51E4,0x49C4,0x4162,0x3962,0x4162,0x51E4,0x3942,
  0x3942,0x41A4,0x4183,0x7AE7,0x7285,0x4140,0x4121,0x3101,0x30E1,0x3922,0x49A3,0x4141,
  0x38E0,0x4100,0x5140,0x61A1,0x7A64,0x8284,0x7A22,0x8262,0x7A62,0x7241,0x72A3,0x6A84,
  0x30E0,0x3122,0x3143,0x3123,0x5A47,0x3101,0x30E0,0x3941,0x28E0,0x41A2,0x6AC6,0x6B47,
  0x52A4,0x2120,0x3100,0x40E0,0x3860,0x4081,0x3800,0x4882,0x5883,0x4841,0x50E3,0x40A1,
  0x40C1,0x40C1,0x38A0,0x3080,0x30A0,0x4162,0x5204,0x3961,0x2900,0x20E0,0x1880,0x2921,
  0x4183,0x30C0,0x5182,0x7245,0x7223,0x71E1,0x79E0,0x71C0,0x71E1,0x71E1,0x69C1,0x69C1,
  0x69E0,0x69E0,0x69C0,0x71C0,0x71C0,0x71C0,0x71C0,0x71C0,0x71A0,0x71A0,0x6980,0x6960,
  0x6960,0x6980,0x69A0,0x6980,0x69A0,0x69A1,0x69A1,0x69A1,0x69A1,0x69A1,0x6160,0x6160,
  0x69A1,0x71C2,0x6981,0x6981,0x71C2,0x69A1,0x6960,0x6980,0x69A0,0x6180,0x6A03,0x6A03,
  0x6A25,0x59A3,0x40E0,0x38E0,0x51C4,0x6AA7,0x6B09,0x2122,0x632A,0x736C,0x7B8C,0x736C,
  0x7B8C,0x7B8C,0x6B2A,0x736B,0x736B,0x734B,0x734B,0x6B4B,0x2922,0x1880,0x3183,0x2942,
  0x3983,0x3963,0x3983,0x41A3,0x3983,0x41A3,0x41A3,0x41A3,0x41A3,0x41C4,0x41A4,0x3983,
  0x3121,0x2901,0x3162,0x41A4,0x41C4,0x41C4,0x41A3,0x41A3,0x3963,0x4183,0x3922,0x30E1,
  0x30E1,0x4122,0x4923,0x5184,0x6A67,0x5A06,0x49C4,0x20A0,0x3142,0x4A25,0x3983,0x3101,
  0x28C0,0x4122,0x5A04,0x6A45,0x61E3,0x61C2,0x6181,0x69C2,0x7203,0x7204,0x69C3,0x48A0,
  0x6983,0x6982,0x69C3,0x61C3,0x4163,0x20A0,0x28C1,0x30E2,0x2080,0x3942,0x51A4,0x4122,
  0x4983,0x5184,0x4102,0x40E2,0x40A1,0x4080,0x5942,0x5921,0x6182,0x69E4,0x7205,0x7A26,
  0x69E5,0x61A4,0x48C0,0x5961,0x69C2,0x69E3,0x6182,0x48A0,0x5922,0x50E2,0x48E2,0x4101,
  0x51A2,0x51A2,0x59C1,0x59C1,0x59E1,0x59C2,0x59E3,0x51A3,0x4982,0x4962,0x59E3,0x5A03,
  0x51C2,0x49A2,0x4161,0x4182,0x51C3,0x5A04,0x51C3,0x3921,0x4162,0x49A3,0x4142,0x4162,
  0x4163,0x4983,0x4162,0x6A66,0x7AE8,0x72C7,0x7B29,0x6266,0x6AA7,0x838B,0x836A,0x7B08,
  0x72A6,0x7264,0x6A02,0x69E1,0x7A63,0x7A42,0x7A22,0x8262,0x7221,0x7241,0x7283,0x5181,
  0x3921,0x3963,0x28E1,0x28E1,0x3122,0x2901,0x28E0,0x3941,0x5A24,0x7B07,0x72A7,0x5204,
  0x3982,0x20E0,0x30E1,0x3860,0x4060,0x50C2,0x3840,0x3820,0x4021,0x5062,0x4061,0x48A2,
  0x6164,0x3880,0x4102,0x38E0,0x30C0,0x1840,0x20A0,0x2921,0x2901,0x2902,0x2943,0x20C0,
  0x20A0,0x4A02,0x4141,0x5182,0x82C6,0x71E2,0x79E1,0x7A01,0x71A1,0x6182,0x7224,0x7244,
  0x6201,0x61E0,0x7201,0x71C1,0x69A0,0x6980,0x6980,0x6980,0x6960,0x6980,0x6980,0x6980,
  0x6980,0x6980,0x6980,0x6180,0x69A0,0x69C0,0x69A0,0x6980,0x6180,0x6980,0x6980,0x6160,
  0x6981,0x71A2,0x6981,0x6981,0x6981,0x6981,0x7181,0x6960,0x69A1,0x6A03,0x6A24,0x59E3,
  0x4141,0x3900,0x3921,0x30A0,0x3901,0x5204,0x4183,0x39A3,0x6B6B,0x736B,0x6B0A,0x736B,
  0x7B6C,0x732B,0x734B,0x736B,0x734B,0x734B,0x7B8C,0x736B,0x2922,0x1880,0x3143,0x2922,
  0x3963,0x3142,0x3142,0x3983,0x3983,0x3983,0x41A3,0x41A3,0x41A3,0x41A3,0x41A3,0x39A3,
  0x3142,0x2901,0x3142,0x41A4,0x41A3,0x3983,0x4183,0x49E4,0x49C4,0x30E1,0x3901,0x4963,
  0x6A47,0x6A27,0x7206,0x7207,0x5164,0x30C0,0x3121,0x2101,0x3183,0x3183,0x18C0,0x3962,
  0x5A25,0x6A45,0x6A05,0x5942,0x69C3,0x69E3,0x69A1,0x69E2,0x7204,0x7225,0x4901,0x5121,
  0x61A3,0x69A2,0x71E4,0x40E1,0x2040,0x20C1,0x28E2,0x3964,0x49E5,0x5206,0x4122,0x4983,
  0x4101,0x4101,0x38C0,0x5142,0x61A4,0x61A3,0x6A05,0x69E4,0x61C4,0x69C4,0x6183,0x5963,
  0x5101,0x48A0,0x6162,0x7204,0x6182,0x69C3,0x50E0,0x50E0,0x6164,0x50C1,0x3880,0x38E1,
  0x51C3,0x6203,0x59E2,0x51A0,0x51A1,0x59C2,0x51A2,0x4162,0x4962,0x30E0,0x4981,0x59E3,
  0x51C2,0x5A03,0x4141,0x3921,0x5A03,0x4982,0x51E3,0x51C3,0x4161,0x4141,0x51A3,0x51C3,
  0x5A05,0x4122,0x2040,0x4963,0x51A4,0x51E5,0x4184,0x3922,0x3942,0x5A25,0x6266,0x6AA6,
  0x7AE6,0x7AC5,0x7AA3,0x7AA2,0x7A61,0x7200,0x7221,0x7A21,0x7221,0x7AA3,0x7284,0x30E0,
  0x30E1,0x2901,0x2901,0x3983,0x28E1,0x3962,0x3101,0x51A3,0x7AC6,0x61C4,0x40C1,0x30A1,
  0x28C1,0x3103,0x4103,0x3840,0x48A1,0x4081,0x40E1,0x40E2,0x48A1,0x4040,0x3800,0x69A6,
  0x6164,0x3860,0x38C1,0x3080,0x2880,0x3942,0x4184,0x41A4,0x3964,0x3164,0x3143,0x20C0,
  0x39A0,0x7344,0x5A64,0x30A0,0x5141,0x7223,0x71C2,0x69A1,0x7A04,0x69E4,0x5183,0x59A3,
  0x59C1,0x59C0,0x6A01,0x71E1,0x71C1,0x69A0,0x69A0,0x6980,0x6960,0x6980,0x69A0,0x6980,
  0x6980,0x6180,0x6180,0x69A1,0x69A0,0x69A0,0x69A0,0x6980,0x6980,0x71A0,0x71A1,0x7181,
  0x7181,0x71A1,0x7181,0x6960,0x6960,0x7161,0x7181,0x7181,0x7203,0x5982,0x38E0,0x3121,
  0x3120,0x3961,0x4A03,0x3921,0x28C0,0x5A24,0x49E4,0x3962,0x734A,0x734B,0x6B2A,0x736B,
  0x736B,0x7B8C,0x840E,0x7BAC,0x7BAC,0x7B8C,0x7BAC,0x6B2A,0x2902,0x20E1,0x3143,0x2922,
  0x3983,0x3963,0x3963,0x3983,0x3963,0x3963,0x3983,0x3983,0x3983,0x3983,0x3983,0x41C4,
  0x41C4,0x3963,0x41A3,0x41C4,0x3983,0x3962,0x4183,0x49A3,0x3901,0x38E1,0x6205,0x6205,
  0x6A05,0x61A4,0x61A5,0x5143,0x38C1,0x28C1,0x3962,0x3163,0x20E0,0x18C0,0x4A04,0x6A86,
  0x6A25,0x61A2,0x6141,0x6162,0x7204,0x69E3,0x7A43,0x7244,0x61A3,0x4921,0x40C1,0x59A3,
  0x61A3,0x69E4,0x40A0,0x40C1,0x30C0,0x3142,0x5A67,0x5206,0x3943,0x28A1,0x3902,0x4122,
  0x40E1,0x5162,0x59A2,0x6A04,0x61E3,0x61C3,0x59C4,0x59A4,0x4922,0x5142,0x40C1,0x4901,
  0x5942,0x50E0,0x69C3,0x69A2,0x69A3,0x69A3,0x48A0,0x5901,0x5902,0x5102,0x3860,0x38C1,
  0x4962,0x5181,0x51C1,0x59E1,0x59E1,0x5A02,0x4982,0x30A0,0x4983,0x49A3,0x38E0,0x4981,
  0x59E2,0x51C2,0x4141,0x4121,0x5A23,0x4140,0x51C2,0x5A03,0x51A3,0x4141,0x4962,0x4983,
  0x30C0,0x3902,0x5A05,0x30C0,0x2060,0x3922,0x30E1,0x4183,0x3942,0x28C0,0x3941,0x4161,
  0x51A2,0x6A64,0x72A4,0x7263,0x7243,0x7262,0x7A83,0x7242,0x6A22,0x7283,0x5A03,0x30C0,
  0x3141,0x2900,0x20E0,0x3140,0x4182,0x5A45,0x5A05,0x59C5,0x4902,0x3840,0x4060,0x40E2,
  0x28A1,0x3103,0x38A2,0x4041,0x50C3,0x3840,0x4122,0x6266,0x30A0,0x38A0,0x40C1,0x6A06,
  0x5143,0x38A1,0x2840,0x3902,0x4144,0x4144,0x28E2,0x20A1,0x28E1,0x2081,0x1860,0x4182,
  0x6AE3,0x5A81,0x7325,0x6264,0x30A0,0x59A3,0x7244,0x7245,0x61C4,0x4102,0x30A1,0x38E1,
  0x4100,0x6A01,0x7202,0x71E1,0x71E1,0x71E1,0x71E1,0x71C1,0x69A0,0x6960,0x6980,0x69A0,
  0x71C1,0x71C1,0x69A1,0x69A0,0x69A0,0x71C0,0x71E0,0x71C0,0x71A0,0x71A0,0x71A0,0x71C1,
  0x79C1,0x71A1,0x71A1,0x7180,0x7160,0x7180,0x7181,0x71A2,0x61C2,0x38E0,0x28C0,0x39C3,
  0x4224,0x39A2,0x3120,0x3961,0x6265,0x6AA6,0x4162,0x2080,0x732A,0x734B,0x7B6C,0x7B8C,
  0x732A,0x5A67,0x5267,0x5267,0x734A,0x736B,0x736B,0x5AA8,0x20C1,0x2902,0x2943,0x2942,
  0x41A4,0x3984,0x41A4,0x41A4,0x3983,0x3963,0x3963,0x3983,0x3983,0x39A3,0x41A3,0x41A4,
  0x41A4,0x3983,0x41A4,0x3983,0x3142,0x3142,0x4162,0x4183,0x30A0,0x4101,0x61C4,0x69E5,
  0x5122,0x5143,0x51A4,0x38E1,0x3922,0x30E1,0x3942,0x20C0,0x20C0,0x5205,0x6A66,0x59E3,
  0x5141,0x6161,0x6982,0x79C3,0x71E3,0x61A2,0x6A03,0x59A2,0x38C0,0x2820,0x4102,0x59C4,
  0x61E4,0x5122,0x38A0,0x2840,0x4963,0x6287,0x5A67,0x3102,0x28A1,0x4984,0x2880,0x3080,
  0x61C4,0x69C3,0x61C2,0x61A2,0x69E3,0x6A45,0x4942,0x38E1,0x2820,0x38A1,0x5183,0x5162,
  0x48E0,0x5961,0x71C3,0x71E3,0x7A05,0x5902,0x48A0,0x50E2,0x50E1,0x5122,0x3860,0x38E1,
  0x4941,0x4961,0x51A1,0x5A01,0x51E1,0x51E2,0x51C3,0x4162,0x4162,0x4121,0x38E0,0x51C2,
  0x51A1,0x51E2,0x51A1,0x4981,0x4140,0x4161,0x4961,0x4141,0x4982,0x51C3,0x51A3,0x4122,
  0x2880,0x6226,0x7AE9,0x4163,0x51E4,0x51C4,0x4983,0x49C4,0x4183,0x4162,0x30E0,0x28A0,
  0x28A0,0x3900,0x5A03,0x72A6,0x6A65,0x7264,0x7AA4,0x72A4,0x7284,0x6A64,0x3921,0x3101,
  0x2901,0x1880,0x3140,0x49E2,0x6AC6,0x6AA6,0x5163,0x38C2,0x3841,0x4041,0x48A2,0x38C2,
  0x2080,0x3923,0x3081,0x4862,0x4882,0x3040,0x49A4,0x5204,0x2060,0x30C0,0x59C4,0x72A8,
  0x4143,0x2880,0x30E2,0x3903,0x30C2,0x2060,0x1820,0x2881,0x28A0,0x2040,0x30A0,0x4141,
  0x6A83,0x6AA3,0x6284,0x5A44,0x3941,0x51C3,0x7AC7,0x4942,0x2880,0x30E2,0x4164,0x4122,
  0x40C0,0x69E2,0x7202,0x71E1,0x69C1,0x71C1,0x71C1,0x71C1,0x71A1,0x69A1,0x69A1,0x69A0,
  0x69A0,0x69A1,0x69A0,0x6980,0x69A0,0x71E1,0x7A01,0x71C0,0x6980,0x6980,0x71A0,0x71C1,
  0x71C1,0x71A0,0x7180,0x71A0,0x7180,0x7180,0x71A1,0x69E2,0x4100,0x30C0,0x3982,0x4204,
  0x39C3,0x2100,0x3961,0x5A24,0x5A03,0x3901,0x28A0,0x28A0,0x6AC9,0x7B8C,0x6B2A,0x41C5,
  0x3163,0x41C5,0x4A05,0x3163,0x4205,0x62E9,0x734A,0x5AA8,0x18A0,0x20E1,0x3143,0x2942,
  0x41A4,0x3984,0x3143,0x3983,0x41A4,0x3983,0x3983,0x41A4,0x41A4,0x41A3,0x41A4,0x41A4,
  0x41A4,0x41C4,0x41A4,0x3963,0x3962,0x4163,0x4163,0x30C0,0x38E1,0x6205,0x6A05,0x5122,
  0x48C0,0x59C4,0x28E1,0x3122,0x3963,0x28E1,0x3922,0x2880,0x4963,0x7287,0x5983,0x5121,
  0x69A2,0x71E3,0x69A1,0x71E2,0x71C2,0x7204,0x5183,0x30C0,0x28A0,0x30C0,0x51A4,0x6205,
  0x5984,0x38A1,0x2860,0x4963,0x6226,0x59C4,0x28A1,0x2061,0x30E2,0x28A1,0x4101,0x6204,
  0x69E3,0x69C3,0x69A2,0x71E3,0x69E4,0x5982,0x38C0,0x4121,0x5A06,0x5184,0x38A1,0x3060,
  0x40C0,0x7203,0x69C3,0x71C3,0x71C4,0x50A1,0x58E2,0x5902,0x5923,0x48E1,0x3060,0x38C0,
  0x51C3,0x5A03,0x51E1,0x51E1,0x49A0,0x51E2,0x49C3,0x4182,0x4163,0x4983,0x4961,0x4960,
  0x51A1,0x51C2,0x51C2,0x49A1,0x30E0,0x4981,0x51C2,0x51A2,0x4982,0x5A04,0x4963,0x38E1,
  0x6247,0x7AEA,0x72A9,0x6A88,0x6A67,0x30A0,0x3901,0x4163,0x4183,0x4163,0x3101,0x3100,
  0x4162,0x4182,0x3900,0x28A0,0x3921,0x49A2,0x51C2,0x5A03,0x6245,0x6267,0x28C1,0x3103,
  0x20C2,0x3983,0x62E6,0x62A5,0x5A03,0x4100,0x3881,0x3881,0x3881,0x4081,0x48A2,0x3080,
  0x28A0,0x3942,0x38C1,0x5081,0x4040,0x3880,0x49A4,0x28E1,0x3902,0x30C0,0x3942,0x4183,
  0x28C0,0x30E1,0x3123,0x1840,0x2081,0x28A1,0x38E2,0x4102,0x38C1,0x4942,0x5142,0x3040,
  0x38C0,0x6A44,0x49E3,0x3981,0x49E3,0x4161,0x4182,0x30E0,0x3101,0x41A3,0x4183,0x3901,
  0x5142,0x6162,0x71A1,0x69A0,0x6980,0x6980,0x69A1,0x71C1,0x69A1,0x71C1,0x71C1,0x6980,
  0x6160,0x6160,0x6980,0x69C0,0x69C1,0x69C1,0x71E2,0x69C1,0x6180,0x6980,0x71E1,0x71E1,
  0x69A1,0x69A0,0x6980,0x6180,0x6980,0x6980,0x69C1,0x59C1,0x30C0,0x3961,0x41E4,0x3183,
  0x2942,0x41C3,0x6AA7,0x59E3,0x30A0,0x38C0,0x30E1,0x1840,0x5A88,0x7B8C,0x6B0A,0x5A88,
  0x4A06,0x3143,0x41C4,0x4205,0x4A26,0x62E9,0x736B,0x6B0A,0x2902,0x18C1,0x3143,0x2922,
  0x3984,0x3963,0x28E1,0x3143,0x41A4,0x41A4,0x39A3,0x41A4,0x41A4,0x39A3,0x41A4,0x41A3,
  0x41A3,0x41A4,0x3983,0x3943,0x3943,0x4183,0x4162,0x30A0,0x5183,0x6A05,0x69C4,0x5122,
  0x5122,0x4122,0x18E0,0x2962,0x3163,0x3942,0x28A0,0x30A0,0x6A26,0x61A4,0x5921,0x6982,
  0x71E3,0x71E2,0x7202,0x71E1,0x69E2,0x61E4,0x38E1,0x30E2,0x3102,0x3921,0x6225,0x59A4,
  0x3060,0x3080,0x51A4,0x6246,0x4983,0x2880,0x2881,0x2881,0x2060,0x3901,0x61E3,0x6A03,
  0x69C2,0x69C3,0x69E4,0x69E5,0x40E1,0x4101,0x51A3,0x4142,0x4143,0x38E2,0x38C0,0x59A3,
  0x69E3,0x5981,0x7204,0x69A3,0x48A0,0x5923,0x69A5,0x5123,0x48E2,0x38A0,0x38C1,0x30A0,
  0x4982,0x51C2,0x51A0,0x59E1,0x49C0,0x51E2,0x51E3,0x49A3,0x3941,0x4162,0x51E3,0x51A1,
  0x59E2,0x51C2,0x5A03,0x51C2,0x51C2,0x4120,0x51C2,0x51E3,0x51C3,0x4962,0x30C0,0x6246,
  0x7AE9,0x6A68,0x72A9,0x7AC9,0x6A68,0x4143,0x5A06,0x72C9,0x51C5,0x30E1,0x4163,0x4183,
  0x49A3,0x51E3,0x49A2,0x3940,0x3100,0x30E0,0x2880,0x28A0,0x3901,0x51E6,0x28C2,0x3104,
  0x20C2,0x3142,0x3141,0x28E0,0x28A0,0x3080,0x38A1,0x2860,0x30A0,0x3880,0x40A1,0x2880,
  0x30E1,0x3942,0x59C4,0x4080,0x4080,0x40E1,0x28C0,0x3143,0x41A5,0x3963,0x2901,0x2921,
  0x3121,0x2901,0x2902,0x3984,0x3103,0x3103,0x3902,0x2860,0x4101,0x61C4,0x5122,0x48C1,
  0x3840,0x5163,0x51E3,0x3961,0x62E6,0x5AA5,0x18A0,0x2941,0x39A3,0x3982,0x2901,0x38E1,
  0x61C4,0x6982,0x6981,0x6980,0x6980,0x69A1,0x71E1,0x71E1,0x71C1,0x6980,0x6980,0x69A1,
  0x69A0,0x6980,0x6980,0x69A0,0x69A0,0x71C1,0x7202,0x71E2,0x61A1,0x61A1,0x69C1,0x69C1,
  0x69C1,0x71C1,0x69A0,0x6180,0x6180,0x6180,0x61E2,0x51E2,0x3100,0x39A3,0x39C4,0x2121,
  0x18C0,0x41A3,0x4983,0x38C0,0x38A0,0x38C0,0x49A3,0x3102,0x6B2A,0x736B,0x734B,0x7BAC,
  0x6AE9,0x4A26,0x6B4A,0x7B8B,0x738B,0x734A,0x734A,0x734A,0x3163,0x18A0,0x3143,0x2902,
  0x3963,0x3963,0x3963,0x3963,0x3963,0x3963,0x3983,0x3983,0x3962,0x3983,0x3983,0x3983,
  0x39A3,0x3963,0x4184,0x3984,0x3963,0x41C4,0x3922,0x30C0,0x61C3,0x69C3,0x69C4,0x5963,
  0x59C4,0x28C0,0x3163,0x3163,0x3163,0x3942,0x2040,0x4942,0x6A25,0x5962,0x69C3,0x69C2,
  0x69A1,0x69C1,0x7201,0x69E2,0x6204,0x4963,0x28A0,0x3922,0x30C1,0x4122,0x6205,0x48E0,
  0x4900,0x69E4,0x7266,0x4983,0x2080,0x20A1,0x2080,0x28A0,0x4962,0x59C2,0x7203,0x7203,
  0x69C2,0x61E3,0x6A25,0x4102,0x3923,0x51C6,0x49C6,0x4144,0x30A0,0x40C0,0x5983,0x6A05,
  0x61A3,0x6183,0x6183,0x48C1,0x3840,0x40C1,0x4902,0x40E2,0x38A1,0x38C1,0x3901,0x30C0,
  0x4141,0x51A1,0x51C0,0x51C0,0x59E1,0x51C1,0x59E3,0x49A3,0x4162,0x4142,0x4141,0x3920,
  0x4981,0x59E2,0x59E2,0x51C2,0x4981,0x4981,0x51C2,0x51E3,0x4962,0x4101,0x6226,0x72A8,
  0x7AA8,0x7AA9,0x7288,0x7AC9,0x7AC9,0x830A,0x7289,0x30C2,0x30C2,0x4143,0x3902,0x3901,
  0x30E0,0x28C0,0x4140,0x51C1,0x51C1,0x49A2,0x49A3,0x4983,0x30E1,0x28C1,0x28C2,0x20C2,
  0x18A1,0x2902,0x3121,0x41A3,0x4A04,0x28E0,0x1860,0x20A0,0x41A3,0x3942,0x3901,0x3101,
  0x3100,0x3941,0x6A65,0x4121,0x30C0,0x30C0,0x20A0,0x39A3,0x3963,0x3162,0x39A2,0x28E0,
  0x20E0,0x3101,0x28C1,0x28C1,0x3103,0x3964,0x3983,0x3121,0x3921,0x38C0,0x3081,0x3861,
  0x4080,0x3880,0x59E3,0x6AE6,0x7347,0x4203,0x2961,0x3182,0x3183,0x3962,0x28C0,0x59C3,
  0x61C2,0x61A1,0x79E2,0x71A1,0x6980,0x69A1,0x69C1,0x69A1,0x71C2,0x71C1,0x6140,0x71C0,
  0x6180,0x61A0,0x71C0,0x71A0,0x7180,0x71A0,0x7A01,0x69A0,0x69E3,0x6A03,0x7223,0x7A44,
  0x7A43,0x7A02,0x69A0,0x6980,0x6180,0x69A1,0x6A23,0x4982,0x2080,0x3983,0x4205,0x39C4,
  0x3163,0x2901,0x2880,0x2860,0x38C0,0x6245,0x6A87,0x28E1,0x5A88,0x7BAC,0x736B,0x738B,
  0x62C8,0x6B2A,0x6B4A,0x734A,0x7BAB,0x736B,0x6B4A,0x736B,0x41C5,0x18A1,0x2923,0x2942,
  0x3963,0x3983,0x3963,0x3962,0x3963,0x3963,0x3983,0x3983,0x3983,0x41A3,0x3983,0x3962,
  0x39A2,0x3982,0x4184,0x3984,0x3963,0x3983,0x30E1,0x4101,0x6A04,0x71E3,0x7A05,0x5121,
  0x5183,0x28C1,0x2942,0x3983,0x3963,0x3921,0x2880,0x59C3,0x69E4,0x61A2,0x69C2,0x71E2,
  0x71E2,0x69E1,0x69E0,0x6A02,0x5A04,0x3101,0x28C1,0x3902,0x30A0,0x59C4,0x59A3,0x5121,
  0x7245,0x69E4,0x61E4,0x3901,0x2080,0x20C1,0x3901,0x4141,0x5141,0x69E2,0x69C1,0x6181,
  0x69E3,0x6A04,0x4122,0x3902,0x49C5,0x3903,0x2060,0x30C1,0x5983,0x69E4,0x69C3,0x6182,
  0x6183,0x69C4,0x5101,0x40A0,0x5983,0x59A4,0x4943,0x30C1,0x30C1,0x3902,0x3922,0x4162,
  0x51E3,0x5A02,0x59E1,0x51A0,0x59C0,0x51C1,0x51C2,0x49A2,0x51C3,0x4182,0x4982,0x4181,
  0x4161,0x5A03,0x59C2,0x51C2,0x5A03,0x51E3,0x51A2,0x3920,0x30A0,0x6225,0x7AC8,0x6A47,
  0x7AA8,0x82E9,0x82C9,0x7AE9,0x830A,0x7AEA,0x6227,0x51A5,0x6247,0x6247,0x51E5,0x4983,
  0x30C0,0x4141,0x4160,0x4980,0x51C1,0x49A2,0x49E3,0x3962,0x20C0,0x28E1,0x3943,0x28C2,
  0x28C1,0x28A1,0x28A1,0x4163,0x49E5,0x3983,0x20C0,0x2101,0x39C3,0x39C3,0x41E3,0x3120,
  0x28C0,0x4161,0x6AC7,0x49C3,0x28A0,0x28E0,0x2901,0x39A3,0x3162,0x3183,0x39A3,0x2901,
  0x3141,0x5266,0x62A7,0x41A3,0x20C0,0x18A0,0x2920,0x2900,0x4162,0x4143,0x3040,0x40A2,
  0x4881,0x3840,0x4921,0x72E7,0x5243,0x18A0,0x39E3,0x39C4,0x3163,0x3121,0x3901,0x51A2,
  0x7244,0x69E2,0x71C1,0x7180,0x69A0,0x69C1,0x61A0,0x6140,0x7181,0x79E2,0x6980,0x6140,
  0x69C1,0x5960,0x6140,0x6981,0x79E1,0x6960,0x69A1,0x69E3,0x4941,0x4101,0x59C3,0x7265,
  0x6A03,0x61A1,0x69C2,0x69E2,0x61C2,0x61E3,0x59C3,0x3921,0x3141,0x41C4,0x3163,0x20E1,
  0x2922,0x3142,0x2880,0x3921,0x6A45,0x72A7,0x49A3,0x1840,0x41A5,0x840E,0x62E9,0x39A4,
  0x5267,0x4A46,0x5266,0x4205,0x5AA7,0x736A,0x6B2A,0x736B,0x4A26,0x18A0,0x2922,0x2942,
  0x3983,0x3983,0x3983,0x3963,0x3963,0x3963,0x3983,0x3983,0x3983,0x39A3,0x3963,0x3142,
  0x3982,0x3982,0x3963,0x3964,0x3984,0x3963,0x28C0,0x4941,0x6A04,0x69A3,0x71E4,0x48E0,
  0x4963,0x3922,0x20C1,0x3143,0x3942,0x30C0,0x4121,0x6A45,0x69E3,0x61A1,0x6181,0x71E1,
  0x7202,0x69C1,0x69A0,0x7223,0x51E4,0x28A0,0x3942,0x3902,0x38E1,0x6A25,0x4901,0x5141,
  0x61C3,0x61C3,0x5162,0x3080,0x28A0,0x3942,0x3901,0x61C3,0x69E3,0x61A2,0x6181,0x69C2,
  0x61C3,0x40C0,0x2860,0x30A0,0x30C1,0x4943,0x59C4,0x61E4,0x69C3,0x6982,0x6981,0x6162,
  0x6182,0x69A3,0x7205,0x6A26,0x59C5,0x4943,0x38E2,0x30E2,0x3102,0x28A1,0x28A0,0x49A3,
  0x51C2,0x4981,0x59C1,0x59E1,0x59E1,0x59E2,0x51C2,0x30E0,0x3921,0x4162,0x49A3,0x49A2,
  0x4140,0x38E0,0x4960,0x49A1,0x51C2,0x51C3,0x49A3,0x3900,0x38E1,0x59E5,0x6A26,0x7267,
  0x82C9,0x6A47,0x6A27,0x7288,0x7268,0x7AC9,0x7AEA,0x72C9,0x6227,0x49A4,0x4163,0x3921,
  0x49A3,0x49A3,0x51C2,0x51A2,0x49A2,0x41A1,0x3140,0x3120,0x20E0,0x3963,0x28C1,0x30C1,
  0x38C2,0x3881,0x3040,0x2840,0x2040,0x3983,0x39E4,0x31C3,0x31A3,0x39C3,0x41E3,0x2941,
  0x20C0,0x3962,0x5225,0x4182,0x3141,0x3983,0x3142,0x39A4,0x3163,0x2943,0x3164,0x39C5,
  0x39A4,0x41A3,0x49E3,0x41C2,0x41A1,0x41C1,0x41C2,0x3101,0x2040,0x4942,0x4943,0x3040,
  0x5102,0x5123,0x3880,0x5A24,0x5244,0x20E0,0x2921,0x2922,0x3984,0x3122,0x4122,0x38E0,
  0x4100,0x6A03,0x71E2,0x6980,0x69A0,0x69A0,0x71C0,0x71A0,0x71A1,0x71A1,0x6981,0x61A2,
  0x5141,0x48E0,0x6162,0x6141,0x71C2,0x6981,0x61A2,0x59A3,0x30A0,0x3922,0x30E2,0x28A0,
  0x30C0,0x38E0,0x59C3,0x51A3,0x4121,0x3901,0x3100,0x3981,0x41C3,0x3121,0x28E1,0x3143,
  0x3121,0x2080,0x3101,0x6245,0x7286,0x4942,0x3080,0x3081,0x4144,0x7B6B,0x2901,0x5267,
  0x6B29,0x5AA8,0x5A87,0x4A26,0x4A26,0x736A,0x6B09,0x7B8B,0x5A88,0x1880,0x2943,0x2942,
  0x3963,0x3983,0x41A3,0x3983,0x3963,0x3963,0x3983,0x39A3,0x3983,0x3983,0x3983,0x3162,
  0x3182,0x3962,0x3142,0x3943,0x3964,0x3942,0x28C0,0x4961,0x69E4,0x6982,0x69A3,0x5941,
  0x4942,0x51E5,0x20A0,0x3122,0x3942,0x2880,0x59C3,0x6A24,0x61A2,0x69A1,0x69A1,0x69C1,
  0x7202,0x71E1,0x71E1,0x7244,0x4162,0x28A1,0x4143,0x30C0,0x5183,0x59A3,0x40C0,0x61A3,
  0x61A3,0x61C3,0x38C0,0x30A0,0x4101,0x4121,0x5982,0x69C3,0x69C3,0x69A2,0x71E3,0x71E3,
  0x4900,0x4902,0x59A4,0x5183,0x59A4,0x6A45,0x6182,0x5940,0x6981,0x71A1,0x69A1,0x6161,
  0x6182,0x61A3,0x6A05,0x59A4,0x30C1,0x2880,0x28C1,0x3123,0x3123,0x2902,0x28C1,0x3942,
  0x51C3,0x4981,0x59E2,0x59E1,0x59E1,0x59C1,0x4961,0x4120,0x4962,0x49A2,0x51C3,0x4981,
  0x51C2,0x4161,0x51C1,0x51C2,0x49A2,0x51C3,0x4141,0x38E0,0x4963,0x59E5,0x61E5,0x6A47,
  0x7AA8,0x6A06,0x5164,0x40E2,0x4944,0x6A47,0x7AEA,0x59E6,0x2880,0x30C1,0x4142,0x49A3,
  0x49C3,0x4182,0x4982,0x51C3,0x51C3,0x3100,0x3160,0x3981,0x2900,0x3983,0x2080,0x30A1,
  0x4081,0x4861,0x50A2,0x50E3,0x3060,0x2060,0x2942,0x31A3,0x31C3,0x39C3,0x3182,0x31A2,
  0x2920,0x2921,0x2900,0x20C0,0x2921,0x20E0,0x1080,0x3162,0x39C3,0x39A3,0x39A4,0x3984,
  0x41A4,0x4183,0x3100,0x3100,0x41C0,0x5A82,0x62C4,0x5202,0x4182,0x3901,0x4102,0x38A1,
  0x5144,0x7A68,0x5183,0x3921,0x3982,0x3982,0x2921,0x18A0,0x3963,0x3943,0x49A4,0x4963,
  0x30A0,0x59A2,0x7A44,0x69A1,0x6180,0x69C0,0x71C0,0x7180,0x71A1,0x6961,0x69A2,0x61C3,
  0x38A0,0x38A0,0x61A3,0x6142,0x6981,0x61A1,0x59A1,0x4962,0x28A0,0x3943,0x3163,0x3143,
  0x3122,0x20A0,0x28C0,0x28C0,0x28E0,0x3142,0x3982,0x31A1,0x2100,0x3982,0x5226,0x3983,
  0x28C1,0x3121,0x3121,0x4182,0x3100,0x2860,0x3080,0x40C2,0x30C2,0x6AE9,0x4A26,0x41E5,
  0x4A05,0x4A05,0x3142,0x4A46,0x6B29,0x736B,0x6B2A,0x736B,0x5267,0x1880,0x2922,0x2922,
  0x3963,0x3983,0x3983,0x3983,0x3983,0x3983,0x41A4,0x41A4,0x3983,0x39A3,0x41A4,0x3983,
  0x39A3,0x3983,0x3943,0x3963,0x4184,0x4183,0x28A0,0x4121,0x69C3,0x69C3,0x69C3,0x69C3,
  0x4901,0x6225,0x30E1,0x3101,0x3922,0x38E0,0x6203,0x6A03,0x61A1,0x69E1,0x71E1,0x71C1,
  0x69C1,0x71C1,0x7202,0x7223,0x30E1,0x28A1,0x3902,0x30A0,0x61E4,0x5121,0x5941,0x6182,
  0x69C4,0x4901,0x3880,0x4941,0x5162,0x59A2,0x69C3,0x6981,0x71C3,0x71C2,0x69A2,0x5940,
  0x5961,0x6A04,0x7246,0x6A05,0x61C4,0x6182,0x6160,0x6980,0x6960,0x7181,0x6981,0x6982,
  0x69E4,0x69E4,0x4122,0x2880,0x28C1,0x3102,0x2902,0x2902,0x2902,0x2943,0x28E1,0x3922,
  0x51E3,0x49A2,0x51C2,0x51C1,0x59C1,0x59E2,0x59E2,0x51A2,0x3900,0x4120,0x59E3,0x49A2,
  0x51C2,0x51E2,0x49A1,0x5A03,0x59E3,0x5A04,0x4122,0x51C4,0x59E6,0x6A47,0x6A47,0x6A47,
  0x7268,0x7268,0x5143,0x4103,0x59A5,0x59C6,0x72A9,0x6A67,0x5A26,0x5A26,0x4183,0x4142,
  0x30C0,0x4142,0x49C3,0x51C3,0x4141,0x3940,0x5244,0x3161,0x2920,0x3121,0x30C1,0x3881,
  0x4041,0x4841,0x4841,0x4841,0x4081,0x30C1,0x2902,0x2101,0x39C3,0x4204,0x31A3,0x41E4,
  0x39A3,0x3162,0x3141,0x20E0,0x3121,0x41E3,0x3982,0x20E0,0x1880,0x2920,0x3141,0x28E0,
  0x28C1,0x28C1,0x28A0,0x3920,0x5A41,0x62A1,0x4A00,0x5242,0x7B89,0x4182,0x20A0,0x4163,
  0x38E2,0x4943,0x4143,0x3101,0x2900,0x2921,0x2942,0x2942,0x2943,0x3143,0x3123,0x4163,
  0x4142,0x30C0,0x59C3,0x6A03,0x69E2,0x69C1,0x69A0,0x6980,0x7180,0x69A2,0x69C3,0x38E1,
  0x3901,0x4101,0x4921,0x61A3,0x69C2,0x7201,0x59A1,0x49A1,0x28E0,0x20C0,0x39A4,0x4A46,
  0x39C3,0x3162,0x3141,0x3161,0x39C3,0x4204,0x39C2,0x39C1,0x2940,0x3121,0x3962,0x3101,
  0x3122,0x41C4,0x3962,0x41A3,0x4182,0x4163,0x30A1,0x2820,0x2040,0x5A88,0x83CD,0x6B09,
  0x734A,0x6B09,0x6B2A,0x6B2A,0x6B29,0x62E9,0x6B2A,0x7BAC,0x5267,0x1880,0x20E1,0x2922,
  0x3983,0x3963,0x3983,0x3983,0x39A3,0x3983,0x41A4,0x41A4,0x3983,0x3983,0x3983,0x3983,
  0x41C3,0x39A3,0x41A4,0x41A4,0x41A4,0x4183,0x28A0,0x4121,0x61C3,0x69A2,0x71C3,0x69E3,
  0x5121,0x61E4,0x4163,0x30C0,0x3901,0x5182,0x6A24,0x6A02,0x69E2,0x71E1,0x71E1,0x69C1,
  0x69A0,0x69A1,0x71C1,0x69E3,0x3902,0x2081,0x38E1,0x4922,0x69E4,0x5961,0x69C3,0x61A3,
  0x5942,0x40C0,0x5141,0x5982,0x5941,0x69C2,0x69C2,0x6961,0x6961,0x6960,0x6981,0x6981,
  0x69C3,0x69E4,0x5982,0x5982,0x61A3,0x6161,0x6981,0x6960,0x6960,0x6960,0x69A2,0x7204,
  0x61C4,0x4942,0x30C1,0x28C1,0x2902,0x2923,0x2102,0x2102,0x2943,0x2943,0x2901,0x3942,
  0x4182,0x3940,0x51A1,0x59C2,0x59E2,0x59E2,0x51A2,0x5A04,0x51A3,0x4141,0x51E3,0x4981,
  0x4981,0x4981,0x4181,0x51C2,0x51E3,0x4142,0x4122,0x7288,0x7289,0x6A27,0x6A48,0x7AA9,
  0x7AA9,0x7AA8,0x6A06,0x6A47,0x830A,0x7AC9,0x72A9,0x6227,0x6247,0x5A06,0x51C5,0x3942,
  0x30E0,0x3100,0x49A2,0x3921,0x3920,0x6264,0x5A44,0x20C0,0x3941,0x28C0,0x30C1,0x3881,
  0x4041,0x4040,0x4000,0x4861,0x40A1,0x38A1,0x49C5,0x3983,0x20C0,0x3983,0x3162,0x3983,
  0x3982,0x39A2,0x3141,0x3120,0x5A85,0x6AE6,0x5223,0x41A1,0x3960,0x3940,0x3120,0x3940,
  0x30E0,0x3900,0x51C3,0x5A23,0x5A42,0x5A42,0x41C1,0x5AA5,0x62C7,0x20C1,0x2922,0x49E5,
  0x49C5,0x3102,0x20C1,0x28E1,0x1880,0x20E0,0x39C3,0x31A3,0x2963,0x2943,0x20C1,0x20E1,
  0x41E4,0x3982,0x30E1,0x59C4,0x6A24,0x5981,0x6180,0x71E1,0x71C1,0x69C2,0x59C3,0x2060,
  0x41C3,0x49C3,0x3920,0x59A2,0x69A1,0x69A0,0x6180,0x5181,0x3921,0x2901,0x3983,0x31A4,
  0x3183,0x41C4,0x41E4,0x41E4,0x41E4,0x41E3,0x39C2,0x39C2,0x41E3,0x41C3,0x41A3,0x41C4,
  0x4A05,0x5246,0x4A04,0x41C3,0x3162,0x2901,0x28E2,0x28C2,0x28A1,0x4A26,0x7BAC,0x7B8B,
  0x83CC,0x83ED,0x83CC,0x7BCC,0x7B8C,0x734B,0x734B,0x736B,0x4A47,0x18A0,0x2943,0x2943,
  0x3983,0x3983,0x3963,0x41A4,0x3983,0x3122,0x3962,0x3983,0x3983,0x41A4,0x41A3,0x3962,
  0x3983,0x3983,0x41A4,0x41A4,0x4183,0x3922,0x2880,0x59A3,0x69E4,0x5941,0x69C3,0x69C3,
  0x61A2,0x69E4,0x59E5,0x3080,0x40E1,0x61E3,0x6A03,0x61C1,0x7202,0x71E1,0x69C0,0x69A0,
  0x69A1,0x69A1,0x69C1,0x69E3,0x4123,0x2060,0x4102,0x61E4,0x6182,0x69A2,0x69A2,0x6162,
  0x3860,0x59A3,0x61A2,0x5961,0x71E3,0x6160,0x6960,0x69A1,0x6140,0x6960,0x6960,0x7181,
  0x69A2,0x6981,0x6161,0x6182,0x5941,0x69A2,0x6961,0x6140,0x69A1,0x6182,0x7204,0x61C3,
  0x30A0,0x28A0,0x28E2,0x2902,0x2103,0x18E2,0x2102,0x2123,0x2123,0x2943,0x2922,0x2901,
  0x49A3,0x49A2,0x51C3,0x59C2,0x51A2,0x59E3,0x51A2,0x4141,0x51C3,0x49A2,0x51A2,0x4981,
  0x4981,0x49C2,0x49C2,0x3920,0x4982,0x38E1,0x51A4,0x7AC9,0x7289,0x7269,0x7268,0x830A,
  0x7AC9,0x7AA8,0x7AC9,0x830A,0x7AC9,0x7AEA,0x7288,0x51A5,0x38E2,0x30C1,0x30E1,0x49A4,
  0x49C3,0x49C2,0x4181,0x3100,0x5202,0x6AC6,0x49A3,0x28C0,0x3922,0x2880,0x30A1,0x3060,
  0x4081,0x5103,0x4040,0x3840,0x3880,0x38A0,0x30E1,0x3122,0x2901,0x3122,0x3983,0x3122,
  0x3142,0x41A3,0x3121,0x2900,0x4A03,0x6284,0x6284,0x6283,0x6283,0x6283,0x6263,0x6283,
  0x6264,0x6A84,0x6263,0x6243,0x6263,0x5202,0x6285,0x5265,0x39A3,0x2121,0x2942,0x31A3,
  0x39A4,0x39A4,0x20A0,0x2902,0x3162,0x39A2,0x2960,0x2961,0x31C3,0x3183,0x2963,0x20E1,
  0x2942,0x39A3,0x28C1,0x30E2,0x5182,0x6202,0x69C1,0x6160,0x69A1,0x61C2,0x4941,0x28E0,
  0x4204,0x5264,0x51E3,0x4100,0x61A0,0x6960,0x6160,0x61A2,0x5182,0x3922,0x3984,0x3163,
  0x39A4,0x3983,0x39A3,0x49E4,0x4A04,0x49E4,0x41E3,0x41C2,0x4A03,0x4203,0x39A3,0x3162,
  0x3142,0x3182,0x39A3,0x3983,0x3963,0x20A0,0x2080,0x20A2,0x2081,0x62E9,0x7BCC,0x62C8,
  0x4A26,0x5247,0x5A88,0x5247,0x5247,0x62E9,0x6B4A,0x736B,0x5267,0x1080,0x2922,0x2942,
  0x41A4,0x41A3,0x3963,0x41A4,0x3142,0x28E1,0x3142,0x3983,0x3983,0x3962,0x3162,0x3962,
  0x3162,0x41C4,0x41C4,0x39A4,0x49A4,0x28A0,0x4101,0x61C4,0x61A3,0x69C3,0x69C3,0x69A2,
  0x69A2,0x7225,0x51A3,0x3080,0x61E4,0x6A04,0x6A02,0x69E1,0x69A0,0x6180,0x71C0,0x71E1,
  0x71E2,0x69C1,0x69A1,0x69E3,0x4143,0x2860,0x5183,0x61C4,0x6182,0x69A2,0x5941,0x4080,
  0x5942,0x69E4,0x61A3,0x69C2,0x71E2,0x6980,0x6180,0x6180,0x6160,0x6980,0x6960,0x6940,
  0x6960,0x6960,0x6141,0x6962,0x69A2,0x69A2,0x6162,0x6162,0x61A3,0x59A3,0x5183,0x2880,
  0x28A0,0x3123,0x2923,0x2123,0x2103,0x2123,0x2123,0x2102,0x2122,0x2102,0x2942,0x28E0,
  0x3962,0x4182,0x4121,0x4961,0x4141,0x51A2,0x4141,0x4161,0x4161,0x4161,0x4141,0x4961,
  0x4161,0x3940,0x3100,0x3941,0x49A3,0x30A0,0x59E6,0x7289,0x7AAA,0x7AA9,0x7ACA,0x7ACA,
  0x7AA9,0x7AA8,0x82E9,0x7AC9,0x7AA8,0x7AA9,0x7289,0x7B0B,0x7B6C,0x6288,0x4164,0x4163,
  0x3961,0x4182,0x28E0,0x5A41,0x6AC3,0x6285,0x3101,0x3902,0x30A1,0x3060,0x3882,0x40A2,
  0x3840,0x5984,0x61A4,0x40E1,0x3080,0x30E0,0x3921,0x4163,0x3984,0x3983,0x3983,0x3142,
  0x3162,0x3982,0x39A2,0x41A2,0x2900,0x3960,0x5202,0x5A23,0x51C1,0x51E2,0x5A63,0x6283,
  0x5A42,0x6283,0x6284,0x6284,0x6AA6,0x4182,0x3121,0x2900,0x18A0,0x2101,0x31A4,0x2942,
  0x3162,0x3162,0x2902,0x3122,0x3142,0x2900,0x20C0,0x20E0,0x18E0,0x2962,0x2943,0x2943,
  0x31A3,0x3182,0x4184,0x30C1,0x2860,0x5140,0x69C1,0x6140,0x6960,0x61A2,0x4141,0x20C0,
  0x39C3,0x5A85,0x5223,0x40E0,0x6180,0x7180,0x6960,0x69E2,0x38C0,0x30C0,0x4183,0x3163,
  0x3163,0x3122,0x41C4,0x3982,0x2900,0x3120,0x41A2,0x49E3,0x41E2,0x41C3,0x2120,0x10A0,
  0x2100,0x3121,0x20A0,0x28A0,0x2880,0x2860,0x2881,0x2061,0x20A1,0x62E9,0x6B2A,0x4A26,
  0x5A88,0x5A88,0x5246,0x41E5,0x3984,0x20C1,0x4A06,0x7B8C,0x5267,0x1880,0x2922,0x2942,
  0x3983,0x3983,0x41A4,0x3983,0x3142,0x3142,0x3963,0x3983,0x3983,0x3162,0x3142,0x3963,
  0x3983,0x39A3,0x41A4,0x49E5,0x41A4,0x2880,0x59A4,0x6A26,0x40C0,0x5982,0x7204,0x69E3,
  0x6182,0x71E4,0x5983,0x59A3,0x7224,0x69E3,0x69E2,0x71E2,0x61A0,0x71C0,0x71C0,0x69C0,
  0x69A0,0x69A1,0x71C2,0x69E3,0x40E1,0x38C1,0x61C4,0x61C3,0x6141,0x6161,0x50C0,0x6161,
  0x69E3,0x69E4,0x69C3,0x7203,0x71C2,0x71A1,0x6180,0x6160,0x6180,0x69A0,0x71A0,0x7180,
  0x7180,0x7161,0x6961,0x71A2,0x71E4,0x6183,0x5101,0x5122,0x61E5,0x4984,0x30E1,0x28E2,
  0x3123,0x20C2,0x2103,0x2944,0x1903,0x2123,0x2123,0x20E2,0x2102,0x2101,0x3142,0x2921,
  0x3101,0x3922,0x3921,0x4962,0x4962,0x51A2,0x4120,0x4982,0x4141,0x3921,0x4161,0x4982,
  0x4141,0x41A2,0x4161,0x3921,0x51C4,0x4984,0x6226,0x7AA9,0x7268,0x6A28,0x7248,0x7AA9,
  0x7AC9,0x7AC9,0x7AC9,0x7AA8,0x7267,0x72A8,0x7ACA,0x6A68,0x59E7,0x5A27,0x5A27,0x5A46,
  0x3121,0x20A0,0x49C0,0x5A61,0x6B03,0x5223,0x2901,0x3923,0x3081,0x3841,0x4082,0x48A2,
  0x4081,0x3060,0x51A4,0x6225,0x3100,0x3120,0x3120,0x3962,0x3183,0x3162,0x3162,0x3183,
  0x2942,0x2921,0x3162,0x39A2,0x3141,0x20C0,0x20A0,0x3120,0x3941,0x3961,0x28E0,0x20E0,
  0x39A0,0x41E1,0x49E2,0x4181,0x28A0,0x2080,0x28A0,0x3960,0x3961,0x28E0,0x20A1,0x1860,
  0x1880,0x20A0,0x2080,0x2040,0x30E1,0x6244,0x6AC5,0x4A02,0x3140,0x20C0,0x2922,0x18A1,
  0x20A0,0x20C0,0x28A0,0x3080,0x30A0,0x40C0,0x5920,0x6140,0x6960,0x61A2,0x6204,0x3100,
  0x41C3,0x5224,0x4181,0x4920,0x6160,0x71A0,0x69A1,0x69C2,0x4921,0x4121,0x3101,0x20A0,
  0x20C0,0x3163,0x39A3,0x3121,0x3121,0x28E0,0x3941,0x5224,0x5244,0x3181,0x10A0,0x2121,
  0x5A87,0x49A4,0x30A0,0x40E2,0x40A2,0x3881,0x40E3,0x38A2,0x2861,0x62C9,0x7B8C,0x41E5,
  0x3143,0x39A4,0x4A26,0x39C4,0x3984,0x41E5,0x6B0A,0x7B8C,0x4A26,0x18A0,0x3163,0x2943,
  0x39A3,0x3962,0x3983,0x3963,0x3963,0x3983,0x3983,0x41A4,0x3983,0x3963,0x3963,0x3963,
  0x3963,0x39A3,0x41C4,0x49E4,0x3101,0x30A0,0x6206,0x61E4,0x4901,0x5141,0x69E3,0x61A2,
  0x71C3,0x69A3,0x5121,0x6A04,0x6A04,0x69E2,0x69C2,0x69C1,0x71E1,0x69A0,0x69A0,0x69C1,
  0x69A0,0x69A1,0x69C2,0x5961,0x40A0,0x6204,0x61A3,0x61A2,0x69A2,0x5100,0x5940,0x71E3,
  0x71E3,0x69A2,0x69A2,0x69A2,0x6960,0x6981,0x69C1,0x69A1,0x69A1,0x69A1,0x71A1,0x71A1,
  0x71A2,0x7181,0x6962,0x6162,0x5122,0x4922,0x5164,0x6206,0x4143,0x3102,0x41A5,0x20C2,
  0x20C2,0x2924,0x2103,0x1903,0x2103,0x2123,0x2123,0x2102,0x2902,0x20C1,0x28E1,0x28E1,
  0x2901,0x4183,0x4983,0x4963,0x4121,0x4142,0x49A3,0x4182,0x4182,0x49A3,0x49A2,0x4162,
  0x3921,0x3921,0x4182,0x4162,0x3901,0x51A4,0x7288,0x6206,0x59C6,0x6207,0x6A48,0x7288,
  0x7AA9,0x7AC9,0x7AC9,0x7AA8,0x59A4,0x6A47,0x7B0B,0x4985,0x30A2,0x30C2,0x3922,0x49C4,
  0x30E0,0x3920,0x62A3,0x6AC2,0x7344,0x3140,0x20E1,0x3123,0x3061,0x3821,0x4021,0x4000,
  0x4061,0x4080,0x30A0,0x5A25,0x5265,0x4A03,0x2941,0x18C0,0x2962,0x2982,0x2962,0x2982,
  0x2962,0x2141,0x2120,0x18C0,0x18A0,0x18A0,0x2921,0x3102,0x3102,0x3163,0x31A3,0x2941,
  0x2961,0x2920,0x20E0,0x2900,0x3942,0x49E2,0x5A22,0x5A43,0x51E2,0x3921,0x28A1,0x28A2,
  0x30E1,0x28A0,0x38E2,0x40E2,0x38A0,0x61E3,0x72C4,0x7305,0x6284,0x41A3,0x6AC9,0x5A27,
  0x4163,0x4142,0x4942,0x5142,0x61E3,0x61C1,0x61A0,0x6160,0x6120,0x5941,0x61E4,0x30C0,
  0x41A3,0x49A4,0x4121,0x5162,0x6182,0x69C2,0x69C2,0x61C2,0x51A2,0x4962,0x3121,0x3121,
  0x39A3,0x41E4,0x2921,0x41E4,0x5245,0x3981,0x4A03,0x49E3,0x4A04,0x4204,0x2100,0x2100,
  0x4A05,0x4963,0x40A1,0x3820,0x4021,0x4841,0x4021,0x4041,0x3061,0x5A67,0x7BCC,0x6B2A,
  0x5AA8,0x4A46,0x5288,0x5AA9,0x62EA,0x734B,0x7B8C,0x7BAC,0x4A26,0x1080,0x20E1,0x2922,
  0x3142,0x2901,0x2901,0x3142,0x3963,0x3963,0x3963,0x3983,0x3963,0x3162,0x3963,0x3963,
  0x3963,0x41A4,0x41E5,0x3983,0x20A0,0x4142,0x6A47,0x4942,0x4101,0x4100,0x61C3,0x5961,
  0x69A2,0x6161,0x5121,0x6A04,0x69E3,0x71E3,0x69A1,0x5940,0x71E1,0x69A0,0x6980,0x69C1,
  0x6180,0x6180,0x69C2,0x5940,0x5120,0x6A04,0x5961,0x5961,0x5961,0x5940,0x69A2,0x69A2,
  0x69A2,0x69A2,0x6161,0x6140,0x6140,0x6981,0x69A1,0x69A1,0x69C1,0x6981,0x6160,0x6161,
  0x71C2,0x71E4,0x69A3,0x5962,0x4922,0x4964,0x4984,0x30E2,0x3123,0x41A5,0x41C6,0x2903,
  0x2903,0x2923,0x2103,0x2103,0x2103,0x20E2,0x20C2,0x20E2,0x2902,0x28E2,0x2902,0x3122,
  0x2901,0x3963,0x4163,0x4122,0x4142,0x4162,0x4162,0x4162,0x49C4,0x51E4,0x3942,0x3921,
  0x49A3,0x51E4,0x3921,0x49A4,0x4122,0x51A4,0x6A47,0x38C1,0x38A1,0x4102,0x5164,0x59C5,
  0x59E6,0x59E6,0x59E6,0x4964,0x4964,0x6A68,0x7B0A,0x7B0B,0x72EA,0x49A5,0x3943,0x3922,
  0x3100,0x5A44,0x6284,0x7305,0x6283,0x18A0,0x2922,0x28C2,0x2841,0x3862,0x4021,0x4021,
  0x4040,0x40A1,0x2840,0x30E0,0x5A86,0x5AA6,0x2920,0x2101,0x2982,0x2961,0x1900,0x2981,
  0x31A1,0x2920,0x2920,0x3161,0x39A3,0x20C0,0x1880,0x20A0,0x3122,0x2902,0x20E2,0x31A4,
  0x31C3,0x31C3,0x2141,0x2941,0x5245,0x62A6,0x6A85,0x51C2,0x4141,0x4142,0x4143,0x4164,
  0x51E5,0x51A4,0x4903,0x38A1,0x3860,0x5981,0x6A62,0x6AA3,0x5A22,0x3120,0x5A26,0x72C9,
  0x72C9,0x72A8,0x7266,0x6A04,0x6A04,0x61E2,0x61A1,0x6181,0x6161,0x6182,0x59A3,0x30C0,
  0x4183,0x4183,0x4983,0x6A05,0x69E4,0x61C3,0x59A2,0x5182,0x30C0,0x2880,0x3101,0x49E5,
  0x39A4,0x39C4,0x39A4,0x3142,0x3983,0x41E4,0x5225,0x49E4,0x41E4,0x4A65,0x39C3,0x3182,
  0x3142,0x3902,0x4903,0x3841,0x4862,0x4862,0x4041,0x4041,0x3060,0x6288,0x736B,0x6B2A,
  0x736B,0x738B,0x7B8C,0x7B8C,0x738C,0x6B4B,0x6B2B,0x7BAC,0x5267,0x1880,0x2922,0x2923,
  0x3142,0x2901,0x3142,0x41A4,0x3983,0x3962,0x3983,0x3983,0x3963,0x3162,0x3962,0x3963,
  0x3943,0x3163,0x39A4,0x2921,0x28A0,0x59E5,0x6A47,0x4942,0x38C0,0x30C0,0x5162,0x5982,
  0x6161,0x5920,0x5921,0x69E3,0x61A2,0x69E2,0x69C2,0x6160,0x71E2,0x6980,0x6980,0x69A1,
  0x6180,0x6180,0x69C1,0x5960,0x71E2,0x69A1,0x61A1,0x6182,0x5941,0x69C2,0x69C2,0x6181,
  0x69A2,0x6981,0x6160,0x6961,0x6982,0x6961,0x6981,0x6160,0x6140,0x6181,0x69C3,0x69E4,
  0x69E4,0x5983,0x5142,0x4963,0x4984,0x4143,0x3943,0x49C6,0x5A47,0x4A07,0x41A5,0x28E2,
  0x2903,0x3123,0x2903,0x2902,0x3123,0x3123,0x3123,0x28E2,0x28A1,0x20A1,0x20A0,0x28E1,
  0x20C0,0x3122,0x4163,0x4143,0x3902,0x3901,0x4983,0x4182,0x49A3,0x3962,0x30E0,0x30E0,
  0x4183,0x4183,0x30E1,0x4142,0x38E2,0x30A1,0x4101,0x4102,0x4102,0x4922,0x4102,0x38C1,
  0x2860,0x2880,0x30C2,0x59C6,0x830B,0x7289,0x4964,0x4984,0x51E6,0x6AA8,0x4163,0x28C0,
  0x3961,0x5204,0x5A24,0x72E6,0x3100,0x1880,0x3163,0x2081,0x2861,0x38A2,0x3841,0x4061,
  0x4081,0x4081,0x40E1,0x30A0,0x4182,0x41C3,0x20E0,0x3162,0x3162,0x2100,0x18C0,0x2100,
  0x2100,0x2900,0x3981,0x4A23,0x62A5,0x5244,0x3961,0x20C0,0x3982,0x4A05,0x20A1,0x18C1,
  0x2121,0x2982,0x2140,0x2100,0x2920,0x41A2,0x49C3,0x49A3,0x49A3,0x4982,0x4162,0x49A3,
  0x49A3,0x4122,0x3081,0x48E2,0x3881,0x4900,0x7282,0x6A82,0x6283,0x3961,0x28C0,0x3103,
  0x4123,0x4983,0x5183,0x59C3,0x59C3,0x51A2,0x4981,0x5161,0x4921,0x4941,0x38E0,0x30E0,
  0x3982,0x3101,0x3942,0x4983,0x4922,0x4101,0x5163,0x59E5,0x4942,0x3902,0x30E2,0x3102,
  0x28E2,0x2902,0x2923,0x3163,0x3123,0x3122,0x3142,0x3121,0x39A3,0x39C3,0x41E4,0x4A05,
  0x4A05,0x4184,0x30A1,0x3061,0x3861,0x3861,0x3881,0x3881,0x2020,0x5246,0x738B,0x734B,
  0x6B09,0x6B2A,0x736C,0x734B,0x736B,0x734B,0x6B4B,0x7BAC,0x4A26,0x1880,0x2922,0x2923,
  0x3963,0x2901,0x3162,0x41C4,0x41A4,0x3983,0x41A4,0x41A4,0x39A3,0x3983,0x3963,0x4183,
  0x3943,0x2901,0x2922,0x2901,0x28E0,0x59E5,0x61E5,0x4922,0x4122,0x38E0,0x38C0,0x61E4,
  0x6161,0x5920,0x5940,0x7203,0x6181,0x6181,0x6981,0x6160,0x6980,0x6140,0x6980,0x69C1,
  0x69C1,0x69A1,0x6180,0x5940,0x71A1,0x71C1,0x6181,0x61A2,0x61C3,0x5981,0x6182,0x71C2,
  0x79E3,0x71C2,0x71A1,0x71C2,0x69A3,0x6982,0x6961,0x7181,0x71C2,0x69A2,0x5142,0x4902,
  0x4922,0x5184,0x51A5,0x4163,0x30E2,0x28E1,0x3122,0x3122,0x3123,0x3102,0x3123,0x20A1,
  0x20E2,0x20E2,0x28E2,0x28E2,0x28C2,0x20A1,0x20A1,0x20A1,0x28A1,0x3103,0x3123,0x2922,
  0x2901,0x3102,0x3902,0x3902,0x28A1,0x2060,0x28C0,0x2080,0x1860,0x2080,0x28C0,0x20A0,
  0x2080,0x28A0,0x28A0,0x2060,0x2880,0x4122,0x5184,0x61E5,0x59A4,0x4943,0x4102,0x4923,
  0x4984,0x5A07,0x72CA,0x7AEB,0x7AEB,0x7B0B,0x6247,0x4142,0x30E0,0x4183,0x3100,0x4182,
  0x5204,0x51E4,0x51C4,0x51A3,0x2040,0x28C1,0x3102,0x2881,0x30C2,0x30A2,0x3061,0x3861,
  0x3881,0x3860,0x3060,0x38A0,0x2880,0x3101,0x3101,0x20A0,0x20C0,0x3121,0x3962,0x3960,
  0x3100,0x49C1,0x6AA3,0x6282,0x6262,0x6AA3,0x5A42,0x3940,0x4160,0x6264,0x49C2,0x20A0,
  0x20C0,0x2922,0x2963,0x3183,0x2100,0x18A0,0x20A0,0x28E1,0x3942,0x3121,0x2900,0x3161,
  0x3120,0x3901,0x3081,0x40C2,0x3880,0x5161,0x72A3,0x6AA2,0x62C3,0x4A03,0x4A06,0x41A5,
  0x30E2,0x2040,0x2860,0x4983,0x3942,0x3941,0x3962,0x4183,0x4182,0x49A3,0x4162,0x3981,
  0x4203,0x39C2,0x39A2,0x49C3,0x51C3,0x5182,0x40E0,0x4962,0x59C4,0x59E4,0x3901,0x2080,
  0x28A0,0x3101,0x3942,0x3121,0x28E0,0x4183,0x3982,0x18C0,0x3162,0x39C3,0x39C3,0x20E1,
  0x3122,0x3983,0x3122,0x20A1,0x28C2,0x3102,0x3102,0x30C1,0x3102,0x62E9,0x736B,0x6B4A,
  0x6B2A,0x6B2B,0x736B,0x736C,0x734B,0x734B,0x6B4B,0x736C,0x4A26,0x20E1,0x2922,0x2923,
  0x41C4,0x3122,0x2901,0x3963,0x3983,0x3963,0x3983,0x41A4,0x39A4,0x3963,0x3963,0x3963,
  0x4184,0x3122,0x2921,0x3142,0x28C0,0x51C4,0x61E5,0x38C1,0x4102,0x3901,0x4101,0x6A04,
  0x5941,0x6161,0x5920,0x71E3,0x69A2,0x6181,0x5940,0x6981,0x69A1,0x69A1,0x69A1,0x69C1,
  0x69C2,0x69C2,0x61A1,0x61A1,0x6160,0x6980,0x71E2,0x61C2,0x6A04,0x61E3,0x61A2,0x69A2,
  0x71C2,0x71A2,0x6961,0x6141,0x5921,0x6162,0x6120,0x6100,0x6141,0x6162,0x5963,0x5163,
  0x51A4,0x4964,0x38E2,0x30E1,0x3943,0x3942,0x3122,0x3963,0x4163,0x3102,0x3102,0x28A0,
  0x30E1,0x30E1,0x28A0,0x28C0,0x30E1,0x28C1,0x3923,0x49C5,0x51C6,0x51C6,0x3943,0x20C1,
  0x2901,0x20A0,0x2040,0x2880,0x38E1,0x3922,0x3901,0x30E0,0x3922,0x3942,0x3100,0x28A0,
  0x30C0,0x28A0,0x30C0,0x4142,0x51A4,0x5A05,0x6A26,0x4962,0x4943,0x4102,0x4964,0x7288,
  0x7AEA,0x7B0A,0x7B0B,0x7AEB,0x72AA,0x4985,0x5A27,0x7B2A,0x5204,0x28C0,0x3120,0x5A44,
  0x4161,0x5A05,0x4963,0x28A0,0x2880,0x3902,0x38E2,0x2881,0x30A1,0x2840,0x38C2,0x4944,
  0x5185,0x4923,0x4902,0x38A0,0x30A0,0x49A4,0x3922,0x28A0,0x3921,0x5A24,0x6A85,0x6243,
  0x6242,0x6A61,0x6240,0x6A60,0x6A60,0x6240,0x5A20,0x6240,0x5A40,0x6261,0x6262,0x51C2,
  0x3921,0x28E1,0x18A0,0x18A0,0x2921,0x3141,0x20E0,0x20C0,0x3122,0x39A3,0x39A2,0x3181,
  0x3981,0x4183,0x4164,0x4103,0x2860,0x51C2,0x6AA3,0x5240,0x4A41,0x3981,0x62C8,0x3964,
  0x20A0,0x4163,0x2080,0x3963,0x2901,0x41E5,0x4A46,0x4A05,0x4A25,0x3962,0x3141,0x2120,
  0x39C2,0x4A85,0x4223,0x41E3,0x49C3,0x59C4,0x38C0,0x4121,0x59C3,0x4141,0x3900,0x30C0,
  0x3100,0x3941,0x41A3,0x5204,0x3100,0x5204,0x5A86,0x20C0,0x20C0,0x4A04,0x41E4,0x2101,
  0x20E0,0x2101,0x2122,0x2142,0x2142,0x3183,0x31A4,0x2942,0x2942,0x734A,0x6B4A,0x6B2A,
  0x6B4B,0x6B2A,0x6B2A,0x734B,0x6B2B,0x6B2B,0x6B2B,0x6B2B,0x3184,0x18A0,0x3143,0x2943,
  0x39A3,0x3962,0x2901,0x3983,0x3983,0x3142,0x39A3,0x41C4,0x3983,0x3963,0x3963,0x3984,
  0x49C5,0x3122,0x3101,0x3942,0x28A0,0x4983,0x6226,0x4922,0x38A0,0x4922,0x59A3,0x61E4,
  0x5941,0x6162,0x48A0,0x6162,0x71C3,0x71C3,0x5900,0x71C2,0x69A1,0x6980,0x6980,0x69C1,
  0x7A23,0x69C2,0x69C2,0x61A1,0x6182,0x69A3,0x71E4,0x69E4,0x5142,0x4901,0x4901,0x4900,
  0x5962,0x69C3,0x6182,0x6161,0x6161,0x6182,0x6182,0x5922,0x48C0,0x48C0,0x5983,0x61C5,
  0x5163,0x4942,0x59A4,0x6205,0x6204,0x61E4,0x6A24,0x6A24,0x6204,0x61E4,0x61E4,0x59A2,
  0x59A2,0x59C3,0x61C4,0x59C3,0x59A3,0x61E5,0x6205,0x6A46,0x51C5,0x4102,0x2880,0x2880,
  0x28A0,0x3921,0x51A3,0x6204,0x61E3,0x59C2,0x61C2,0x61E2,0x61E3,0x61C2,0x5982,0x5161,
  0x5982,0x59A2,0x61C3,0x61E4,0x61E4,0x59C4,0x30A0,0x38E1,0x7AE9,0x7B0A,0x7B2B,0x72A9,
  0x72AA,0x7ACA,0x72A9,0x72C9,0x7B2A,0x49A5,0x2080,0x3983,0x4182,0x28E0,0x5A21,0x6A82,
  0x7284,0x51A3,0x30A1,0x2081,0x20A1,0x3924,0x3083,0x3082,0x38A2,0x3881,0x3060,0x3881,
  0x5144,0x51C5,0x5A26,0x5A45,0x5A65,0x49C4,0x20A0,0x3100,0x4160,0x6242,0x6242,0x6A82,
  0x6A81,0x6A60,0x6240,0x6A60,0x6240,0x6A80,0x6240,0x6A60,0x6A80,0x6260,0x6AA2,0x5A22,
  0x49A2,0x49C3,0x51E3,0x5222,0x6283,0x62A3,0x5223,0x3121,0x2080,0x3142,0x39C3,0x2120,
  0x18A0,0x2900,0x3122,0x30E2,0x2880,0x30E0,0x4160,0x5221,0x41A0,0x49E3,0x5225,0x20E1,
  0x41C4,0x3162,0x28E1,0x2902,0x2901,0x3183,0x2942,0x2901,0x3142,0x3142,0x3162,0x20E0,
  0x3983,0x39A3,0x2901,0x2901,0x28C0,0x30A0,0x28A0,0x4142,0x4142,0x3100,0x41A2,0x3120,
  0x3981,0x3961,0x3121,0x3121,0x3121,0x49C4,0x4183,0x30E0,0x28A0,0x28E1,0x3142,0x2942,
  0x2101,0x2122,0x3183,0x3183,0x2963,0x3163,0x3183,0x2942,0x2101,0x6B0A,0x734B,0x6B0A,
  0x6B2B,0x6B0A,0x6B2B,0x6B2B,0x6B2B,0x62C9,0x62EA,0x6B0A,0x39A4,0x1880,0x3143,0x3143,
  0x41C4,0x3983,0x2901,0x3983,0x3963,0x3963,0x41C4,0x3983,0x3142,0x3162,0x41A4,0x41C5,
  0x3123,0x20A0,0x2080,0x4183,0x3101,0x30C0,0x59E5,0x61E5,0x4101,0x40C0,0x61C4,0x6A04,
  0x5942,0x5962,0x48A0,0x69C4,0x69A3,0x69A2,0x6140,0x69A1,0x6981,0x6160,0x69A0,0x69C1,
  0x69A1,0x7203,0x61A2,0x5941,0x5942,0x5922,0x48E1,0x5102,0x5942,0x61A4,0x61A4,0x5983,
  0x61C4,0x69C3,0x69A3,0x69A2,0x69A2,0x6161,0x5101,0x5101,0x5122,0x5963,0x5983,0x5983,
  0x61A3,0x69C4,0x61A3,0x6182,0x61A2,0x69E3,0x69E2,0x69C2,0x69C2,0x69C2,0x61C2,0x6181,
  0x6181,0x6181,0x61A2,0x69C2,0x6182,0x5962,0x5142,0x4922,0x38A0,0x38C0,0x4101,0x4962,
  0x61E4,0x6A45,0x69E3,0x61A2,0x69C2,0x69C2,0x6160,0x6180,0x6180,0x6181,0x69A2,0x69C2,
  0x69A2,0x6181,0x71E3,0x7224,0x61C3,0x4100,0x4962,0x7B09,0x834B,0x72E9,0x832B,0x7AEA,
  0x7ACA,0x830B,0x6A68,0x4163,0x6287,0x83AD,0x5A67,0x3122,0x28E0,0x4180,0x6A81,0x7AA2,
  0x7264,0x3080,0x30A1,0x2080,0x3102,0x30E3,0x2843,0x3042,0x3881,0x48A1,0x4081,0x3840,
  0x2820,0x2880,0x3101,0x41A3,0x4A04,0x2900,0x28C0,0x3100,0x5A00,0x6A81,0x6261,0x6260,
  0x6240,0x6240,0x6220,0x6240,0x6A60,0x6A60,0x6A60,0x6240,0x6A80,0x6240,0x6260,0x51E0,
  0x3900,0x3900,0x51C2,0x6241,0x6260,0x62A1,0x6262,0x49C2,0x28C0,0x20A0,0x2921,0x2921,
  0x2920,0x3121,0x28E2,0x41A4,0x3942,0x3100,0x6284,0x62A4,0x49E2,0x49E3,0x3982,0x3142,
  0x4205,0x3162,0x2922,0x3163,0x3143,0x2922,0x2101,0x2942,0x3163,0x4A25,0x41C4,0x3122,
  0x3142,0x20C0,0x1880,0x2902,0x3943,0x4163,0x4184,0x41A4,0x28C0,0x3962,0x49E3,0x4A03,
  0x5244,0x5224,0x5224,0x41A3,0x3942,0x3122,0x28A0,0x38C0,0x38C0,0x3942,0x28C0,0x18A0,
  0x18C0,0x2101,0x3163,0x2942,0x2942,0x3142,0x3162,0x2921,0x2101,0x62EA,0x6B2B,0x6AEA,
  0x6B2B,0x6B2B,0x6B2B,0x6B2B,0x6B2B,0x62EA,0x6B0A,0x734B,0x41E6,0x1060,0x2902,0x2923,
  0x39A4,0x3142,0x2901,0x3162,0x3963,0x3983,0x3163,0x3122,0x3983,0x41A4,0x4184,0x28C1,
  0x28C1,0x3964,0x2901,0x4183,0x3942,0x30A0,0x51A4,0x6205,0x5142,0x40A0,0x61A3,0x61C3,
  0x5141,0x6182,0x48E0,0x6183,0x71E4,0x69C3,0x69C2,0x71C2,0x69C2,0x69A1,0x6181,0x69C2,
  0x69E3,0x69E3,0x5121,0x48E0,0x5142,0x48C0,0x5142,0x7A46,0x69E5,0x5142,0x5962,0x61A3,
  0x6182,0x5941,0x5941,0x6161,0x69A2,0x69A2,0x71E3,0x69C4,0x5941,0x48C0,0x5121,0x6182,
  0x5941,0x5941,0x61A2,0x69C3,0x61A2,0x69A2,0x71E3,0x71E3,0x69C2,0x69C2,0x69A1,0x69A1,
  0x6181,0x6161,0x6161,0x69A2,0x69A2,0x6182,0x5961,0x5982,0x61A3,0x61E4,0x61C4,0x61A2,
  0x69C2,0x69A1,0x69A1,0x69A1,0x6980,0x6960,0x71C1,0x71A1,0x71A1,0x69A1,0x6981,0x6181,
  0x6182,0x69E4,0x5982,0x5982,0x38C0,0x4922,0x7B8B,0x7B2A,0x72E9,0x7B2B,0x7B0A,0x7B0A,
  0x72A9,0x72A9,0x6A68,0x30C1,0x28A1,0x5228,0x7B4B,0x3102,0x28C0,0x6AA3,0x6A63,0x7A85,
  0x5122,0x3080,0x3082,0x2060,0x3102,0x38C2,0x3861,0x4082,0x3820,0x3800,0x4040,0x4881,
  0x48E2,0x38A1,0x2040,0x2880,0x28A0,0x2880,0x30C0,0x4140,0x6261,0x6A81,0x6240,0x5A20,
  0x6241,0x6A61,0x7283,0x6A83,0x51C1,0x51A0,0x72C3,0x6261,0x6261,0x5A40,0x6260,0x6282,
  0x49A2,0x30C0,0x30A0,0x4980,0x6261,0x6260,0x6260,0x5A42,0x41A2,0x28C0,0x20A0,0x28C1,
  0x49A2,0x6245,0x5A27,0x6267,0x51E4,0x5242,0x6B04,0x62C4,0x3160,0x4A24,0x20E0,0x5245,
  0x6B29,0x2901,0x18C1,0x39A4,0x39A4,0x3163,0x3983,0x39A4,0x3983,0x3142,0x2101,0x20E1,
  0x20C0,0x20C0,0x3983,0x3963,0x3963,0x28A0,0x28C0,0x2080,0x3141,0x5224,0x4A23,0x4A03,
  0x4A03,0x4A03,0x4A03,0x4A04,0x41A3,0x3121,0x2080,0x2880,0x3921,0x5A46,0x3142,0x2921,
  0x3183,0x3183,0x2942,0x2942,0x3142,0x3162,0x3983,0x3162,0x2922,0x6B0A,0x6B2A,0x6B0A,
  0x6B2B,0x734B,0x734B,0x6B2B,0x6B2A,0x6B0A,0x6B0A,0x736B,0x4A06,0x1880,0x2902,0x2922,
  0x3143,0x3963,0x3983,0x41A4,0x3143,0x3983,0x41A4,0x4184,0x4184,0x3922,0x28A1,0x3102,
  0x5226,0x3963,0x3963,0x3983,0x4183,0x28A0,0x4121,0x6A25,0x5162,0x4900,0x69E4,0x69E4,
  0x5961,0x5962,0x5142,0x40A0,0x69C3,0x5961,0x6181,0x69C2,0x6181,0x6181,0x5100,0x61A2,
  0x7204,0x48E0,0x5122,0x5963,0x5142,0x6A05,0x69C4,0x5122,0x40C0,0x5121,0x5941,0x5120,
  0x6161,0x69A2,0x71C2,0x69A2,0x69A1,0x69A2,0x6981,0x6181,0x69A2,0x6182,0x5920,0x50E0,
  0x5961,0x5120,0x5920,0x69A2,0x6982,0x6982,0x69A2,0x6982,0x69C2,0x69C2,0x69C1,0x69C2,
  0x71C2,0x69A1,0x6981,0x6981,0x6981,0x71C2,0x7203,0x7224,0x6A04,0x61C3,0x5961,0x6120,
  0x6981,0x6981,0x71A1,0x71C1,0x71C1,0x71A1,0x71C1,0x71C2,0x69C2,0x69A2,0x6182,0x6182,
  0x59A3,0x59C4,0x5163,0x2860,0x5183,0x7288,0x72A8,0x72A8,0x72E9,0x7AEA,0x51A4,0x7B2A,
  0x6267,0x30A0,0x6A67,0x4143,0x4144,0x3903,0x3122,0x3960,0x5201,0x5A42,0x7264,0x61E4,
  0x3040,0x40C2,0x3081,0x2040,0x30E2,0x38C1,0x3040,0x3840,0x3800,0x4020,0x4020,0x3800,
  0x3880,0x3080,0x30C1,0x30A1,0x2060,0x30E1,0x28C0,0x5A22,0x6261,0x6A81,0x6260,0x6240,
  0x6262,0x5A02,0x51C2,0x6224,0x6224,0x3900,0x4140,0x5202,0x5A61,0x6281,0x5A60,0x6A82,
  0x6264,0x4982,0x2880,0x38E0,0x6240,0x6260,0x6260,0x6261,0x51E1,0x30E0,0x2080,0x28A0,
  0x38C0,0x38C0,0x38A1,0x2860,0x3100,0x6AE3,0x62E3,0x4A43,0x2940,0x41E3,0x18E0,0x39C3,
  0x4A46,0x2101,0x2102,0x3184,0x3183,0x3983,0x39C4,0x3162,0x2921,0x2921,0x2101,0x2901,
  0x3142,0x2901,0x41C4,0x3163,0x3142,0x28E1,0x3962,0x3982,0x49E3,0x4A03,0x4A03,0x4A23,
  0x4A03,0x39A2,0x2920,0x2900,0x41A3,0x41A3,0x3101,0x30A0,0x4162,0x5A45,0x2901,0x3162,
  0x3183,0x2962,0x2942,0x2942,0x3142,0x3162,0x3983,0x3142,0x3163,0x736B,0x734B,0x6B2B,
  0x6B4B,0x734B,0x734B,0x6B2B,0x734B,0x6B2A,0x62E9,0x734B,0x41E6,0x1880,0x2923,0x2923,
  0x3963,0x3963,0x3984,0x3943,0x3143,0x3943,0x3943,0x28C1,0x28A0,0x3902,0x51C5,0x5226,
  0x3963,0x20E1,0x3963,0x3163,0x3942,0x30C0,0x4141,0x6A25,0x5121,0x5121,0x71E4,0x7204,
  0x6182,0x48E0,0x61E3,0x5961,0x61C3,0x5140,0x5961,0x61A2,0x61A2,0x6181,0x61A2,0x7224,
  0x5942,0x40A0,0x5963,0x61A4,0x61E5,0x61C4,0x4901,0x40C0,0x5122,0x69C3,0x6182,0x69A2,
  0x71C2,0x71E3,0x71C2,0x69A1,0x6981,0x69A1,0x6981,0x6181,0x6181,0x6181,0x69A2,0x69A2,
  0x6141,0x6161,0x6141,0x5941,0x6962,0x6962,0x6141,0x6962,0x69A2,0x69A1,0x69A1,0x69A1,
  0x71A1,0x6981,0x6980,0x6960,0x6160,0x6160,0x69C2,0x69A2,0x5961,0x61A2,0x71E3,0x71A2,
  0x79C2,0x71C2,0x71A2,0x71A1,0x71A1,0x69A2,0x71E3,0x69C3,0x69E3,0x6A04,0x6A05,0x61E5,
  0x59C4,0x30C1,0x30A0,0x30C1,0x4964,0x72C9,0x6A68,0x38E2,0x6226,0x72C9,0x30A0,0x51C4,
  0x6246,0x30E0,0x4162,0x4143,0x51C5,0x4163,0x20A0,0x5A62,0x62A2,0x6261,0x6A64,0x40E1,
  0x3861,0x3882,0x30A0,0x2880,0x3102,0x3080,0x3020,0x4081,0x48A2,0x4882,0x4881,0x48C1,
  0x40E2,0x4943,0x5A27,0x4164,0x28E1,0x28E0,0x4181,0x6283,0x6240,0x6A80,0x6A81,0x6261,
  0x5A21,0x3900,0x30A0,0x4963,0x51C5,0x3902,0x28A0,0x28E0,0x3140,0x5A81,0x6280,0x5A61,
  0x6263,0x6243,0x51A1,0x49A0,0x6240,0x6240,0x6260,0x6260,0x51C0,0x3900,0x30C0,0x30A1,
  0x40C0,0x4080,0x40C1,0x40E0,0x5A42,0x6AE3,0x62E2,0x4A22,0x2941,0x39A3,0x39E4,0x4A44,
  0x20E0,0x18C0,0x3163,0x3143,0x3163,0x39A4,0x3183,0x2942,0x39A3,0x4A25,0x41E4,0x3183,
  0x41E4,0x2101,0x2901,0x2942,0x3142,0x3983,0x3962,0x41A3,0x3982,0x41E3,0x4A23,0x4A24,
  0x4A03,0x39A2,0x3162,0x3983,0x41C4,0x3983,0x28C0,0x30C0,0x49C4,0x49E4,0x20C0,0x2962,
  0x2983,0x2962,0x2942,0x2942,0x2942,0x3142,0x3162,0x2921,0x41E4,0x738B,0x734B,0x734B,
  0x6B0A,0x6B2A,0x734B,0x734B,0x734B,0x6B2A,0x62E9,0x6B2A,0x41C5,0x18A0,0x2923,0x3143,
  0x3963,0x3143,0x3963,0x3943,0x4184,0x3102,0x28C1,0x28A0,0x4122,0x6226,0x6206,0x4163,
  0x1880,0x3163,0x3163,0x3142,0x3962,0x28C0,0x30C1,0x6204,0x5141,0x61A2,0x69C3,0x71E3,
  0x69C3,0x5120,0x5982,0x6A04,0x69E3,0x5982,0x69C3,0x61A2,0x61A2,0x48E0,0x61A2,0x61A3,
  0x48C0,0x61A3,0x61C4,0x5122,0x5963,0x5121,0x5121,0x69C3,0x69C3,0x6982,0x6181,0x6981,
  0x6161,0x6161,0x6981,0x6981,0x6161,0x6161,0x6161,0x6981,0x6981,0x69A1,0x6981,0x6161,
  0x69A2,0x6982,0x69A2,0x69A2,0x6141,0x5900,0x6141,0x6962,0x6961,0x6981,0x69A1,0x69A1,
  0x6981,0x6981,0x6960,0x6960,0x71A1,0x69A1,0x69A1,0x69A1,0x71C2,0x6181,0x6182,0x71C3,
  0x69A2,0x6982,0x6982,0x69A2,0x7204,0x7245,0x61E4,0x59A3,0x5183,0x4984,0x4964,0x3902,
  0x28A1,0x28A1,0x3123,0x3943,0x28A1,0x6A68,0x6A68,0x30A1,0x4964,0x6A67,0x3901,0x4142,
  0x51C4,0x4982,0x4142,0x30E0,0x3901,0x30E0,0x49C0,0x62A2,0x6261,0x6A82,0x4121,0x3080,
  0x4903,0x40E2,0x2860,0x30E0,0x3121,0x30A0,0x3860,0x3861,0x3821,0x4061,0x50E3,0x61A4,
  0x6205,0x6A67,0x5205,0x3101,0x28E0,0x2900,0x5A62,0x62A2,0x6260,0x6260,0x6A80,0x6A81,
  0x6A82,0x4981,0x30C0,0x30E2,0x3903,0x3103,0x3122,0x3962,0x20C0,0x2900,0x5200,0x5A41,
  0x6261,0x5A41,0x6240,0x6240,0x6A60,0x6240,0x6240,0x6260,0x6241,0x5A02,0x5182,0x40E0,
  0x3860,0x48C0,0x3880,0x38C0,0x6262,0x62A2,0x6303,0x39A1,0x39A3,0x2922,0x4A46,0x52A6,
  0x2101,0x2922,0x39A4,0x3163,0x39A4,0x39A3,0x2101,0x18C0,0x2921,0x3162,0x39C4,0x41E4,
  0x4205,0x39C4,0x39C4,0x3183,0x2922,0x2902,0x2901,0x18A0,0x18A0,0x2941,0x4A25,0x4A24,
  0x4A25,0x41E4,0x39C4,0x2942,0x20C1,0x2922,0x28E1,0x20A0,0x49E4,0x4A25,0x2101,0x2942,
  0x2962,0x2942,0x2942,0x2942,0x2942,0x3183,0x3142,0x2901,0x5287,0x736B,0x6B2A,0x734B,
  0x6B0A,0x6B2A,0x734B,0x734B,0x6B0A,0x6B0A,0x6B2A,0x734B,0x3984,0x20C1,0x3163,0x3143,
  0x3963,0x3143,0x3963,0x3963,0x3122,0x2080,0x51C5,0x59C5,0x51A4,0x7287,0x4922,0x2880,
  0x3963,0x3983,0x3142,0x3142,0x3142,0x3101,0x30C0,0x61E4,0x5961,0x61A2,0x71E3,0x71C2,
  0x6181,0x5940,0x5962,0x5962,0x5982,0x5941,0x61A2,0x69C2,0x5961,0x48E0,0x69C3,0x48E0,
  0x5121,0x61A3,0x5942,0x61C4,0x6A04,0x69E3,0x61A2,0x61A2,0x6182,0x69A2,0x69A2,0x6981,
  0x6161,0x6161,0x69A2,0x6182,0x5941,0x6162,0x6182,0x6161,0x6181,0x69A2,0x69A2,0x6161,
  0x69A2,0x69A2,0x6182,0x6162,0x6162,0x6161,0x6141,0x50E0,0x5920,0x69A2,0x71C2,0x69A1,
  0x6980,0x71A1,0x6960,0x6960,0x71C1,0x69A1,0x71E2,0x69A1,0x69A1,0x6161,0x6182,0x5983,
  0x61C4,0x6A26,0x6A05,0x59A4,0x5183,0x4963,0x28A0,0x28C1,0x28C1,0x20A1,0x20A2,0x20C2,
  0x2903,0x3143,0x2923,0x3143,0x20A1,0x5206,0x6227,0x4102,0x4102,0x51A4,0x3901,0x4962,
  0x4162,0x4141,0x51C3,0x4162,0x28C0,0x3940,0x6283,0x6282,0x72E3,0x49A1,0x2840,0x3060,
  0x30A1,0x30C1,0x2060,0x3121,0x3122,0x2860,0x3861,0x40A2,0x3821,0x3821,0x4081,0x3860,
  0x3080,0x3901,0x28C0,0x2900,0x2900,0x41C0,0x62C2,0x5A40,0x6260,0x6240,0x6260,0x6260,
  0x6282,0x51E1,0x28A0,0x30C1,0x3903,0x3103,0x28C2,0x3983,0x39A2,0x20E0,0x30E0,0x5A01,
  0x6260,0x5A60,0x6260,0x6260,0x6260,0x6241,0x6221,0x6241,0x6A42,0x6A43,0x6A43,0x61E3,
  0x5942,0x40A0,0x3060,0x4941,0x72C3,0x6AC3,0x5A83,0x3981,0x3963,0x3163,0x5268,0x4A26,
  0x18C0,0x2922,0x39C4,0x2943,0x31A4,0x3163,0x2921,0x2942,0x2942,0x18C0,0x2101,0x4205,
  0x39A3,0x2942,0x2101,0x18A0,0x2942,0x3143,0x3984,0x41C4,0x20E0,0x18C0,0x41C4,0x4A25,
  0x39A3,0x20C0,0x18A0,0x20E1,0x2923,0x3143,0x28E2,0x20C0,0x3983,0x4A05,0x2100,0x2121,
  0x3183,0x2122,0x2942,0x3163,0x2922,0x3983,0x3162,0x20E0,0x62E9,0x736B,0x6B2A,0x7B8B,
  0x6B2A,0x734B,0x738B,0x7BAC,0x7BAC,0x734B,0x734B,0x734B,0x3143,0x20C1,0x3143,0x2922,
  0x3963,0x3983,0x3963,0x4163,0x28C0,0x30E1,0x6225,0x5183,0x59A4,0x6A05,0x4942,0x3921,
  0x41A4,0x2922,0x3143,0x2942,0x2922,0x3121,0x38E0,0x59A3,0x61C3,0x6181,0x69A2,0x71E2,
  0x6181,0x5120,0x69C3,0x5121,0x5121,0x5121,0x5962,0x7203,0x61A2,0x48C0,0x6181,0x5961,
  0x5961,0x6182,0x69A3,0x71E3,0x71E3,0x69C2,0x69A2,0x69A2,0x69A2,0x6981,0x6981,0x69A2,
  0x71C2,0x69C3,0x69A2,0x61A2,0x69C3,0x6183,0x6162,0x6982,0x69A2,0x69A2,0x69A2,0x69A2,
  0x6182,0x6141,0x6161,0x5941,0x6182,0x6161,0x5941,0x6161,0x5920,0x5940,0x6181,0x6161,
  0x6161,0x6961,0x6980,0x69A1,0x69A1,0x69A1,0x69A2,0x71E2,0x69A1,0x61A2,0x61C3,0x59C5,
  0x51A5,0x4984,0x4123,0x30C1,0x28A1,0x28C1,0x20C2,0x2902,0x2923,0x2923,0x2123,0x2124,
  0x2123,0x2122,0x2963,0x2922,0x2902,0x4164,0x4984,0x4122,0x4943,0x4963,0x3901,0x4983,
  0x3921,0x3921,0x49C3,0x3941,0x28E0,0x4A02,0x49C0,0x5202,0x5A43,0x4982,0x6246,0x5A06,
  0x4123,0x2881,0x28A1,0x3103,0x3102,0x3081,0x3841,0x50E3,0x50C3,0x4020,0x4882,0x3861,
  0x38A2,0x30A1,0x2880,0x28E0,0x3120,0x6262,0x6282,0x6261,0x6A60,0x6260,0x5A20,0x6A80,
  0x6240,0x5A21,0x49A1,0x28A0,0x30E1,0x3102,0x20C1,0x20E0,0x41C3,0x41A3,0x30E0,0x4180,
  0x5A60,0x5A60,0x62A0,0x6260,0x6261,0x6A63,0x6A63,0x6A43,0x59C1,0x59A0,0x7243,0x7265,
  0x6205,0x59A3,0x4940,0x5A02,0x5A01,0x72C5,0x51E2,0x4141,0x28C0,0x41A5,0x62C9,0x2943,
  0x20E1,0x2942,0x3163,0x3163,0x3163,0x3163,0x3183,0x39C4,0x3162,0x20E0,0x3183,0x2942,
  0x18C0,0x2922,0x2922,0x3183,0x39C4,0x3163,0x39A4,0x2922,0x20E0,0x3162,0x3182,0x2942,
  0x18C0,0x2921,0x2922,0x2922,0x3143,0x3164,0x3163,0x3963,0x3142,0x39A3,0x2121,0x18E0,
  0x2963,0x2963,0x2942,0x2922,0x3163,0x39A4,0x20E1,0x3163,0x734A,0x736B,0x734B,0x736B,
  0x736B,0x7B8C,0x734B,0x5267,0x4A46,0x62E9,0x7BAC,0x6B2A,0x2902,0x18A0,0x3143,0x2922,
  0x3983,0x41A3,0x3983,0x4183,0x30E1,0x51A4,0x6A66,0x4962,0x6205,0x6A25,0x5162,0x30C0,
  0x3922,0x3142,0x2922,0x2922,0x3163,0x3121,0x28A0,0x5162,0x7224,0x71E3,0x71C2,0x71C2,
  0x6160,0x5920,0x69E4,0x5962,0x5100,0x5921,0x69C3,0x71E3,0x5920,0x6182,0x71C2,0x69C2,
  0x6161,0x61A1,0x69C2,0x61A1,0x6981,0x69A2,0x71C2,0x6981,0x6140,0x6161,0x71C2,0x71C3,
  0x71E3,0x69C3,0x7204,0x5962,0x5983,0x6A05,0x61A3,0x5942,0x5921,0x6162,0x6182,0x6182,
  0x69A3,0x69A3,0x6161,0x6182,0x5941,0x5941,0x6182,0x6182,0x61A2,0x6182,0x5940,0x5920,
  0x6161,0x6981,0x6981,0x6181,0x6160,0x69A2,0x6161,0x61A2,0x69C2,0x7203,0x59A3,0x38E2,
  0x2081,0x2080,0x28E2,0x3123,0x2923,0x2923,0x2943,0x2943,0x2923,0x2103,0x2103,0x2103,
  0x2123,0x2122,0x2122,0x2922,0x3142,0x3943,0x3922,0x4122,0x59E5,0x4122,0x4121,0x51C4,
  0x4962,0x4162,0x49C3,0x28E0,0x41A1,0x49C1,0x49C1,0x49C2,0x4182,0x72E9,0x83CC,0x83AB,
  0x7B6B,0x41A5,0x1841,0x2903,0x3144,0x3081,0x4081,0x4060,0x4040,0x4060,0x4060,0x4082,
  0x40C3,0x3081,0x3901,0x3920,0x51C1,0x6263,0x6222,0x6242,0x6241,0x6260,0x6A80,0x6260,
  0x5A40,0x6281,0x5A42,0x49A1,0x3120,0x28E0,0x2900,0x20C0,0x3141,0x41C4,0x3922,0x30E0,
  0x5A41,0x5240,0x5A80,0x5A40,0x5A02,0x4961,0x4941,0x4100,0x38C0,0x3880,0x40C0,0x38A0,
  0x3080,0x3920,0x5A01,0x6262,0x4980,0x6A65,0x4122,0x2880,0x2040,0x30E2,0x41A6,0x20C2,
  0x20E1,0x31A3,0x3183,0x3163,0x3183,0x3183,0x2922,0x2101,0x18C0,0x2101,0x2942,0x2922,
  0x39A4,0x39A4,0x3183,0x3143,0x2942,0x20E0,0x20E0,0x18E0,0x39C3,0x4204,0x2941,0x20E0,
  0x20E0,0x20E0,0x2100,0x20E0,0x18C0,0x18A0,0x20C0,0x2901,0x2901,0x2942,0x3183,0x2121,
  0x2142,0x2962,0x2942,0x2942,0x3163,0x39A4,0x2921,0x3183,0x736B,0x6B2A,0x734B,0x7B8C,
  0x7B8C,0x62C9,0x4A46,0x5267,0x3163,0x2942,0x39A4,0x5AA8,0x20E1,0x20E1,0x3143,0x2902,
  0x41C4,0x41A3,0x4183,0x4163,0x2880,0x51C4,0x6A46,0x4941,0x6204,0x6A04,0x5141,0x30A0,
  0x3921,0x41A4,0x3143,0x2922,0x3142,0x28E1,0x30C0,0x59A3,0x69E3,0x69A2,0x6981,0x6161,
  0x5940,0x69A2,0x61A3,0x48E0,0x50E0,0x6182,0x71E4,0x6182,0x5100,0x7203,0x71E3,0x69A2,
  0x6181,0x69A1,0x69A1,0x69A1,0x69A2,0x71C2,0x71C2,0x69A2,0x6181,0x6161,0x6182,0x6182,
  0x61A3,0x61C3,0x5962,0x40C0,0x3880,0x48E1,0x69E4,0x69C4,0x6183,0x5962,0x5101,0x50E0,
  0x5100,0x5941,0x5941,0x6182,0x5961,0x5941,0x6182,0x6182,0x6182,0x6182,0x69A2,0x69C3,
  0x6161,0x6141,0x6161,0x6181,0x6981,0x69A2,0x6181,0x69C3,0x7204,0x61A2,0x38C0,0x2080,
  0x30E2,0x3103,0x3103,0x2902,0x3143,0x3144,0x2102,0x2123,0x2102,0x2102,0x2102,0x2102,
  0x2122,0x2122,0x2122,0x2942,0x3122,0x3122,0x3922,0x38E1,0x51A4,0x38C0,0x38E0,0x4983,
  0x49A3,0x4182,0x3100,0x3140,0x5A83,0x5201,0x5202,0x49A3,0x4984,0x7B4A,0x7329,0x838A,
  0x7B6A,0x3943,0x1881,0x39A6,0x20E2,0x4943,0x7AA8,0x7246,0x5983,0x5942,0x3880,0x38C2,
  0x2861,0x38E3,0x28C0,0x3961,0x6AA6,0x59E3,0x5A02,0x38E0,0x3920,0x6240,0x6240,0x5A20,
  0x6260,0x6260,0x6281,0x6262,0x5222,0x49E2,0x5244,0x41A2,0x20C0,0x28E1,0x49C5,0x28E1,
  0x3981,0x6283,0x5242,0x30E0,0x28A0,0x30C0,0x30A0,0x3080,0x38A0,0x40C0,0x3860,0x3060,
  0x30A0,0x3100,0x5A41,0x49A0,0x51E2,0x5183,0x30A1,0x38E1,0x38E1,0x28A1,0x2081,0x20A2,
  0x3184,0x31A3,0x2942,0x2901,0x2921,0x2101,0x18C0,0x2101,0x39C4,0x3183,0x18A0,0x2101,
  0x3183,0x2922,0x2101,0x2102,0x2121,0x2940,0x31A2,0x39C2,0x41E3,0x39C2,0x41E2,0x4A44,
  0x4A44,0x39C2,0x41E3,0x41E3,0x39C3,0x39C3,0x39A3,0x3142,0x2101,0x18A0,0x2962,0x3183,
  0x2942,0x2962,0x2942,0x3143,0x2922,0x3163,0x2922,0x2922,0x6B2A,0x6B2A,0x734B,0x736B,
  0x7B8C,0x5247,0x3984,0x5AA8,0x6B4B,0x4A26,0x39A4,0x5267,0x18C1,0x20C1,0x3143,0x20E2,
  0x3983,0x3963,0x41A4,0x4183,0x30C0,0x59E5,0x6205,0x40E0,0x59A3,0x61E3,0x6A04,0x5162,
  0x28A0,0x28E1,0x3142,0x3163,0x3984,0x28E1,0x28A0,0x69E4,0x69A2,0x6981,0x69A2,0x69A2,
  0x5961,0x61C2,0x5962,0x5941,0x6182,0x69A3,0x69A2,0x5961,0x6182,0x69A2,0x6181,0x6161,
  0x6160,0x6180,0x6181,0x6981,0x71C2,0x69A2,0x6982,0x69A2,0x69A3,0x69C3,0x69C4,0x69E4,
  0x5983,0x4901,0x40A0,0x40A0,0x61C3,0x5121,0x3000,0x50E1,0x71E4,0x69C4,0x6182,0x6162,
  0x5100,0x5920,0x5921,0x48C0,0x5121,0x5941,0x6182,0x69C3,0x69C3,0x69A3,0x6162,0x6182,
  0x6162,0x6161,0x6161,0x6182,0x69A2,0x6182,0x6182,0x69E4,0x69E4,0x40C0,0x2820,0x30E1,
  0x30E2,0x28C1,0x28E2,0x3123,0x2923,0x20E2,0x18C1,0x20E2,0x2902,0x2922,0x2902,0x2902,
  0x2102,0x2122,0x2943,0x3163,0x2901,0x3121,0x4983,0x30C0,0x4962,0x4941,0x4121,0x49A2,
  0x51C3,0x3941,0x28E0,0x5241,0x62A2,0x6AC4,0x6265,0x3942,0x3101,0x3942,0x49A2,0x5A85,
  0x5224,0x20A0,0x2902,0x3143,0x20E1,0x6287,0x834A,0x7B29,0x8329,0x7B08,0x6226,0x38E2,
  0x28A1,0x3964,0x1880,0x2900,0x3120,0x28A0,0x30A0,0x30C0,0x51E1,0x6A62,0x6241,0x5A20,
  0x6240,0x5A40,0x6280,0x6281,0x62A2,0x5A42,0x6263,0x6264,0x49C2,0x3100,0x3102,0x28E1,
  0x3962,0x5244,0x3120,0x28E0,0x30C1,0x4123,0x30C1,0x38E0,0x40E0,0x40E1,0x40A1,0x40C1,
  0x28C0,0x5223,0x6AE4,0x5222,0x5A24,0x30C1,0x38C2,0x30A0,0x30C0,0x28C1,0x20C1,0x3164,
  0x3183,0x2100,0x20E0,0x18C0,0x2920,0x39A3,0x41E4,0x4204,0x4204,0x2941,0x20E0,0x2921,
  0x20E0,0x2101,0x2942,0x39A4,0x41E4,0x4224,0x4A44,0x41E3,0x4203,0x39C2,0x4A23,0x4A43,
  0x4A03,0x4A03,0x4A44,0x4A44,0x41E3,0x39C3,0x39A3,0x3163,0x2942,0x2101,0x2942,0x2962,
  0x2942,0x2962,0x3163,0x3163,0x3142,0x3983,0x3142,0x39A4,0x6B4A,0x736B,0x6B2A,0x6B2A,
  0x7B8C,0x6B4B,0x4A26,0x39A4,0x39C5,0x41E5,0x5AA9,0x5267,0x20E2,0x20E1,0x3143,0x2902,
  0x3163,0x3142,0x41A4,0x3922,0x3922,0x6226,0x4942,0x3080,0x5982,0x69E3,0x7244,0x7266,
  0x4983,0x30C1,0x3102,0x20C1,0x3143,0x3922,0x30C0,0x61E4,0x69A2,0x6981,0x69A2,0x69C2,
  0x69C2,0x61A2,0x5120,0x69E3,0x7204,0x61A2,0x61A2,0x6162,0x6182,0x6182,0x6161,0x5941,
  0x6161,0x6161,0x6161,0x69A2,0x71C3,0x69A2,0x6182,0x6182,0x5963,0x5142,0x5142,0x48E1,
  0x4921,0x48E1,0x40C0,0x61A3,0x61A3,0x69C3,0x48A1,0x50E0,0x6982,0x6182,0x6182,0x6182,
  0x6982,0x5921,0x5941,0x6162,0x5941,0x48E0,0x5100,0x69C4,0x69E3,0x6982,0x69A2,0x69A2,
  0x6982,0x6161,0x6141,0x6161,0x6161,0x5961,0x5982,0x5982,0x5962,0x48E1,0x30A0,0x2880,
  0x2060,0x2080,0x28C1,0x20C1,0x20A1,0x18A1,0x20E2,0x20E2,0x2102,0x2902,0x2902,0x2902,
  0x2902,0x2102,0x2122,0x3163,0x3122,0x3121,0x49A3,0x4121,0x4962,0x51A2,0x4981,0x51C2,
  0x4982,0x3100,0x49A1,0x5A81,0x62A1,0x62A3,0x3940,0x4142,0x5A25,0x51E3,0x41A1,0x3960,
  0x2920,0x20C0,0x3163,0x3142,0x3142,0x6AE8,0x836A,0x8349,0x7B29,0x72E8,0x5A25,0x28E1,
  0x2922,0x18A0,0x39C4,0x5287,0x5266,0x5225,0x30C0,0x51C2,0x6A63,0x5A22,0x6262,0x5A00,
  0x6241,0x6240,0x6240,0x6240,0x6240,0x6260,0x5A20,0x6262,0x6264,0x51E3,0x3121,0x20A0,
  0x3983,0x3122,0x2901,0x41A5,0x3943,0x3102,0x30E1,0x51A3,0x4962,0x38A0,0x3880,0x3880,
  0x3901,0x62A4,0x6282,0x62A4,0x3941,0x28C1,0x28A2,0x2080,0x3101,0x3142,0x20E1,0x20E1,
  0x20E0,0x2941,0x2921,0x39C2,0x5285,0x5286,0x4A24,0x4A24,0x4A24,0x4A24,0x41E3,0x4A25,
  0x4A25,0x4A25,0x4A46,0x4205,0x4204,0x4204,0x39C3,0x39C2,0x4A24,0x3181,0x39A2,0x41E3,
  0x4A03,0x4A23,0x4A23,0x41E3,0x3161,0x2100,0x18C0,0x1880,0x2902,0x39A4,0x3163,0x2942,
  0x2942,0x2922,0x3142,0x2922,0x3143,0x3983,0x2102,0x4A67,0x6B6B,0x6B2A,0x734B,0x734B,
  0x6B2B,0x734B,0x7BAD,0x738C,0x736C,0x736B,0x7B8C,0x5A88,0x20C1,0x20E2,0x3143,0x2922,
  0x41A4,0x3984,0x3943,0x2080,0x4143,0x51A4,0x38C0,0x38C0,0x61C3,0x7224,0x69E3,0x6A25,
  0x59C4,0x4983,0x49A5,0x28E2,0x20A1,0x3102,0x38E1,0x4901,0x6182,0x6981,0x6981,0x6181,
  0x61A2,0x5961,0x6182,0x6182,0x69C2,0x7244,0x7244,0x69E3,0x69C3,0x6182,0x6162,0x6161,
  0x6162,0x6182,0x6982,0x69C3,0x69A3,0x5942,0x48E1,0x40C0,0x40C1,0x40E2,0x40E2,0x5163,
  0x40E1,0x5142,0x69E4,0x6182,0x6141,0x6181,0x69A2,0x6181,0x6161,0x6181,0x6161,0x6140,
  0x6141,0x6982,0x5921,0x69A3,0x6183,0x5942,0x5121,0x5101,0x6162,0x69C3,0x69A2,0x6982,
  0x69A2,0x6981,0x6141,0x6161,0x6162,0x5941,0x5962,0x5942,0x6183,0x61C4,0x59E5,0x4984,
  0x49C5,0x5227,0x49C6,0x28E2,0x18A1,0x2903,0x2923,0x2123,0x2103,0x2102,0x2102,0x2102,
  0x2903,0x2103,0x20C2,0x3143,0x3964,0x30E1,0x4983,0x49A3,0x4982,0x4981,0x4981,0x51C1,
  0x3920,0x3900,0x6283,0x62A1,0x5A40,0x51C2,0x3901,0x59E6,0x59E4,0x51C3,0x5204,0x49E4,
  0x49E4,0x28E1,0x2902,0x3142,0x2900,0x3962,0x5205,0x5A46,0x6247,0x5A46,0x3943,0x20C0,
  0x2901,0x41E5,0x7BED,0x83ED,0x83EC,0x5A04,0x4940,0x59E2,0x6A63,0x6242,0x38E0,0x4120,
  0x6222,0x6A62,0x6A61,0x6A60,0x6240,0x6AA0,0x6240,0x6220,0x6242,0x5A43,0x3981,0x20E0,
  0x2921,0x20E1,0x3984,0x3143,0x3943,0x20A0,0x3921,0x6265,0x6A65,0x5162,0x3060,0x3040,
  0x6244,0x6AA4,0x6AC4,0x5A43,0x28C0,0x28C1,0x20A2,0x20C2,0x3983,0x3182,0x2100,0x3162,
  0x4A24,0x4A24,0x4A24,0x5244,0x5264,0x5264,0x4A44,0x5264,0x5244,0x4A44,0x2941,0x2921,
  0x41E4,0x39A3,0x39C4,0x3183,0x2921,0x2101,0x2100,0x2921,0x39A3,0x2920,0x3141,0x4A04,
  0x4A04,0x41E3,0x41A3,0x3982,0x3162,0x3141,0x3162,0x3142,0x20E1,0x2942,0x2942,0x3183,
  0x3143,0x2922,0x3163,0x2922,0x3143,0x3143,0x18C0,0x4A46,0x6B6B,0x6B4B,0x6B2B,0x734B,
  0x6B2B,0x6B2B,0x734B,0x6B0A,0x6B0A,0x6B0A,0x6B2B,0x62E9,0x18A1,0x20E2,0x3143,0x2922,
  0x41C5,0x3122,0x2080,0x3922,0x6246,0x4983,0x38E1,0x40E0,0x5162,0x6A04,0x69E3,0x69E4,
  0x59A3,0x4963,0x51E5,0x5206,0x3102,0x2080,0x3080,0x3040,0x5941,0x6181,0x6982,0x61A2,
  0x61C3,0x40C0,0x6A03,0x6A03,0x5981,0x5962,0x5961,0x5982,0x61A3,0x61C3,0x61A3,0x61A3,
  0x69C3,0x69C3,0x6183,0x6162,0x48E1,0x40A0,0x40C1,0x5142,0x59A4,0x59C5,0x61E5,0x5163,
  0x40E1,0x61C4,0x61A3,0x6161,0x6981,0x6981,0x6981,0x6160,0x6140,0x6160,0x6161,0x6161,
  0x6161,0x69A2,0x6182,0x6142,0x6983,0x6183,0x6142,0x5922,0x5942,0x71E3,0x6161,0x58E0,
  0x6982,0x6981,0x6161,0x6161,0x69A2,0x7204,0x69C3,0x5121,0x5962,0x5983,0x59A4,0x49A5,
  0x49A5,0x3944,0x28E2,0x20C2,0x20E3,0x2103,0x2103,0x2103,0x2103,0x20E3,0x20E3,0x20E3,
  0x20E3,0x20E3,0x20E2,0x3123,0x3943,0x28C0,0x4182,0x4982,0x4981,0x4981,0x51C1,0x49A1,
  0x30E0,0x49C2,0x62A3,0x5A61,0x6AC3,0x3901,0x38E3,0x4123,0x38E1,0x3901,0x30C0,0x3942,
  0x3964,0x2081,0x3943,0x3122,0x28C0,0x3942,0x3902,0x3923,0x4144,0x3903,0x28A0,0x3101,
  0x28E0,0x4A05,0x6B09,0x730A,0x5A05,0x4121,0x6223,0x6A64,0x5A23,0x4120,0x2880,0x4961,
  0x6244,0x6223,0x59E1,0x6240,0x6240,0x6240,0x6220,0x6261,0x6242,0x6263,0x4A22,0x2920,
  0x20E0,0x3182,0x3963,0x3142,0x28C1,0x20A0,0x30E0,0x49A2,0x6A65,0x6A24,0x38C0,0x5182,
  0x72C5,0x6242,0x6263,0x4181,0x2080,0x1880,0x2923,0x41C6,0x39C4,0x3182,0x4A44,0x4A44,
  0x5265,0x4A24,0x4A23,0x4A23,0x5264,0x5264,0x4A43,0x4A64,0x5264,0x4A23,0x3161,0x18A0,
  0x2100,0x2100,0x20E0,0x2942,0x20C1,0x20C1,0x3143,0x18C0,0x3122,0x3122,0x20A0,0x3963,
  0x49E5,0x49E5,0x4A05,0x3983,0x20C0,0x2901,0x3143,0x20C1,0x18A0,0x18C0,0x2942,0x3163,
  0x2922,0x3163,0x3122,0x3122,0x3122,0x2922,0x18C0,0x4205,0x73AC,0x6B4B,0x736C,0x6B2B,
  0x6B0A,0x6B2A,0x6B0A,0x7B8C,0x734B,0x630A,0x736C,0x5268,0x18A1,0x20E2,0x2923,0x2922,
  0x3142,0x28A0,0x4142,0x6226,0x6A47,0x4122,0x3901,0x30E0,0x3900,0x6204,0x69C3,0x6A04,
  0x6A04,0x61C4,0x59C5,0x4943,0x59C4,0x51C4,0x4963,0x4922,0x5983,0x5983,0x61C3,0x6A04,
  0x5183,0x40E1,0x5162,0x5162,0x4921,0x40E1,0x40E0,0x4900,0x40C0,0x38A0,0x38A0,0x40E0,
  0x40E1,0x40E0,0x40E1,0x40E0,0x4900,0x5982,0x61C3,0x5983,0x5963,0x5943,0x5122,0x40C0,
  0x5962,0x61A3,0x69A2,0x69A2,0x6160,0x6981,0x6961,0x6982,0x6982,0x6140,0x6140,0x6161,
  0x6981,0x6981,0x69A2,0x6182,0x6982,0x6162,0x5901,0x5922,0x5921,0x5941,0x69C3,0x6141,
  0x6161,0x71E3,0x6161,0x6182,0x6982,0x6161,0x6182,0x5962,0x5941,0x61A3,0x5163,0x2880,
  0x2080,0x2080,0x28C2,0x3124,0x2924,0x20E3,0x2904,0x28E3,0x2904,0x2904,0x2103,0x20E3,
  0x20E2,0x20E2,0x2902,0x28E3,0x3964,0x28E0,0x41A2,0x49A1,0x4181,0x51C2,0x4981,0x3940,
  0x4180,0x62A3,0x5A82,0x62A4,0x5A24,0x49C4,0x6288,0x2880,0x30C1,0x3121,0x41C4,0x39C4,
  0x20C1,0x20C1,0x3943,0x28C1,0x3122,0x59E5,0x59C5,0x51E6,0x51E6,0x20C1,0x28E1,0x3942,
  0x28C0,0x30C0,0x4122,0x4162,0x30C0,0x6286,0x5224,0x3961,0x3961,0x30C0,0x30C0,0x6224,
  0x6A65,0x4961,0x30C0,0x5A20,0x5A40,0x5A00,0x6222,0x5A23,0x49A1,0x3981,0x3181,0x2120,
  0x20E0,0x3143,0x4164,0x30C2,0x2020,0x3080,0x38A0,0x3880,0x40E1,0x59C5,0x51A3,0x51E3,
  0x4161,0x3940,0x28E0,0x20C0,0x20E0,0x20E1,0x2102,0x2102,0x18C0,0x18E0,0x4204,0x41E3,
  0x39A3,0x41E4,0x3982,0x2920,0x2920,0x41E2,0x5244,0x4A23,0x5264,0x4A44,0x41E2,0x2900,
  0x20C0,0x3142,0x20C1,0x18C0,0x2101,0x3142,0x3983,0x2901,0x2901,0x2922,0x2901,0x2901,
  0x2901,0x3122,0x3983,0x3163,0x2901,0x28E1,0x3122,0x3963,0x3984,0x3983,0x3142,0x20E1,
  0x2080,0x30C1,0x30A0,0x38C1,0x30A0,0x2880,0x2080,0x3183,0x738B,0x734B,0x736C,0x6B2B,
  0x6B2B,0x734B,0x6B2B,0x734B,0x734B,0x6B2B,0x6B2B,0x5267,0x20C1,0x2902,0x2922,0x2922,
  0x3121,0x30C0,0x59C3,0x6A05,0x7226,0x4942,0x30E0,0x3962,0x30C0,0x61E4,0x7205,0x6182,
  0x69E3,0x69E5,0x6A06,0x5983,0x4901,0x5982,0x4901,0x5984,0x61C5,0x59A4,0x4962,0x4921,
  0x38E1,0x4102,0x4943,0x5163,0x59C5,0x6205,0x61E5,0x59C4,0x5162,0x5183,0x5142,0x4962,
  0x5183,0x4942,0x51A4,0x59C4,0x61C2,0x61C2,0x69C3,0x69C3,0x6183,0x5921,0x48C0,0x6182,
  0x6182,0x6181,0x69A2,0x69A1,0x69A1,0x69C2,0x6982,0x6961,0x6981,0x6981,0x6160,0x6140,
  0x6160,0x6981,0x6981,0x6181,0x6181,0x69A2,0x6162,0x6162,0x6182,0x5961,0x69E3,0x61A2,
  0x5100,0x6182,0x6182,0x71E3,0x69A2,0x6982,0x6162,0x6982,0x5921,0x5100,0x5983,0x38E2,
  0x1820,0x2060,0x28C1,0x2081,0x2081,0x2082,0x20A2,0x2082,0x2082,0x1882,0x1881,0x1881,
  0x18A1,0x20C1,0x2902,0x28E3,0x3984,0x28E0,0x3960,0x49E2,0x51E3,0x4982,0x3920,0x3940,
  0x5200,0x6282,0x62A3,0x5A44,0x49C4,0x734A,0x49C4,0x30E1,0x3922,0x5226,0x7BCC,0x738B,
  0x2922,0x20C0,0x3963,0x20A0,0x20C0,0x30C1,0x4102,0x4163,0x2901,0x2921,0x3162,0x3121,
  0x4162,0x51A3,0x4962,0x38C0,0x4142,0x5225,0x3141,0x5246,0x736A,0x3942,0x4981,0x6A65,
  0x59C3,0x2880,0x28A0,0x5200,0x6AA3,0x6243,0x4121,0x30E1,0x3100,0x3161,0x39A2,0x3182,
  0x3983,0x3964,0x30C2,0x2840,0x40C2,0x4080,0x48A1,0x4081,0x3040,0x2860,0x3100,0x2900,
  0x3962,0x41A3,0x20C0,0x2901,0x2942,0x39A4,0x2942,0x10A0,0x2122,0x2922,0x20E0,0x2101,
  0x2921,0x2921,0x20C0,0x2901,0x18C0,0x3141,0x4A44,0x5265,0x4A44,0x4A24,0x5265,0x39A2,
  0x20C0,0x3142,0x3983,0x3143,0x2922,0x3142,0x3162,0x2922,0x18C0,0x20E1,0x3163,0x3163,
  0x2922,0x2922,0x2922,0x2901,0x28E1,0x3122,0x3122,0x3963,0x3963,0x20C1,0x20C0,0x3122,
  0x4162,0x4922,0x4902,0x48C1,0x48E2,0x5143,0x3922,0x3122,0x6B09,0x6B2B,0x734C,0x734B,
  0x6B2B,0x734B,0x7BAC,0x7B8C,0x6B2B,0x6B2A,0x6B2B,0x5A88,0x18A0,0x20E2,0x39A4,0x2102,
  0x3141,0x30E0,0x51A3,0x61C3,0x7245,0x61E4,0x28A0,0x28C0,0x2880,0x4941,0x7225,0x69E4,
  0x6A04,0x5983,0x5942,0x48E0,0x3880,0x5121,0x4921,0x4902,0x4902,0x4922,0x4101,0x40E1,
  0x4102,0x4922,0x5121,0x5962,0x61A3,0x61A3,0x5962,0x5962,0x5141,0x5982,0x61C3,0x6A05,
  0x61A3,0x61C4,0x61C4,0x61A3,0x5141,0x40C0,0x40A0,0x48E0,0x48A0,0x48C0,0x6161,0x69A2,
  0x6981,0x6160,0x6160,0x6161,0x6982,0x69A3,0x71A2,0x6961,0x6140,0x6961,0x6160,0x6140,
  0x6160,0x6160,0x6181,0x6161,0x6161,0x6982,0x69A2,0x6982,0x69C3,0x61A2,0x61A2,0x69C3,
  0x5941,0x5100,0x5920,0x69C3,0x69A3,0x6982,0x6161,0x6161,0x6982,0x5100,0x5142,0x4963,
  0x3902,0x38E1,0x30E1,0x3102,0x3102,0x30E2,0x3902,0x3903,0x4123,0x3923,0x3103,0x3123,
  0x3123,0x20A1,0x20A1,0x2081,0x3103,0x30E1,0x3941,0x51E4,0x49A3,0x4162,0x30E0,0x49C1,
  0x49C0,0x4180,0x6284,0x3921,0x4143,0x5A67,0x28E1,0x3942,0x30E1,0x6A88,0x7BAC,0x7BCC,
  0x39A4,0x20C0,0x4163,0x28C1,0x49C5,0x5A26,0x4163,0x28A0,0x20A0,0x2922,0x18C0,0x20C0,
  0x3942,0x49A3,0x4101,0x38E0,0x4962,0x28E0,0x39A3,0x7BED,0x6B09,0x3100,0x59E2,0x6A25,
  0x38C0,0x38A0,0x4120,0x5A01,0x6AA4,0x51A1,0x2020,0x2860,0x28C0,0x3100,0x2900,0x28E0,
  0x28E1,0x4163,0x30A1,0x3060,0x3040,0x3840,0x3840,0x3000,0x3080,0x4161,0x49C2,0x41E2,
  0x5A66,0x3962,0x20E0,0x41C4,0x2922,0x18E0,0x2101,0x2101,0x3163,0x3183,0x2101,0x20C0,
  0x20E1,0x2901,0x3163,0x39A3,0x20E0,0x2941,0x4204,0x4A24,0x4A24,0x39A2,0x4A24,0x4A04,
  0x2942,0x1880,0x20E1,0x3984,0x2923,0x2943,0x2943,0x2943,0x2102,0x2102,0x2964,0x3184,
  0x2943,0x3163,0x2943,0x2943,0x3143,0x3143,0x3143,0x3102,0x28C0,0x28A0,0x3901,0x4962,
  0x5182,0x5942,0x5101,0x5922,0x5122,0x5163,0x3922,0x2902,0x630A,0x6B0A,0x7B8C,0x6B2B,
  0x39A5,0x2902,0x3164,0x39A5,0x630A,0x6B2A,0x734B,0x4A06,0x18A1,0x2102,0x2943,0x2102,
  0x3142,0x28C0,0x59E4,0x6A04,0x61A3,0x6A24,0x6204,0x4120,0x4100,0x3080,0x40A0,0x7204,
  0x5121,0x5101,0x5101,0x6183,0x5962,0x5983,0x61E4,0x61A4,0x4901,0x5163,0x5163,0x5163,
  0x3060,0x48E0,0x6182,0x6160,0x6140,0x5100,0x5100,0x5941,0x5941,0x6182,0x6182,0x6162,
  0x69A3,0x6183,0x69A3,0x5921,0x5121,0x5942,0x6162,0x6182,0x6162,0x6161,0x6181,0x69A1,
  0x6980,0x6160,0x6161,0x6961,0x6962,0x6962,0x6982,0x69A1,0x6981,0x6161,0x6981,0x69A1,
  0x6160,0x6160,0x6981,0x6981,0x6161,0x6981,0x6981,0x6161,0x6182,0x69A2,0x6161,0x69A2,
  0x69A2,0x6182,0x5921,0x5900,0x6182,0x6162,0x6162,0x5921,0x6141,0x69C3,0x5101,0x5142,
  0x6A05,0x6A46,0x61E5,0x6205,0x6205,0x61E5,0x61E5,0x59A4,0x5163,0x4963,0x4963,0x51A4,
  0x59E6,0x5207,0x4144,0x2881,0x28A1,0x30C1,0x28A0,0x4142,0x3942,0x28C0,0x3941,0x51E2,
  0x51C2,0x4981,0x4962,0x3080,0x38C1,0x1840,0x28E1,0x4143,0x30C1,0x5164,0x6A67,0x6288,
  0x28E1,0x28C1,0x4163,0x28C1,0x49E5,0x7B4A,0x49C5,0x28C1,0x3102,0x20C1,0x4A06,0x62C9,
  0x41C4,0x3101,0x30C0,0x3901,0x4142,0x3921,0x5225,0x734A,0x3942,0x4141,0x6A44,0x48E0,
  0x3860,0x3880,0x4121,0x6A63,0x6223,0x38C0,0x3060,0x3080,0x4122,0x4162,0x3922,0x3101,
  0x28A0,0x28A0,0x2860,0x3060,0x3020,0x3841,0x40A2,0x3860,0x5181,0x6AC4,0x62A3,0x62A5,
  0x4A04,0x2921,0x2921,0x20C0,0x20E1,0x2101,0x39A4,0x2943,0x2922,0x3163,0x39A4,0x39A4,
  0x2942,0x39A4,0x3184,0x2963,0x18C0,0x31A3,0x4205,0x39C3,0x39E3,0x2920,0x2941,0x4A05,
  0x41C4,0x20C1,0x20E1,0x3984,0x2923,0x2923,0x2943,0x3143,0x3164,0x3164,0x3164,0x3164,
  0x3143,0x3143,0x3143,0x3143,0x3143,0x2902,0x28C0,0x30A0,0x38E1,0x4942,0x59A3,0x5982,
  0x5941,0x5921,0x5900,0x50E0,0x48E1,0x5184,0x4143,0x28E2,0x6B0A,0x6B0A,0x736C,0x734C,
  0x41E6,0x2902,0x39A5,0x41E6,0x62EA,0x6B2A,0x6B2A,0x3164,0x20E1,0x2943,0x2102,0x2943,
  0x3983,0x28C0,0x5A04,0x6A04,0x61A2,0x61A1,0x61E2,0x6203,0x7265,0x7225,0x61A3,0x5121,
  0x48C0,0x69E4,0x7225,0x69C3,0x61A3,0x61A4,0x61A3,0x48E0,0x5142,0x61A4,0x61C5,0x5983,
  0x4901,0x69E4,0x71E2,0x69A1,0x69A1,0x69A2,0x69C3,0x7204,0x69E3,0x5962,0x6162,0x71E4,
  0x69A3,0x6142,0x50E0,0x5941,0x69A3,0x69A3,0x6162,0x5941,0x6162,0x69A2,0x69A1,0x6981,
  0x69A1,0x69A1,0x6981,0x6981,0x6982,0x6962,0x6981,0x69A1,0x69A1,0x6981,0x6981,0x6981,
  0x6161,0x6161,0x6982,0x6981,0x6161,0x69A1,0x69A1,0x6981,0x6161,0x6162,0x6982,0x6182,
  0x6162,0x6982,0x71E4,0x5921,0x5921,0x6162,0x6162,0x6162,0x6162,0x6983,0x6182,0x6162,
  0x5941,0x6182,0x5982,0x59A2,0x5982,0x5962,0x5121,0x5121,0x5101,0x5121,0x5121,0x4901,
  0x40E1,0x4103,0x4944,0x4963,0x4923,0x40E2,0x2840,0x2880,0x28C0,0x28C0,0x62A4,0x5202,
  0x51A1,0x61E4,0x4901,0x48C2,0x48E2,0x30C1,0x28C1,0x4143,0x3881,0x4081,0x3060,0x30C1,
  0x2060,0x3923,0x3943,0x2080,0x3963,0x3163,0x18A0,0x3964,0x30C1,0x3923,0x7B4C,0x7BAC,
  0x7BAB,0x41C3,0x2040,0x4942,0x6205,0x4983,0x4163,0x5205,0x3901,0x6224,0x61C3,0x3860,
  0x4060,0x3880,0x38A0,0x6A44,0x61E3,0x38A0,0x40A1,0x3060,0x4963,0x6A87,0x51C5,0x38E2,
  0x30A0,0x30A0,0x4102,0x38A1,0x3881,0x3862,0x3040,0x4920,0x6A84,0x6AE3,0x5AA3,0x5AA5,
  0x2941,0x18A0,0x20C0,0x20E1,0x39A4,0x39E5,0x39C4,0x2101,0x2943,0x3163,0x2963,0x31A4,
  0x3184,0x3163,0x3164,0x3164,0x20E1,0x3183,0x39E4,0x4205,0x4A25,0x3141,0x2921,0x4A05,
  0x41C4,0x3122,0x3102,0x2902,0x2080,0x20A0,0x28E1,0x28C1,0x20A0,0x28C1,0x28C1,0x28C1,
  0x28C1,0x28E1,0x28C1,0x28A0,0x30C1,0x3922,0x4122,0x4942,0x59A3,0x5962,0x6161,0x6981,
  0x6140,0x6140,0x6161,0x6162,0x5983,0x6206,0x3943,0x28C2,0x6B2B,0x734C,0x6B2B,0x734B,
  0x6B2B,0x6B0A,0x734C,0x734B,0x6B0A,0x62EA,0x6B0A,0x3143,0x1880,0x20C1,0x20E1,0x2902,
  0x39A4,0x28C0,0x4983,0x61E4,0x5981,0x69C1,0x61A1,0x61C1,0x61C2,0x61C3,0x69C4,0x48E0,
  0x69A3,0x69E3,0x61A2,0x6182,0x69E5,0x69C4,0x48E0,0x5120,0x61A3,0x61C4,0x61A4,0x40C1,
  0x5142,0x69E4,0x6181,0x6981,0x69A2,0x69A2,0x6182,0x5941,0x4900,0x5121,0x5962,0x5122,
  0x5101,0x5941,0x71C4,0x6182,0x6182,0x6162,0x6162,0x6162,0x6162,0x6162,0x6161,0x6981,
  0x69A1,0x69A1,0x6961,0x6961,0x6981,0x6982,0x69C2,0x69A1,0x61A1,0x69C2,0x69A1,0x6161,
  0x6181,0x6182,0x6161,0x6141,0x5920,0x6140,0x6140,0x6160,0x6981,0x6141,0x6161,0x6982,
  0x6162,0x6141,0x69A3,0x69A3,0x5921,0x6141,0x6162,0x5901,0x6182,0x6162,0x6182,0x69A3,
  0x6161,0x5941,0x5120,0x61A2,0x61A2,0x61A1,0x69E3,0x69C2,0x69A2,0x69A3,0x69C3,0x69C3,
  0x61A3,0x5143,0x5143,0x5142,0x4901,0x4902,0x4903,0x38E1,0x28A0,0x49E1,0x5A82,0x6283,
  0x6A85,0x5142,0x4060,0x5903,0x4081,0x30A1,0x3943,0x30C1,0x3881,0x48A2,0x48A2,0x38A1,
  0x2840,0x3902,0x3943,0x28C1,0x1860,0x20C1,0x39A4,0x30E2,0x3061,0x59A6,0x6247,0x6AC9,
  0x7BCC,0x5246,0x30C0,0x4962,0x5163,0x6A67,0x51E4,0x28C0,0x4983,0x59C3,0x40A0,0x4060,
  0x4060,0x3861,0x48E1,0x6A24,0x48E1,0x3840,0x3881,0x3881,0x38C1,0x5183,0x3080,0x3060,
  0x3060,0x3081,0x59A5,0x4945,0x3061,0x2000,0x38C0,0x6A84,0x6AC4,0x5A41,0x4A22,0x2940,
  0x18A0,0x2941,0x2962,0x39A3,0x2942,0x39A4,0x2942,0x20E1,0x3163,0x3184,0x2943,0x3164,
  0x3164,0x3164,0x3164,0x2923,0x2102,0x41E5,0x39A3,0x39A3,0x41E4,0x2901,0x20A0,0x41A3,
  0x49E5,0x3943,0x28A0,0x30E1,0x4963,0x51A3,0x4963,0x4121,0x3901,0x4122,0x3901,0x30A0,
  0x30A0,0x3080,0x38C0,0x4941,0x5163,0x59A3,0x59C3,0x5962,0x5941,0x5920,0x6141,0x6140,
  0x6140,0x6981,0x69C2,0x61E3,0x4942,0x3901,0x28C2,0x3103,0x6B0B,0x734B,0x6B0A,0x6B2B,
  0x6B2B,0x6B0A,0x6B0A,0x62EA,0x62EA,0x6B2A,0x6B2B,0x3984,0x3143,0x3163,0x20E1,0x1080,
  0x3963,0x2901,0x30E0,0x6224,0x69E3,0x69E1,0x69A0,0x61A0,0x69E2,0x6A03,0x61C3,0x40C0,
  0x6183,0x71E3,0x6181,0x61A3,0x69A4,0x6183,0x48E0,0x5961,0x61A2,0x69C4,0x5943,0x40A0,
  0x61C4,0x61A2,0x61A2,0x6182,0x61A2,0x5121,0x48E0,0x4900,0x4901,0x5142,0x40E0,0x40C0,
  0x40C1,0x61A3,0x69E4,0x61A2,0x6182,0x69C3,0x69C3,0x6182,0x6142,0x6142,0x6142,0x6162,
  0x69A2,0x69A2,0x6160,0x6160,0x6981,0x69A1,0x61A1,0x6180,0x6160,0x6161,0x6161,0x6182,
  0x6982,0x6162,0x6141,0x5921,0x6141,0x6140,0x5920,0x5920,0x6981,0x6141,0x6961,0x6141,
  0x6161,0x6141,0x6141,0x6982,0x6162,0x5921,0x69A2,0x5900,0x5900,0x6182,0x6141,0x6141,
  0x6161,0x69A2,0x5940,0x69E2,0x61A1,0x6181,0x6140,0x6161,0x6961,0x6961,0x6161,0x6161,
  0x5941,0x5983,0x69E3,0x69E3,0x5941,0x48E1,0x5163,0x38E0,0x3960,0x62E3,0x5A61,0x6AA3,
  0x59E3,0x3040,0x50C1,0x50A1,0x4081,0x2881,0x4163,0x3080,0x48A2,0x50A2,0x4882,0x40C2,
  0x30A1,0x3943,0x3122,0x2080,0x28E1,0x4183,0x3102,0x3881,0x4061,0x4041,0x3020,0x51C5,
  0x732A,0x6B08,0x30E1,0x5183,0x5183,0x6205,0x49A3,0x3941,0x51C4,0x4941,0x3880,0x4060,
  0x4060,0x3820,0x5102,0x61E4,0x3880,0x3840,0x3860,0x3881,0x3060,0x3080,0x3860,0x38A0,
  0x38A0,0x3061,0x3862,0x40E4,0x3061,0x3901,0x6AA3,0x6283,0x41A1,0x3140,0x28E0,0x2901,
  0x3182,0x3183,0x2942,0x2942,0x2942,0x39C4,0x2902,0x20E1,0x3143,0x3163,0x3164,0x3143,
  0x2923,0x2902,0x2902,0x2902,0x3143,0x4A06,0x3163,0x49C4,0x3983,0x3141,0x3101,0x28A0,
  0x4142,0x49A3,0x30C0,0x4963,0x61E4,0x61C3,0x61C3,0x61C3,0x61A3,0x6182,0x5962,0x61A2,
  0x6182,0x5941,0x6182,0x61A2,0x5941,0x5100,0x5920,0x5940,0x5900,0x6141,0x6981,0x6140,
  0x6181,0x6A03,0x5161,0x30C0,0x28C0,0x3122,0x3103,0x3124,0x6AEB,0x6B2B,0x6B2B,0x6B0A,
  0x6B0A,0x6B2B,0x6B2B,0x6B0A,0x630A,0x6B2B,0x6B2B,0x3164,0x2902,0x3163,0x20E1,0x1880,
  0x3143,0x3122,0x28A0,0x59E4,0x6A44,0x69E1,0x69E1,0x71E1,0x69C1,0x69E3,0x6A04,0x5101,
  0x5942,0x61A2,0x61A1,0x61A3,0x69C4,0x5102,0x5121,0x69C2,0x6182,0x69C3,0x5942,0x48E1,
  0x69E4,0x69C3,0x69C3,0x61A3,0x5121,0x5121,0x5162,0x5163,0x4942,0x4921,0x5183,0x61E4,
  0x6A04,0x61C3,0x61A2,0x6182,0x61A1,0x61A2,0x5941,0x6162,0x6163,0x6142,0x6142,0x6983,
  0x6962,0x6981,0x6961,0x6160,0x6980,0x69A1,0x6160,0x5960,0x5941,0x5920,0x6182,0x6182,
  0x6983,0x6183,0x5921,0x5921,0x5900,0x6162,0x5920,0x5920,0x6981,0x6961,0x6961,0x6161,
  0x6161,0x6141,0x6161,0x6161,0x6161,0x6182,0x69A2,0x69A2,0x5100,0x5940,0x69A2,0x6982,
  0x6141,0x6182,0x69C2,0x5120,0x61A1,0x6181,0x6181,0x69A1,0x6981,0x6161,0x6982,0x6141,
  0x6182,0x5941,0x5940,0x6160,0x5941,0x61C4,0x5162,0x30C0,0x6281,0x5A80,0x62C2,0x6A83,
  0x40C0,0x48C0,0x50C0,0x50A1,0x48A1,0x3902,0x3922,0x3080,0x48C2,0x5082,0x50A2,0x3881,
  0x28A1,0x4184,0x3102,0x20A1,0x4164,0x3902,0x2840,0x4881,0x5082,0x5061,0x4881,0x38E1,
  0x6AC8,0x7BAB,0x3921,0x38E0,0x59A3,0x5162,0x30E0,0x3921,0x51C4,0x6AA7,0x48E1,0x4060,
  0x4061,0x4061,0x48E2,0x5963,0x3860,0x48A1,0x4081,0x3040,0x30A0,0x4102,0x40A1,0x4080,
  0x3860,0x40A2,0x38A3,0x3081,0x30A0,0x51E2,0x4181,0x3140,0x28E0,0x20A0,0x28E1,0x41E4,
  0x3183,0x2121,0x3163,0x3142,0x3142,0x3983,0x2901,0x2901,0x3963,0x28E1,0x20C1,0x2902,
  0x28E1,0x18A0,0x20C1,0x28C1,0x28C1,0x28C1,0x2080,0x4162,0x4162,0x4162,0x51C3,0x4942,
  0x38E0,0x38A0,0x40E0,0x5183,0x5941,0x5920,0x6141,0x6141,0x6140,0x6140,0x6161,0x6961,
  0x6140,0x6140,0x6140,0x6961,0x6120,0x6120,0x6140,0x6140,0x69A1,0x6961,0x6161,0x61A2,
  0x61E3,0x51A2,0x28C0,0x28E1,0x3142,0x41C5,0x3123,0x3103,0x7B4C,0x6B2B,0x6B2B,0x6B0A,
  0x62EA,0x6B2B,0x6B0A,0x6B2B,0x6B0A,0x6B2A,0x62C9,0x2902,0x18A0,0x2902,0x2101,0x2101,
  0x3122,0x3122,0x28C0,0x38E0,0x6223,0x7243,0x61A0,0x69E1,0x71E2,0x69C2,0x69E3,0x5101,
  0x5121,0x69E3,0x61A2,0x61A2,0x69C4,0x50E1,0x48A0,0x69C2,0x61C2,0x6182,0x5942,0x5122,
  0x69E4,0x69E3,0x69C4,0x61A3,0x5983,0x61C4,0x5162,0x4101,0x5162,0x59A3,0x6204,0x6A04,
  0x61E3,0x69E3,0x6A03,0x69E2,0x61A2,0x6182,0x50E0,0x48C0,0x5942,0x6142,0x6141,0x6162,
  0x6161,0x6981,0x6981,0x6160,0x6181,0x6181,0x6161,0x5961,0x6182,0x6162,0x6182,0x5921,
  0x5101,0x5942,0x6983,0x69A4,0x5101,0x50E0,0x6162,0x6141,0x6140,0x6140,0x6140,0x6161,
  0x6141,0x5920,0x6140,0x6140,0x6140,0x6981,0x6181,0x69A2,0x5940,0x5920,0x69A2,0x6982,
  0x6162,0x5120,0x61A2,0x5941,0x5100,0x61A2,0x6161,0x6982,0x6141,0x6141,0x6982,0x6161,
  0x6982,0x6160,0x5920,0x6161,0x61A3,0x5982,0x38C0,0x51E1,0x62A2,0x5A80,0x6AC3,0x51C1,
  0x40A0,0x50E0,0x58C0,0x58E2,0x3860,0x4122,0x3902,0x3060,0x50A2,0x50A2,0x50C2,0x3860,
  0x30E2,0x3143,0x2080,0x3963,0x3943,0x2860,0x40A0,0x5061,0x5000,0x5021,0x5061,0x40E2,
  0x7B09,0x7B49,0x4162,0x4100,0x5182,0x5182,0x3100,0x3941,0x6AE8,0x7B6A,0x4922,0x3840,
  0x4081,0x3861,0x48C2,0x5143,0x3860,0x3840,0x3020,0x3861,0x30A1,0x40E1,0x40A1,0x40A1,
  0x3881,0x3881,0x38A1,0x30A0,0x30E0,0x3120,0x41A1,0x4A02,0x2900,0x20C1,0x3964,0x3144,
  0x3163,0x3163,0x3163,0x3983,0x3984,0x3962,0x28A0,0x3922,0x28A0,0x30E1,0x4163,0x3102,
  0x28A1,0x3102,0x2880,0x2880,0x4142,0x4983,0x3901,0x3080,0x38E0,0x59A3,0x59A3,0x61E3,
  0x61A3,0x40C0,0x40C0,0x5941,0x6141,0x6140,0x6140,0x6120,0x6120,0x6940,0x6961,0x7181,
  0x6940,0x6100,0x6100,0x6981,0x7181,0x6940,0x6940,0x6981,0x69A1,0x6140,0x61A2,0x7266,
  0x51C4,0x28C0,0x3142,0x3183,0x2122,0x2942,0x2902,0x41A5,0x7B4B,0x6B2A,0x6B0A,0x6B2A,
  0x6B2B,0x734C,0x6B0A,0x6B0A,0x6B2B,0x734B,0x5AA8,0x20C1,0x2922,0x3984,0x2942,0x2922,
  0x2902,0x3922,0x3942,0x28A0,0x3900,0x51A1,0x7A84,0x69E2,0x69A2,0x69E3,0x6A03,0x5121,
  0x5101,0x69E3,0x6182,0x69C3,0x69C3,0x48C0,0x40A0,0x5961,0x71E3,0x69E3,0x6182,0x6183,
  0x71E4,0x6182,0x69C3,0x5962,0x5962,0x5101,0x40C0,0x40C0,0x5982,0x61C2,0x61C2,0x61A1,
  0x6181,0x61C1,0x69E1,0x69E2,0x61C3,0x5962,0x5122,0x40A0,0x5942,0x6162,0x6161,0x6181,
  0x6181,0x6180,0x6140,0x6141,0x6161,0x5920,0x5921,0x5121,0x6162,0x6162,0x6162,0x6162,
  0x6142,0x5922,0x5902,0x5901,0x6183,0x5101,0x6983,0x6983,0x5920,0x5920,0x6140,0x6140,
  0x6140,0x6141,0x6140,0x5920,0x6160,0x6161,0x6140,0x6181,0x6161,0x5940,0x5940,0x6982,
  0x69A2,0x6182,0x4900,0x61C3,0x48E0,0x5961,0x69C3,0x69C3,0x6162,0x6182,0x6162,0x6182,
  0x5941,0x6161,0x69A2,0x6182,0x6183,0x4101,0x4141,0x6263,0x6282,0x6AA2,0x5A02,0x40C0,
  0x50E1,0x50A0,0x58C1,0x48C1,0x3060,0x4963,0x30A0,0x3860,0x50C2,0x5082,0x48A2,0x38A1,
  0x3102,0x20A0,0x3102,0x3943,0x2880,0x40C1,0x50A1,0x5040,0x5000,0x5841,0x5061,0x48C1,
  0x72C8,0x7B8A,0x51C3,0x4100,0x5182,0x5A04,0x4982,0x5A65,0x7BEC,0x7B29,0x4902,0x3860,
  0x48A2,0x4081,0x3881,0x40A1,0x4080,0x3820,0x4081,0x40C2,0x38A1,0x38A1,0x3880,0x40A1,
  0x40A2,0x3880,0x38A0,0x3900,0x3920,0x49E1,0x5AA5,0x41C3,0x20A1,0x3144,0x3965,0x3144,
  0x2943,0x39A4,0x3163,0x3942,0x4183,0x30C0,0x2880,0x4122,0x4942,0x51C4,0x4963,0x30C0,
  0x30E1,0x28A0,0x4101,0x5162,0x5983,0x61E4,0x5162,0x3860,0x40A0,0x61A2,0x5961,0x5941,
  0x61A2,0x61A2,0x6182,0x6161,0x6141,0x6940,0x6140,0x6140,0x6140,0x6961,0x6961,0x6941,
  0x6941,0x6961,0x6961,0x6961,0x6141,0x6961,0x6941,0x6140,0x6981,0x7203,0x61E4,0x4962,
  0x28E0,0x2101,0x2963,0x2143,0x2943,0x2942,0x20C1,0x5246,0x7B6B,0x732A,0x6B4B,0x736C,
  0x734B,0x6B0A,0x6B2B,0x6B2B,0x6B2B,0x6B2B,0x5268,0x20C1,0x2922,0x3143,0x2901,0x2101,
  0x3122,0x3922,0x4183,0x3941,0x28C0,0x30C0,0x4981,0x6A03,0x7203,0x69E3,0x69E3,0x5982,
  0x40C0,0x69C3,0x6182,0x5941,0x69E4,0x5121,0x40A0,0x5982,0x6A04,0x69C3,0x5961,0x5941,
  0x69C3,0x69C3,0x5982,0x5141,0x5121,0x5121,0x69C3,0x69C2,0x6182,0x69A2,0x69A1,0x69A1,
  0x69C1,0x69C1,0x61A0,0x6181,0x61A3,0x48C1,0x5963,0x48C0,0x5121,0x6182,0x6181,0x69C1,
  0x61A1,0x6180,0x6160,0x6161,0x6983,0x6142,0x6162,0x5941,0x5942,0x5942,0x5101,0x5101,
  0x5101,0x5922,0x5921,0x5101,0x50E1,0x50C0,0x5942,0x6162,0x5901,0x6141,0x6161,0x6161,
  0x6141,0x6141,0x6161,0x6161,0x6161,0x6161,0x6140,0x6181,0x6181,0x5940,0x5920,0x6182,
  0x69A3,0x61A3,0x5141,0x4921,0x61A3,0x48E0,0x5121,0x6162,0x6162,0x6162,0x5920,0x5100,
  0x48A0,0x48C0,0x5100,0x48C0,0x38A0,0x38C0,0x5A03,0x6AA4,0x6263,0x6A64,0x4920,0x48A0,
  0x50A1,0x50A1,0x50A1,0x3880,0x38A1,0x4984,0x3060,0x4061,0x50A2,0x50A2,0x40C1,0x30C1,
  0x20C0,0x2901,0x4163,0x30A0,0x38A1,0x40A0,0x4860,0x5040,0x5840,0x5020,0x4840,0x48C1,
  0x6A67,0x7B8B,0x51E4,0x2880,0x4982,0x51C3,0x51E3,0x7329,0x7BAB,0x7B2A,0x40E2,0x4081,
  0x4081,0x40A2,0x3860,0x3860,0x3860,0x4080,0x48C2,0x3861,0x3061,0x38A1,0x3880,0x3880,
  0x38A1,0x4941,0x6202,0x6262,0x5A62,0x6285,0x3162,0x18A1,0x2903,0x3184,0x2903,0x3164,
  0x3164,0x2922,0x3984,0x3942,0x28A0,0x2860,0x4942,0x5142,0x61C4,0x59A3,0x5142,0x5183,
  0x59A4,0x6205,0x61A3,0x5982,0x5121,0x5141,0x6182,0x6162,0x5961,0x5920,0x5920,0x6141,
  0x5920,0x5920,0x6982,0x6141,0x5920,0x6161,0x6141,0x6120,0x5920,0x6120,0x6140,0x6141,
  0x6141,0x6141,0x6162,0x6182,0x6182,0x6162,0x5941,0x6161,0x5961,0x5141,0x38E0,0x28E1,
  0x3142,0x3184,0x2964,0x2943,0x3184,0x3184,0x18A0,0x5246,0x734A,0x6B2A,0x734B,0x736B,
  0x62C9,0x4A07,0x62EA,0x734C,0x6B0B,0x6B2B,0x5288,0x20C1,0x2902,0x3142,0x2942,0x2101,
  0x3943,0x3922,0x3942,0x3962,0x3141,0x2900,0x2060,0x4941,0x61E3,0x69C3,0x61C2,0x6A03,
  0x48E0,0x48E0,0x69E4,0x61A3,0x61A3,0x5982,0x48E0,0x5141,0x6182,0x61C3,0x5981,0x5100,
  0x5941,0x61C3,0x5121,0x40A0,0x5121,0x61A2,0x69A2,0x6161,0x69A2,0x69C2,0x69A1,0x69A2,
  0x69A2,0x69A1,0x69A1,0x69A2,0x5122,0x48E2,0x69E5,0x40A0,0x40A0,0x61A2,0x5960,0x5960,
  0x5960,0x61A1,0x69C2,0x6182,0x6162,0x6183,0x50E1,0x48C0,0x5921,0x6162,0x5942,0x6182,
  0x6182,0x5121,0x5921,0x69C4,0x5942,0x50E1,0x48A0,0x5922,0x5921,0x5900,0x6162,0x6982,
  0x6141,0x5900,0x6161,0x6982,0x6161,0x6161,0x6181,0x69A1,0x6181,0x6160,0x6181,0x6161,
  0x6141,0x5941,0x61A3,0x5142,0x5121,0x5962,0x5121,0x6163,0x69A3,0x6162,0x6182,0x5961,
  0x6161,0x6162,0x6183,0x5183,0x2880,0x3100,0x49C1,0x3940,0x6A64,0x61C3,0x48C0,0x50E1,
  0x4881,0x5081,0x48A2,0x3060,0x4143,0x4122,0x3860,0x4881,0x5081,0x50A2,0x38C1,0x2080,
  0x2901,0x3983,0x30C1,0x38E2,0x40C1,0x4880,0x4860,0x5060,0x5040,0x4860,0x4061,0x5123,
  0x6A67,0x7B2A,0x5A05,0x4141,0x6246,0x5204,0x49C3,0x6B09,0x734A,0x72C9,0x4923,0x48C2,
  0x4061,0x40A1,0x3880,0x3860,0x4080,0x4060,0x3820,0x3840,0x40C2,0x3080,0x30A0,0x2860,
  0x4121,0x6203,0x72A4,0x6AA3,0x5A43,0x3141,0x1880,0x20C2,0x2944,0x3163,0x2942,0x3143,
  0x3143,0x3143,0x3943,0x28A0,0x30A0,0x40E1,0x5962,0x5141,0x5942,0x5942,0x6182,0x6183,
  0x5141,0x5982,0x6182,0x6161,0x6141,0x5900,0x58E0,0x6161,0x5900,0x5900,0x5920,0x6120,
  0x6120,0x5900,0x5900,0x6140,0x6140,0x6161,0x6161,0x6140,0x5920,0x6140,0x6161,0x6161,
  0x6141,0x6141,0x6162,0x5941,0x5942,0x5121,0x48E0,0x48C0,0x48E0,0x30A0,0x28A0,0x20A0,
  0x20E1,0x20E1,0x2923,0x20C1,0x20C1,0x2902,0x2922,0x62C8,0x734A,0x6B2A,0x6B0A,0x6B2B,
  0x6B0A,0x5AA9,0x6B0B,0x6B0B,0x6B2B,0x6B2B,0x5247,0x1880,0x2902,0x2942,0x2942,0x2922,
  0x4163,0x4142,0x3122,0x3162,0x3162,0x31A3,0x3122,0x30C0,0x5162,0x5982,0x69E3,0x6A03,
  0x61C2,0x40C0,0x48E1,0x69E4,0x61C3,0x61A2,0x69E3,0x5982,0x48E0,0x5120,0x61A2,0x61A1,
  0x5941,0x5982,0x4942,0x40E0,0x5141,0x61C3,0x69C3,0x6182,0x69A2,0x6981,0x6161,0x6982,
  0x71C3,0x69C3,0x69C3,0x69C4,0x48E1,0x4922,0x6A06,0x5142,0x3860,0x5121,0x61A2,0x61C2,
  0x5960,0x5960,0x61A2,0x61A2,0x5982,0x5921,0x5942,0x6162,0x5942,0x6162,0x6162,0x6182,
  0x6182,0x5941,0x5100,0x50E0,0x5942,0x6163,0x5942,0x50E1,0x6162,0x5101,0x50E0,0x5941,
  0x6182,0x6142,0x6141,0x6161,0x6141,0x6141,0x6981,0x6981,0x6161,0x6181,0x69A2,0x69A1,
  0x6140,0x5941,0x5121,0x69E4,0x5142,0x48E1,0x5122,0x5942,0x69A3,0x6162,0x6181,0x5960,
  0x6182,0x5942,0x5963,0x5183,0x3920,0x3980,0x4A02,0x4180,0x6204,0x48E0,0x58E1,0x5080,
  0x5080,0x5081,0x48A2,0x2880,0x4983,0x38C1,0x4080,0x5081,0x5061,0x50A2,0x3080,0x28E0,
  0x39A3,0x28E1,0x38C1,0x4902,0x48A1,0x50A1,0x50A0,0x4880,0x48A1,0x48C2,0x40C2,0x38C2,
  0x6206,0x6A87,0x51C4,0x49C4,0x5225,0x49C4,0x3962,0x3162,0x2901,0x30C1,0x3060,0x3861,
  0x3840,0x3020,0x4080,0x3860,0x4060,0x48A1,0x4060,0x4081,0x48C3,0x3060,0x28A0,0x4162,
  0x6A64,0x6A63,0x6A62,0x5202,0x28A0,0x2080,0x18A1,0x3184,0x3164,0x2942,0x3162,0x3142,
  0x3143,0x3123,0x20A0,0x38E1,0x4962,0x4901,0x5941,0x5921,0x5920,0x6982,0x6162,0x6162,
  0x69C3,0x5920,0x5900,0x58C0,0x58E0,0x5900,0x58E0,0x6141,0x6961,0x6120,0x5900,0x5900,
  0x6140,0x6141,0x6120,0x6140,0x6961,0x6981,0x6961,0x6140,0x6140,0x6140,0x6141,0x6141,
  0x6141,0x6182,0x6162,0x5100,0x5121,0x5942,0x5962,0x61A4,0x59C4,0x51C4,0x49C4,0x3142,
  0x2901,0x1880,0x2080,0x30E2,0x28C1,0x20A0,0x3142,0x6B2A,0x736B,0x734B,0x6B0A,0x6B2A,
  0x6B4B,0x6B2B,0x734C,0x6B0B,0x6B0B,0x6B2B,0x5247,0x20E2,0x3984,0x3163,0x2942,0x2942,
  0x4163,0x4142,0x3942,0x3183,0x31A4,0x31A4,0x3163,0x30E1,0x4922,0x5141,0x61A2,0x69E3,
  0x6A03,0x61E4,0x4901,0x5962,0x69E3,0x6A23,0x61C3,0x61C4,0x5141,0x48E0,0x5140,0x61A1,
  0x6182,0x5983,0x4122,0x4963,0x40E0,0x5162,0x61A3,0x69E4,0x6162,0x69A3,0x6162,0x6162,
  0x6183,0x5963,0x5102,0x48E2,0x40E0,0x59A3,0x59A3,0x61C4,0x4901,0x3880,0x4901,0x5121,
  0x5961,0x61C2,0x69C2,0x69C2,0x69C2,0x61A2,0x6182,0x69A3,0x5901,0x5921,0x6161,0x6161,
  0x6161,0x6182,0x6182,0x5921,0x48E0,0x5101,0x61A3,0x5121,0x5942,0x6183,0x50C0,0x48C0,
  0x5921,0x6162,0x6162,0x6162,0x6161,0x6162,0x6982,0x6161,0x6961,0x6981,0x6981,0x6960,
  0x6961,0x6161,0x5941,0x6182,0x61A4,0x48A0,0x5922,0x50E1,0x6162,0x69A2,0x5940,0x5940,
  0x5940,0x6163,0x4901,0x30A0,0x49E2,0x41E1,0x41C0,0x6284,0x4921,0x4080,0x58E1,0x5080,
  0x5080,0x58C2,0x4061,0x30E1,0x4163,0x3080,0x48A1,0x5061,0x58A2,0x4061,0x28A0,0x39A3,
  0x2942,0x20A0,0x4102,0x40A1,0x48C2,0x5902,0x58E2,0x50E1,0x48C1,0x48E2,0x38C2,0x30A1,
  0x30E1,0x2880,0x2080,0x28C0,0x28C0,0x20C0,0x20C0,0x3142,0x41A4,0x49A5,0x38A2,0x3861,
  0x4081,0x48A1,0x48A1,0x4080,0x4060,0x4881,0x4881,0x3840,0x2800,0x3081,0x49A2,0x6AC5,
  0x6282,0x6AA3,0x59E2,0x2060,0x28C0,0x3122,0x2922,0x3183,0x2962,0x2963,0x2962,0x3162,
  0x3963,0x20A1,0x30E2,0x6206,0x4922,0x40C0,0x6142,0x6121,0x5900,0x6141,0x6961,0x6961,
  0x6161,0x6141,0x6140,0x6100,0x58E0,0x6940,0x6961,0x6100,0x6100,0x6120,0x6941,0x6120,
  0x6100,0x6120,0x6120,0x58E0,0x5900,0x6120,0x6120,0x6120,0x6960,0x6960,0x6140,0x6140,
  0x6140,0x5941,0x5941,0x48E0,0x5962,0x6A05,0x61C4,0x59C5,0x51A4,0x3922,0x28C0,0x2901,
  0x3142,0x3922,0x30C1,0x4963,0x5A06,0x3902,0x28E1,0x6B2A,0x6B4A,0x6B0A,0x6B0A,0x6B2A,
  0x6B0A,0x6B0B,0x62EA,0x6B0B,0x6B0B,0x734B,0x5288,0x20E1,0x3143,0x2942,0x3163,0x2922,
  0x3963,0x3942,0x3942,0x39A3,0x3183,0x3183,0x3963,0x3101,0x28A0,0x3900,0x51A2,0x6A24,
  0x61C2,0x69E3,0x7225,0x61A3,0x5100,0x61C3,0x61A3,0x61A3,0x69E4,0x61A3,0x5961,0x5941,
  0x5941,0x5121,0x4942,0x51C4,0x3080,0x38A0,0x5162,0x61A4,0x69A4,0x6143,0x48A1,0x4880,
  0x48A1,0x4060,0x4061,0x3020,0x40C0,0x6A03,0x59A2,0x6A05,0x5142,0x3040,0x3860,0x3860,
  0x4080,0x5943,0x69C4,0x6182,0x61A2,0x69C2,0x69A2,0x6182,0x69A2,0x6161,0x6161,0x61A1,
  0x61A1,0x5940,0x5940,0x69A2,0x69A3,0x6162,0x5942,0x6163,0x5922,0x6163,0x6163,0x50E1,
  0x50C0,0x50E1,0x6162,0x6162,0x6142,0x6983,0x6162,0x6141,0x6961,0x6961,0x6140,0x6120,
  0x6140,0x6141,0x6962,0x6142,0x5942,0x5962,0x5101,0x50E0,0x5121,0x6162,0x6141,0x6961,
  0x6141,0x69C4,0x5162,0x4140,0x62A2,0x62A2,0x5A63,0x51A3,0x3860,0x50A2,0x5080,0x50A0,
  0x50A0,0x50E2,0x3040,0x3943,0x3101,0x3880,0x4881,0x4881,0x48A1,0x3060,0x3942,0x3963,
  0x20E0,0x41C4,0x30E1,0x3080,0x40A1,0x4060,0x4040,0x3860,0x3860,0x3860,0x3060,0x3060,
  0x30A1,0x49A4,0x5205,0x3121,0x4182,0x49A3,0x49C3,0x6B09,0x7BEC,0x7B8C,0x4924,0x4061,
  0x4041,0x4860,0x4840,0x4860,0x4860,0x4880,0x3840,0x3040,0x40E2,0x6205,0x5A04,0x49A1,
  0x6284,0x49E1,0x2080,0x28C0,0x3122,0x3142,0x2962,0x2962,0x2962,0x2962,0x39A3,0x3122,
  0x2860,0x38E1,0x5163,0x5163,0x40A0,0x5942,0x5921,0x50C0,0x6100,0x6100,0x6120,0x6941,
  0x6120,0x6141,0x6140,0x6120,0x6100,0x6120,0x6941,0x6120,0x6120,0x6941,0x6140,0x6120,
  0x6120,0x6140,0x6120,0x6120,0x6120,0x6120,0x6120,0x6140,0x6981,0x7203,0x69E2,0x5961,
  0x5941,0x61A2,0x4941,0x38A0,0x40E1,0x4942,0x51A4,0x4963,0x28C0,0x3122,0x3163,0x3183,
  0x3163,0x3963,0x30E1,0x3921,0x59E4,0x4142,0x20A0,0x6B09,0x736A,0x734A,0x6B2A,0x6B2A,
  0x6B2B,0x734B,0x6B0B,0x630A,0x6B0B,0x6B4B,0x5267,0x1880,0x1860,0x1860,0x20E1,0x2922,
  0x3142,0x3963,0x3983,0x41A4,0x41C4,0x3983,0x3122,0x3962,0x3121,0x20A0,0x3101,0x5181,
  0x69C1,0x7202,0x7204,0x7224,0x5962,0x40C0,0x5962,0x5942,0x6183,0x71E4,0x69A3,0x6141,
  0x6142,0x5962,0x4962,0x4982,0x3080,0x4902,0x59A4,0x48C1,0x4061,0x3840,0x3840,0x4882,
  0x4082,0x3820,0x48A2,0x3860,0x5120,0x69E2,0x69E3,0x7204,0x5963,0x3860,0x4081,0x40A2,
  0x3861,0x3000,0x48E2,0x6183,0x61A2,0x6161,0x61A1,0x61A0,0x69E1,0x6180,0x6160,0x6180,
  0x6180,0x6160,0x6160,0x6160,0x6161,0x6982,0x69A3,0x6983,0x5101,0x5921,0x6983,0x5942,
  0x5942,0x5102,0x50E1,0x5942,0x6162,0x5922,0x6962,0x6962,0x6120,0x6120,0x6161,0x6140,
  0x6161,0x6961,0x6941,0x6942,0x6983,0x6162,0x48E0,0x5142,0x5121,0x5941,0x6162,0x6941,
  0x6962,0x61A3,0x30C0,0x51E0,0x6280,0x6262,0x6A85,0x40A1,0x4862,0x50A2,0x5060,0x5080,
  0x50C1,0x3860,0x3061,0x4163,0x2880,0x4081,0x48A2,0x48C2,0x2840,0x3102,0x41A4,0x20C0,
  0x3963,0x41A4,0x28A0,0x30C1,0x3881,0x4061,0x4861,0x48A1,0x48A2,0x4881,0x48A2,0x40A1,
  0x4122,0x7B4A,0x7B4A,0x3941,0x4162,0x51C3,0x49A2,0x62C7,0x7BCB,0x7B09,0x40C2,0x4041,
  0x5082,0x4820,0x4800,0x4820,0x4880,0x4060,0x3020,0x5162,0x6A85,0x4961,0x4962,0x51C3,
  0x41A2,0x20C0,0x1860,0x3122,0x41A4,0x3163,0x2963,0x2162,0x2963,0x2922,0x3143,0x2880,
  0x3880,0x5942,0x6163,0x5101,0x48E0,0x5962,0x5941,0x6141,0x6121,0x6100,0x6100,0x6120,
  0x6141,0x6141,0x6120,0x6120,0x6140,0x6160,0x6160,0x6961,0x6140,0x6160,0x6160,0x6160,
  0x6161,0x6161,0x6160,0x6161,0x6960,0x6960,0x5920,0x6161,0x6A03,0x6A03,0x6203,0x6A24,
  0x59E3,0x6245,0x3921,0x30E0,0x3963,0x20C1,0x28E1,0x3101,0x28E0,0x3983,0x2943,0x10A1,
  0x18C1,0x18A0,0x2080,0x30C0,0x4962,0x51C3,0x28A0,0x6AA8,0x7309,0x6AE9,0x734A,0x6B2A,
  0x6B2A,0x6B4B,0x6B2A,0x6B2B,0x6B2B,0x6B4B,0x5267,0x2901,0x4183,0x3122,0x1020,0x20C0,
  0x3142,0x3163,0x3983,0x41A4,0x41A3,0x3983,0x3142,0x3142,0x3962,0x3142,0x20A0,0x30A0,
  0x61A2,0x69E2,0x61C3,0x6A04,0x69E5,0x61A4,0x5963,0x48E0,0x5141,0x69C3,0x69C4,0x6182,
  0x6162,0x61A4,0x5984,0x48E2,0x5143,0x5944,0x4081,0x3020,0x3841,0x4061,0x4082,0x40A2,
  0x3841,0x3020,0x3061,0x3860,0x61C3,0x69E3,0x61A2,0x61A3,0x5984,0x3861,0x3021,0x3821,
  0x4062,0x4062,0x4061,0x48C1,0x5963,0x61A2,0x6181,0x69A1,0x5960,0x69C1,0x69A1,0x69A0,
  0x6160,0x5940,0x6160,0x6160,0x6140,0x6161,0x69A2,0x6982,0x6162,0x5921,0x5942,0x5962,
  0x5942,0x6183,0x5922,0x5101,0x6163,0x6162,0x6142,0x5921,0x6141,0x6141,0x5940,0x6181,
  0x6981,0x6961,0x6141,0x6941,0x6962,0x6162,0x5121,0x5982,0x5941,0x5941,0x6162,0x6141,
  0x6982,0x4100,0x3920,0x6281,0x5A61,0x6282,0x59C2,0x4080,0x50A2,0x5061,0x5060,0x50A0,
  0x48C1,0x3040,0x38C2,0x3922,0x30A0,0x40A1,0x48E2,0x40C2,0x2880,0x41A4,0x2922,0x20C0,
  0x49C4,0x2080,0x2880,0x40E1,0x48C2,0x50A2,0x5081,0x48A1,0x48A1,0x4861,0x4861,0x3860,
  0x4943,0x734A,0x7349,0x3941,0x3900,0x51A2,0x51C2,0x6266,0x7BAC,0x72E9,0x3881,0x3840,
  0x5061,0x4820,0x4800,0x4860,0x48A0,0x3020,0x5161,0x6A83,0x6242,0x51C1,0x51C3,0x4162,
  0x20A0,0x1860,0x3121,0x3142,0x3142,0x3163,0x3163,0x2142,0x2963,0x3163,0x2080,0x3080,
  0x5942,0x6142,0x5942,0x5101,0x48E0,0x5941,0x5941,0x6962,0x6141,0x6100,0x6100,0x6120,
  0x6141,0x6120,0x6120,0x6120,0x6140,0x6160,0x6981,0x6161,0x6140,0x6160,0x6140,0x6140,
  0x6160,0x6981,0x6981,0x69A2,0x6981,0x6961,0x6161,0x61A2,0x59C2,0x4100,0x30C0,0x4121,
  0x4141,0x4162,0x28E0,0x3101,0x41A4,0x3984,0x3963,0x3142,0x28C0,0x28C1,0x28C0,0x2080,
  0x4162,0x4982,0x40E0,0x40E0,0x4962,0x51C4,0x28A0,0x5A88,0x62C9,0x2902,0x62C9,0x6B2A,
  0x6B2B,0x6B2B,0x5AA9,0x62CA,0x6AEA,0x730A,0x51E5,0x30C0,0x5A05,0x6205,0x4122,0x1860,
  0x3142,0x3142,0x3963,0x3983,0x3983,0x3983,0x3962,0x3122,0x3142,0x3963,0x3942,0x28A0,
  0x4100,0x61E3,0x61C3,0x5983,0x4901,0x61E4,0x61C4,0x61C4,0x61A3,0x61A3,0x61A3,0x6182,
  0x6183,0x6163,0x5103,0x5103,0x48A2,0x3820,0x3820,0x4882,0x4061,0x4061,0x3820,0x3861,
  0x48E3,0x5185,0x40E2,0x40C1,0x69E4,0x69C3,0x6182,0x61A4,0x5964,0x4081,0x3861,0x3842,
  0x3842,0x3842,0x4061,0x3860,0x48A1,0x5922,0x6182,0x69A2,0x61A2,0x71E2,0x6181,0x69C2,
  0x69A1,0x6160,0x6140,0x6140,0x6180,0x6961,0x6140,0x6160,0x6181,0x5920,0x5921,0x5961,
  0x5121,0x6183,0x69C3,0x48E0,0x50E1,0x6162,0x5920,0x6161,0x5921,0x5920,0x6981,0x6180,
  0x6160,0x6160,0x6161,0x6161,0x6161,0x6161,0x5941,0x5961,0x5941,0x5120,0x6161,0x69C2,
  0x5961,0x38E0,0x5A01,0x6282,0x6262,0x6A62,0x40C0,0x48A0,0x50A1,0x5061,0x5060,0x4880,
  0x48E1,0x3080,0x4123,0x30C1,0x30A1,0x48E2,0x3881,0x38A1,0x4163,0x3142,0x18C0,0x3162,
  0x3963,0x2880,0x40C1,0x50C2,0x4860,0x5060,0x5060,0x4860,0x4860,0x4840,0x4860,0x4040,
  0x4922,0x7309,0x7B49,0x3921,0x3900,0x59E3,0x59E3,0x6266,0x7B8B,0x72E9,0x38A1,0x4060,
  0x4860,0x4820,0x5081,0x4040,0x3860,0x59A1,0x6A82,0x6240,0x6A81,0x6AA4,0x4121,0x2880,
  0x20A0,0x20A0,0x3142,0x3963,0x3122,0x2922,0x2963,0x2942,0x3162,0x3122,0x28A0,0x4922,
  0x5942,0x5921,0x5921,0x48E0,0x5121,0x5941,0x5941,0x6141,0x6120,0x6100,0x6100,0x6120,
  0x6120,0x5900,0x5920,0x6120,0x6120,0x6140,0x6160,0x6160,0x6140,0x6140,0x6120,0x5920,
  0x6140,0x6161,0x69A1,0x69A2,0x6982,0x6161,0x69C3,0x5962,0x3080,0x3901,0x3922,0x3121,
  0x3941,0x28E0,0x3141,0x41A3,0x3162,0x3183,0x3142,0x2080,0x4183,0x49A3,0x4962,0x5162,
  0x6A25,0x69E4,0x6182,0x5962,0x59A4,0x51C5,0x20A1,0x5248,0x6B2C,0x5268,0x62EA,0x6B0B,
  0x62EA,0x6B0B,0x734C,0x6B0B,0x72EA,0x730A,0x51C5,0x38C0,0x5183,0x59A3,0x5983,0x4142,
  0x3142,0x3162,0x3163,0x3983,0x3963,0x3963,0x3983,0x3963,0x3142,0x3122,0x3963,0x3121,
  0x28A0,0x59E4,0x6245,0x3080,0x38A0,0x4922,0x61C4,0x5162,0x5962,0x5962,0x5962,0x5962,
  0x5122,0x5101,0x5102,0x3020,0x3020,0x4081,0x4081,0x3840,0x3840,0x3860,0x61A4,0x69E5,
  0x5963,0x6A05,0x5983,0x5142,0x69E3,0x61A2,0x61A2,0x7225,0x5942,0x48C1,0x48E2,0x4081,
  0x3861,0x4061,0x3840,0x3860,0x40A0,0x3860,0x48A0,0x6183,0x69C3,0x6161,0x69A2,0x6161,
  0x6181,0x69C1,0x6160,0x6160,0x6980,0x6160,0x5920,0x6140,0x6160,0x5960,0x6161,0x5961,
  0x5941,0x5961,0x6182,0x5120,0x48E0,0x5120,0x5120,0x6182,0x6161,0x5920,0x6161,0x6180,
  0x5940,0x6160,0x69A1,0x6981,0x6160,0x6161,0x6140,0x6140,0x6181,0x6161,0x61A2,0x6A04,
  0x40E0,0x4980,0x6AA3,0x6242,0x6A83,0x5181,0x4080,0x50E1,0x5080,0x5080,0x4860,0x48C0,
  0x40C0,0x38E1,0x4143,0x2880,0x38C1,0x38C1,0x38A1,0x4102,0x49A4,0x20E1,0x2942,0x41E5,
  0x28A0,0x38A0,0x50A1,0x5881,0x5860,0x5040,0x5040,0x5060,0x5080,0x5060,0x5081,0x4880,
  0x40C1,0x72C8,0x7308,0x3920,0x4141,0x51A2,0x4961,0x6286,0x7BCB,0x6AA7,0x38A0,0x48A1,
  0x4861,0x4020,0x4060,0x40C0,0x59C1,0x6AA2,0x6261,0x6A82,0x6201,0x38A0,0x2860,0x30E1,
  0x20A0,0x2922,0x3142,0x3142,0x3163,0x3143,0x3162,0x3162,0x3162,0x28C0,0x4122,0x5983,
  0x6142,0x6142,0x5941,0x48C0,0x5941,0x6161,0x5940,0x6140,0x6141,0x6961,0x6961,0x6961,
  0x6140,0x5920,0x6120,0x6120,0x5920,0x6120,0x6140,0x6160,0x6140,0x6161,0x6140,0x5920,
  0x6140,0x6981,0x69A1,0x69A2,0x6982,0x6141,0x6183,0x5142,0x2860,0x28A0,0x3962,0x3962,
  0x39A3,0x39A3,0x3182,0x39A3,0x3182,0x2941,0x28E0,0x4142,0x6225,0x6A25,0x61A3,0x69C3,
  0x71E4,0x69C3,0x69E4,0x5983,0x51A4,0x4984,0x28A1,0x5A48,0x7B8D,0x736D,0x6B0B,0x6B2C,
  0x62EB,0x62EB,0x732B,0x6ACA,0x732B,0x730A,0x4963,0x38C0,0x59A3,0x61C3,0x5162,0x4963,
  0x3142,0x3163,0x3162,0x3963,0x3162,0x3142,0x3142,0x3963,0x3963,0x3943,0x3983,0x3962,
  0x28C0,0x4162,0x6A87,0x3901,0x4963,0x3080,0x4901,0x61C4,0x61A3,0x5961,0x40C0,0x40C0,
  0x48E1,0x4901,0x5142,0x5142,0x48E1,0x48E1,0x48E1,0x40A0,0x48A0,0x69E4,0x71E4,0x6182,
  0x5941,0x69C3,0x61A2,0x5961,0x61A2,0x61C2,0x61A2,0x69E3,0x40A0,0x4902,0x6A05,0x3040,
  0x40A1,0x3881,0x48C2,0x61C5,0x4080,0x3860,0x3860,0x48C1,0x69C4,0x6163,0x6182,0x6182,
  0x69A2,0x69C2,0x69C2,0x69A1,0x6160,0x6160,0x6180,0x6180,0x6160,0x6981,0x6160,0x5920,
  0x6161,0x5961,0x5941,0x6182,0x5941,0x5961,0x6161,0x50E0,0x6161,0x61A2,0x5920,0x6160,
  0x5920,0x6160,0x69A1,0x6181,0x6160,0x6180,0x6961,0x6140,0x6981,0x5941,0x5981,0x59A2,
  0x38E0,0x5A41,0x6283,0x6263,0x61E2,0x4080,0x50C0,0x58C0,0x58A0,0x5060,0x4880,0x5101,
  0x38A0,0x3902,0x3942,0x30A1,0x38E2,0x2880,0x4123,0x4964,0x28A1,0x20C1,0x39C3,0x3183,
  0x2880,0x48A1,0x5881,0x5840,0x6061,0x5860,0x5040,0x5060,0x5080,0x5060,0x5081,0x50A1,
  0x3880,0x6A67,0x7B09,0x3921,0x4962,0x5182,0x3900,0x5A65,0x7BEB,0x72E8,0x40C1,0x4081,
  0x4061,0x4060,0x48E0,0x59E1,0x6262,0x5A40,0x6A82,0x59C1,0x3060,0x3880,0x4102,0x28A1,
  0x28E1,0x3984,0x3143,0x3143,0x3123,0x3984,0x2942,0x2942,0x3141,0x30C0,0x59A3,0x5962,
  0x6122,0x6162,0x5901,0x48C0,0x5941,0x6161,0x6141,0x6140,0x6961,0x6961,0x6140,0x6140,
  0x6140,0x6161,0x6140,0x6120,0x5900,0x5900,0x5920,0x6140,0x6140,0x6140,0x6140,0x6140,
  0x6161,0x6981,0x6981,0x6981,0x6161,0x5921,0x5983,0x59A4,0x30C1,0x3101,0x3963,0x3142,
  0x41E4,0x4205,0x39A3,0x3162,0x3182,0x2921,0x20C0,0x3920,0x4941,0x61C3,0x69E3,0x6181,
  0x5100,0x50E0,0x5142,0x38C1,0x30C1,0x28C1,0x20C1,0x6288,0x734B,0x6B0B,0x734C,0x6B4B,
  0x6B4B,0x6B0B,0x62CA,0x6B2B,0x734B,0x6AC9,0x3102,0x28A0,0x4121,0x4962,0x6225,0x51C5,
  0x3163,0x3963,0x3163,0x3963,0x3963,0x3983,0x3142,0x3142,0x3963,0x3983,0x3963,0x3142,
  0x3121,0x2080,0x28C1,0x3901,0x6226,0x59C4,0x4901,0x4900,0x5961,0x6A04,0x69E3,0x5982,
  0x61C4,0x6A05,0x6A04,0x61E4,0x61C3,0x61C3,0x69E4,0x69C3,0x61A3,0x69A3,0x6182,0x6182,
  0x69E3,0x6181,0x6181,0x69E2,0x61C2,0x69C2,0x69E2,0x69E2,0x40E0,0x5983,0x7266,0x5143,
  0x3020,0x3060,0x4902,0x7247,0x61E5,0x38A0,0x3860,0x3860,0x5963,0x6A05,0x6183,0x69C3,
  0x69C3,0x6181,0x69A2,0x69C2,0x6181,0x6181,0x6981,0x6180,0x6160,0x6180,0x6180,0x6160,
  0x6160,0x6160,0x6181,0x69A2,0x6161,0x5920,0x5941,0x5941,0x5920,0x5961,0x6181,0x6140,
  0x6160,0x6160,0x5960,0x6180,0x6180,0x6980,0x6960,0x6940,0x6141,0x5120,0x59A2,0x38E0,
  0x49A1,0x62A2,0x6262,0x6A64,0x4921,0x4080,0x58E0,0x5080,0x58A0,0x5060,0x50A0,0x40A0,
  0x3080,0x3942,0x2901,0x28A0,0x28A0,0x3943,0x4164,0x28C1,0x1840,0x2902,0x3983,0x28E1,
  0x30A0,0x50A1,0x5860,0x5840,0x5860,0x6060,0x5860,0x5060,0x5060,0x5860,0x58A1,0x58C2,
  0x3860,0x6226,0x7B4A,0x4162,0x4942,0x51A3,0x3900,0x49E3,0x7BAA,0x7B29,0x40E2,0x3840,
  0x4080,0x5962,0x6202,0x5201,0x49E0,0x6283,0x49A2,0x3080,0x3841,0x48E4,0x30A1,0x2060,
  0x3964,0x3184,0x2102,0x3143,0x3163,0x3143,0x3142,0x3142,0x30E0,0x38E0,0x61A3,0x6162,
  0x5921,0x6141,0x50C0,0x50E0,0x5921,0x6141,0x6141,0x6120,0x6140,0x6140,0x5920,0x5900,
  0x5920,0x6161,0x6140,0x6120,0x5920,0x5920,0x6120,0x6120,0x5920,0x5920,0x6140,0x6140,
  0x6981,0x6981,0x6981,0x6161,0x6181,0x6182,0x5982,0x4121,0x3101,0x3963,0x39A4,0x3183,
  0x31A4,0x31A3,0x31A3,0x3182,0x3182,0x2961,0x3982,0x3940,0x38E0,0x4920,0x6181,0x5940,
  0x48E0,0x40A0,0x3060,0x2040,0x2080,0x20A1,0x28E1,0x62C9,0x732A,0x736B,0x734B,0x6B0A,
  0x6B0A,0x6B0A,0x6B2B,0x6B2B,0x6B2B,0x62C9,0x3143,0x3143,0x3142,0x2901,0x3943,0x51E5,
  0x3963,0x3983,0x3983,0x3983,0x3142,0x3142,0x3142,0x3142,0x3963,0x3983,0x3142,0x2902,
  0x3142,0x41A3,0x28C1,0x28A0,0x51C4,0x6205,0x7225,0x6A04,0x5120,0x40C0,0x5961,0x61C3,
  0x5983,0x5982,0x5962,0x6183,0x61A3,0x6162,0x6182,0x69C3,0x69A3,0x69E4,0x6182,0x5141,
  0x5982,0x69E3,0x6A04,0x61C2,0x61A2,0x5982,0x61C3,0x6A24,0x61E3,0x6A04,0x61C4,0x61C5,
  0x38A1,0x3881,0x3040,0x5143,0x7268,0x5143,0x3040,0x3860,0x3880,0x5983,0x69C4,0x61C3,
  0x61A3,0x6182,0x6182,0x61A2,0x69A2,0x61A2,0x6181,0x6181,0x5960,0x6160,0x69C1,0x6981,
  0x6160,0x6160,0x6160,0x5940,0x6161,0x5940,0x50C0,0x6182,0x6182,0x5920,0x6141,0x6161,
  0x69A2,0x6181,0x5960,0x6180,0x69A1,0x6160,0x6100,0x6140,0x6141,0x6182,0x59C2,0x30C0,
  0x5202,0x49E1,0x6263,0x6A45,0x40A0,0x50C2,0x58C1,0x5080,0x5080,0x5080,0x5101,0x3060,
  0x2880,0x3983,0x20E0,0x1880,0x28C1,0x4A05,0x3122,0x2080,0x28A0,0x3963,0x3983,0x30E0,
  0x3880,0x5080,0x5820,0x5840,0x5880,0x5840,0x5040,0x5040,0x5040,0x5040,0x5061,0x58C2,
  0x3880,0x5A06,0x7B4A,0x4162,0x3901,0x51A3,0x3941,0x41C2,0x7B8A,0x7308,0x38C1,0x3840,
  0x5141,0x6A43,0x59E0,0x41A0,0x5AA3,0x41C2,0x2040,0x3081,0x48E4,0x4083,0x2881,0x3923,
  0x39A5,0x3164,0x2944,0x2923,0x2923,0x2922,0x3162,0x3982,0x30E0,0x4121,0x6182,0x6142,
  0x5921,0x5921,0x48C0,0x5900,0x5901,0x6121,0x5900,0x5900,0x6141,0x6141,0x5920,0x5920,
  0x6141,0x6141,0x6140,0x6140,0x5920,0x5920,0x5920,0x5920,0x5920,0x5900,0x5920,0x6140,
  0x6981,0x69A2,0x6981,0x6181,0x6161,0x69C2,0x5961,0x30A0,0x4183,0x3983,0x3183,0x4206,
  0x39E5,0x39E4,0x31A3,0x3162,0x3182,0x3162,0x4204,0x4204,0x4182,0x4120,0x5981,0x6181,
  0x69A1,0x6181,0x5141,0x4942,0x3963,0x20A0,0x2922,0x6B2A,0x736B,0x5AA8,0x41C4,0x39A4,
  0x20E1,0x4206,0x6B2A,0x630A,0x6B2B,0x5AC9,0x20E2,0x2922,0x39A4,0x3163,0x2901,0x30C1,
  0x3983,0x3984,0x3983,0x3983,0x3162,0x3142,0x3142,0x3142,0x3142,0x3142,0x3122,0x2902,
  0x2922,0x3163,0x3942,0x28A0,0x4942,0x6205,0x61E4,0x7224,0x6A03,0x5121,0x48E0,0x6182,
  0x61A3,0x6183,0x6983,0x6983,0x6983,0x6162,0x6142,0x6183,0x6183,0x5962,0x61A3,0x5962,
  0x40E0,0x4100,0x5162,0x5162,0x4921,0x4901,0x4901,0x5162,0x61C4,0x61E4,0x61E5,0x6A26,
  0x4102,0x38A1,0x38A1,0x3061,0x4924,0x40E2,0x3880,0x40A0,0x38A0,0x4900,0x4921,0x4901,
  0x5962,0x5962,0x61A2,0x5982,0x6182,0x6182,0x5962,0x61A3,0x69C2,0x69C1,0x69C2,0x6160,
  0x6160,0x6181,0x5920,0x6140,0x6141,0x6141,0x6141,0x6141,0x6161,0x6161,0x5940,0x6161,
  0x6182,0x5961,0x5981,0x61A1,0x6160,0x6140,0x6120,0x6140,0x6181,0x61C2,0x4100,0x4181,
  0x3980,0x3940,0x6264,0x5183,0x4081,0x58A2,0x5881,0x5880,0x5080,0x50C0,0x4902,0x2860,
  0x3102,0x3163,0x18A0,0x20A0,0x41A4,0x39C4,0x20E1,0x2901,0x28A0,0x3942,0x4183,0x30C0,
  0x4060,0x5080,0x5820,0x5020,0x5080,0x5860,0x5060,0x4840,0x4840,0x5040,0x4820,0x5081,
  0x40A1,0x5A06,0x7309,0x3942,0x3921,0x49C3,0x4162,0x5224,0x7B8A,0x5A25,0x30C0,0x59A1,
  0x6A62,0x6220,0x6262,0x5A62,0x41A2,0x3121,0x30C1,0x2840,0x40C2,0x3881,0x2880,0x3123,
  0x3164,0x2943,0x2123,0x2943,0x3143,0x3163,0x2901,0x3982,0x3921,0x4120,0x5941,0x6162,
  0x5962,0x5101,0x48C0,0x5921,0x5901,0x6121,0x6121,0x6121,0x6141,0x6141,0x5900,0x5920,
  0x6141,0x5941,0x5920,0x5920,0x5900,0x5920,0x5900,0x5900,0x5940,0x5920,0x5920,0x5940,
  0x6140,0x6161,0x6161,0x6161,0x6160,0x6181,0x5140,0x2840,0x2080,0x1880,0x20C0,0x2942,
  0x39C4,0x39E4,0x3183,0x3183,0x3162,0x3141,0x3163,0x3184,0x3963,0x3920,0x61C2,0x69C1,
  0x6980,0x6160,0x5961,0x59C3,0x51C4,0x20C0,0x41E5,0x738B,0x6B4A,0x5267,0x3983,0x4A26,
  0x39C4,0x62E9,0x6B2B,0x630A,0x6B4B,0x5AC9,0x20E1,0x18A0,0x1880,0x1880,0x20C1,0x2080,
  0x3963,0x3142,0x3142,0x3983,0x3162,0x3142,0x3142,0x3142,0x2922,0x3122,0x3963,0x3983,
  0x3142,0x3142,0x3942,0x28C0,0x38C0,0x6225,0x61C3,0x61E3,0x61C2,0x7223,0x6182,0x5120,
  0x69E4,0x6182,0x6982,0x6962,0x6962,0x6141,0x6161,0x6982,0x6182,0x6162,0x6182,0x69E4,
  0x6A04,0x5982,0x4921,0x4942,0x5121,0x5983,0x5983,0x5141,0x4941,0x5162,0x5142,0x59C5,
  0x40E2,0x3040,0x3881,0x3060,0x3060,0x4922,0x61C4,0x6A04,0x59C3,0x5982,0x5121,0x48E0,
  0x5141,0x5141,0x5121,0x5141,0x61C3,0x6183,0x5942,0x61A3,0x61A2,0x69C2,0x6181,0x6181,
  0x6181,0x5940,0x6161,0x6141,0x6140,0x6141,0x5920,0x5900,0x5920,0x6161,0x6161,0x5920,
  0x6181,0x6181,0x5940,0x6161,0x6161,0x5920,0x6140,0x6140,0x69E3,0x5161,0x30A0,0x5203,
  0x3960,0x5A22,0x6204,0x4080,0x50C2,0x5082,0x5860,0x58A0,0x50A0,0x50E1,0x38A0,0x2880,
  0x4185,0x2922,0x1880,0x3963,0x3983,0x2942,0x2902,0x20A0,0x28E1,0x4183,0x3901,0x3080,
  0x4060,0x5060,0x5820,0x5040,0x5080,0x5080,0x5860,0x4840,0x4840,0x5040,0x4820,0x5082,
  0x3860,0x59E5,0x734A,0x3962,0x3921,0x51E4,0x4182,0x41C3,0x5225,0x4160,0x51C1,0x6A62,
  0x6A62,0x6262,0x5A42,0x3981,0x20C0,0x4A04,0x6286,0x4101,0x3060,0x30A0,0x30C0,0x3142,
  0x3143,0x2943,0x2943,0x2923,0x2923,0x3143,0x3142,0x3162,0x28C0,0x4121,0x6182,0x6162,
  0x5962,0x5962,0x48E1,0x6142,0x5901,0x5901,0x6121,0x6141,0x6141,0x6121,0x5900,0x5900,
  0x5921,0x6141,0x5920,0x6120,0x5920,0x6140,0x6120,0x5920,0x6140,0x6140,0x6140,0x5940,
  0x5920,0x5920,0x5940,0x6141,0x6160,0x71E2,0x61C2,0x5182,0x49A3,0x4A05,0x4205,0x18C0,
  0x18C0,0x3183,0x3183,0x3983,0x39A3,0x3142,0x18A0,0x1080,0x20A0,0x28A0,0x5182,0x61A2,
  0x6161,0x5920,0x5120,0x4941,0x4963,0x28A0,0x41A4,0x734B,0x6B2A,0x734B,0x5AC9,0x5AA9,
  0x736C,0x6B0A,0x630A,0x6B0A,0x732B,0x62A9,0x3122,0x4184,0x5205,0x49C4,0x4163,0x4183,
  0x3143,0x2922,0x3983,0x3983,0x3142,0x3142,0x3142,0x3142,0x2902,0x2901,0x3142,0x3163,
  0x3142,0x3163,0x3142,0x3922,0x2880,0x4121,0x61E4,0x59A3,0x59A2,0x61C2,0x69E3,0x48C0,
  0x5982,0x69C3,0x6981,0x6181,0x6181,0x6181,0x6181,0x6181,0x6161,0x6181,0x5961,0x5961,
  0x6182,0x61A3,0x61A3,0x6183,0x61A3,0x5982,0x59A2,0x61C3,0x61C3,0x5162,0x4921,0x40C0,
  0x4942,0x5142,0x5163,0x59A4,0x59A4,0x6A05,0x6A04,0x61C3,0x5982,0x61C3,0x69E3,0x61A2,
  0x5982,0x5962,0x4920,0x40A0,0x4901,0x5142,0x48C0,0x48E0,0x5100,0x6182,0x61A2,0x61A2,
  0x61A2,0x5941,0x5941,0x5920,0x6141,0x6161,0x6981,0x6161,0x5920,0x6140,0x6161,0x5940,
  0x5961,0x61A2,0x5941,0x6141,0x6161,0x5940,0x5940,0x5940,0x69E2,0x4120,0x4161,0x6284,
  0x5202,0x59E3,0x40E0,0x4080,0x50A2,0x5061,0x5881,0x5080,0x4880,0x4902,0x3080,0x28A1,
  0x3944,0x28E1,0x3142,0x41A4,0x3122,0x28E1,0x3122,0x2080,0x3142,0x49A4,0x30C1,0x3880,
  0x5081,0x5860,0x5840,0x5060,0x5080,0x5080,0x5880,0x5060,0x5060,0x5061,0x5041,0x50A2,
  0x3880,0x59E5,0x7B6B,0x4182,0x3100,0x5A24,0x41A2,0x3120,0x49C2,0x5A43,0x6283,0x5A42,
  0x6262,0x49C1,0x3100,0x3940,0x5222,0x5A83,0x6283,0x6242,0x30C0,0x2880,0x3921,0x3983,
  0x3162,0x2963,0x2943,0x2902,0x3143,0x2902,0x3163,0x3983,0x3100,0x4982,0x61E3,0x5982,
  0x6A05,0x4100,0x40A0,0x5121,0x5901,0x6141,0x5901,0x5900,0x5920,0x6141,0x6141,0x6141,
  0x5920,0x6141,0x6120,0x6120,0x6140,0x6161,0x6140,0x6140,0x6161,0x5900,0x5900,0x5920,
  0x5920,0x5940,0x5940,0x6140,0x5940,0x5960,0x69E2,0x6A45,0x6A86,0x6AE8,0x4A05,0x2942,
  0x2922,0x3162,0x39A3,0x3983,0x39A3,0x3162,0x3142,0x41A4,0x41A4,0x38E1,0x4942,0x61C3,
  0x61C3,0x5982,0x61A3,0x59C4,0x59C4,0x30C1,0x3942,0x730A,0x730A,0x62EA,0x736C,0x6B0B,
  0x6AEB,0x62EA,0x6AEA,0x6B0A,0x730A,0x6288,0x3922,0x51E5,0x6A87,0x6225,0x51C4,0x4184,
  0x3163,0x2922,0x2922,0x3142,0x3142,0x2942,0x3122,0x3142,0x3142,0x3142,0x3163,0x3142,
  0x3142,0x3963,0x3122,0x3943,0x30E1,0x2860,0x59A3,0x61E4,0x59A2,0x61E3,0x61E3,0x3880,
  0x5141,0x5982,0x6180,0x61A0,0x61C1,0x61A1,0x6180,0x6180,0x6160,0x69A1,0x6160,0x6161,
  0x6181,0x6141,0x6141,0x6982,0x6181,0x6181,0x61A1,0x61C2,0x59A1,0x61C2,0x7224,0x6A04,
  0x6A04,0x6A04,0x69E3,0x61A2,0x61A2,0x61A2,0x5981,0x5961,0x5981,0x5981,0x5981,0x6182,
  0x69E3,0x69E3,0x5982,0x5141,0x5962,0x5961,0x5982,0x61C4,0x5162,0x4921,0x5141,0x4921,
  0x5142,0x5962,0x5941,0x6162,0x6161,0x6161,0x6982,0x6982,0x6161,0x6140,0x6161,0x5961,
  0x5120,0x6181,0x6161,0x5920,0x6161,0x5941,0x5961,0x61A1,0x5161,0x38E0,0x6243,0x6263,
  0x6AA5,0x5182,0x3880,0x50C1,0x4840,0x5060,0x5880,0x5080,0x48C1,0x40C1,0x2860,0x3103,
  0x28C1,0x28E1,0x41A4,0x30C1,0x2880,0x30C1,0x30C1,0x20A0,0x4183,0x41A4,0x30A0,0x4080,
  0x5081,0x5860,0x5840,0x5060,0x5080,0x5880,0x5880,0x5060,0x5060,0x5061,0x5040,0x50A1,
  0x3880,0x59E5,0x7B29,0x41A3,0x4161,0x3940,0x3981,0x49E2,0x5222,0x6263,0x6283,0x6284,
  0x41A1,0x20A0,0x41A2,0x5A63,0x41C0,0x5A61,0x6261,0x6261,0x6A82,0x3920,0x20A0,0x3981,
  0x3182,0x3183,0x2942,0x2902,0x3163,0x3163,0x2922,0x3183,0x3141,0x3900,0x61E3,0x7AC7,
  0x59C3,0x3900,0x4100,0x4900,0x5921,0x5900,0x5900,0x5900,0x5900,0x5920,0x6161,0x6141,
  0x5920,0x6120,0x5920,0x6120,0x5920,0x6141,0x5920,0x5920,0x6141,0x5920,0x5900,0x5920,
  0x6140,0x6161,0x6161,0x5920,0x6161,0x5940,0x5141,0x6204,0x5A05,0x3962,0x1880,0x39A3,
  0x41E4,0x3162,0x3983,0x39A3,0x39C3,0x3983,0x3101,0x4983,0x5A05,0x51C4,0x4983,0x4142,
  0x3901,0x30E1,0x4142,0x3922,0x4983,0x3901,0x49A4,0x7B0A,0x6AE9,0x6B0B,0x62CA,0x62EA,
  0x62CA,0x6B2B,0x6AEA,0x730B,0x732B,0x62A8,0x28C1,0x30C0,0x30C0,0x30A0,0x30C0,0x3101,
  0x3163,0x20E1,0x20C1,0x20C1,0x2922,0x3163,0x3142,0x3142,0x3143,0x3963,0x3963,0x3142,
  0x3983,0x3142,0x3142,0x3122,0x3943,0x30E1,0x30A0,0x51A3,0x59C4,0x6204,0x7245,0x5141,
  0x5121,0x61A3,0x5960,0x6181,0x61C1,0x61A1,0x61A0,0x6180,0x6160,0x5960,0x6160,0x6181,
  0x6981,0x6981,0x6982,0x6982,0x6181,0x61A1,0x6181,0x61A1,0x69E2,0x69E2,0x5981,0x69C2,
  0x6181,0x6181,0x61A1,0x5940,0x5960,0x5960,0x61A1,0x61A1,0x6181,0x6160,0x61A1,0x6181,
  0x6181,0x61A2,0x69E3,0x6182,0x5961,0x61C2,0x69C3,0x61A2,0x61E4,0x59E5,0x6225,0x59C4,
  0x5142,0x40C0,0x5101,0x69A3,0x6182,0x6161,0x5941,0x6141,0x6161,0x6161,0x6181,0x6181,
  0x5100,0x6161,0x6141,0x6120,0x6141,0x6161,0x61A1,0x6A22,0x4121,0x3920,0x6282,0x6262,
  0x72A5,0x40C0,0x48A1,0x4860,0x5080,0x5880,0x5060,0x50A0,0x5143,0x30A0,0x28A1,0x4185,
  0x28E2,0x3122,0x3922,0x3060,0x3880,0x48E2,0x3080,0x28C1,0x41A4,0x3962,0x3080,0x4080,
  0x5081,0x5840,0x5860,0x5860,0x5880,0x5880,0x5060,0x5060,0x5060,0x5861,0x5040,0x50A1,
  0x40A0,0x51A4,0x7B6A,0x5204,0x28C0,0x49A1,0x5222,0x3960,0x4980,0x5A63,0x5203,0x3120,
  0x20A0,0x28E0,0x5A64,0x5202,0x51E0,0x6AA2,0x5A60,0x6AA2,0x5A62,0x51E1,0x3140,0x2920,
  0x18E0,0x2941,0x3183,0x3142,0x3122,0x3143,0x3163,0x3162,0x20E0,0x3121,0x59E4,0x51A2,
  0x30C0,0x6244,0x59A3,0x40C0,0x6181,0x58E0,0x5900,0x6140,0x5920,0x5920,0x6140,0x6140,
  0x6120,0x6140,0x6120,0x6140,0x5920,0x6141,0x6120,0x6140,0x6161,0x6140,0x5920,0x5900,
  0x5920,0x6140,0x6140,0x5940,0x5100,0x5962,0x48E0,0x30A0,0x4142,0x41A4,0x3162,0x2901,
  0x3162,0x41C3,0x39C3,0x39A3,0x41C3,0x39A3,0x3121,0x30C0,0x30C0,0x28C0,0x3142,0x2902,
  0x2901,0x3142,0x3101,0x3101,0x4183,0x3101,0x49E5,0x732A,0x6B0A,0x62EA,0x62CA,0x734C,
  0x734C,0x62CA,0x6AEA,0x734B,0x734B,0x6288,0x28C1,0x3102,0x3963,0x3942,0x4183,0x3163,
  0x2922,0x2922,0x4A05,0x39A4,0x2901,0x3163,0x3983,0x3163,0x3142,0x3163,0x3143,0x3142,
  0x3162,0x3142,0x3143,0x3122,0x30E2,0x3102,0x2880,0x30C1,0x4942,0x4942,0x6205,0x6A05,
  0x4901,0x5983,0x6182,0x6141,0x6162,0x6161,0x6161,0x69A2,0x6161,0x5940,0x69C2,0x69E3,
  0x6181,0x5961,0x61A2,0x61A2,0x61A2,0x69A2,0x6181,0x6181,0x69A2,0x69A2,0x6181,0x5941,
  0x5941,0x6181,0x69A2,0x69A1,0x69A1,0x69A1,0x71C1,0x69C1,0x71C2,0x69A1,0x69A1,0x6181,
  0x6160,0x69A1,0x6181,0x5960,0x6161,0x6181,0x61A2,0x5140,0x38C0,0x3902,0x3902,0x4102,
  0x5183,0x59A3,0x4921,0x4900,0x6182,0x61A2,0x6182,0x6161,0x6181,0x69A1,0x6181,0x5980,
  0x5940,0x6140,0x6141,0x6141,0x6161,0x6181,0x61C2,0x59E1,0x3900,0x5202,0x6262,0x6282,
  0x51A1,0x3040,0x48A1,0x4860,0x58A0,0x58A0,0x5080,0x50C1,0x40E1,0x28A0,0x3943,0x3984,
  0x28E1,0x28E1,0x28A0,0x40A1,0x50E2,0x50C2,0x3040,0x30E1,0x39A3,0x2901,0x2880,0x40A1,
  0x5080,0x5840,0x5860,0x5040,0x5860,0x5860,0x5060,0x5040,0x5060,0x5060,0x5040,0x5081,
  0x4080,0x5183,0x6245,0x3920,0x51C2,0x6264,0x49E1,0x49A0,0x5A03,0x51E3,0x28C0,0x28E0,
  0x2920,0x3120,0x5222,0x4180,0x5A22,0x4961,0x4140,0x6283,0x5A43,0x62A4,0x5A84,0x39C1,
  0x2120,0x20E0,0x2101,0x2902,0x2902,0x3123,0x2102,0x2101,0x2100,0x28C0,0x4121,0x38E0,
  0x5A44,0x5A44,0x3900,0x4920,0x5961,0x5900,0x6140,0x6160,0x5940,0x5920,0x5940,0x6140,
  0x6140,0x6140,0x6120,0x6141,0x6120,0x6161,0x6140,0x6120,0x6161,0x6140,0x5920,0x5920,
  0x5920,0x5920,0x5920,0x6141,0x5100,0x40A0,0x3880,0x4102,0x4143,0x3922,0x3963,0x20E0,
  0x2921,0x4A04,0x41E3,0x3182,0x3182,0x39A3,0x41C3,0x41A3,0x2901,0x28E1,0x39A4,0x39E5,
  0x39A3,0x39C3,0x3162,0x3962,0x41C3,0x20C0,0x4206,0x634C,0x632B,0x630A,0x6B2A,0x6B0A,
  0x6B0A,0x630A,0x6B2A,0x62EA,0x6B4B,0x5288,0x18C1,0x2943,0x39C5,0x3163,0x2922,0x2943,
  0x20E1,0x39A4,0x5247,0x41E5,0x28E1,0x2901,0x3983,0x3983,0x3163,0x3963,0x3143,0x3142,
  0x2922,0x3142,0x3143,0x3102,0x2080,0x30E2,0x49C4,0x3922,0x28A0,0x2860,0x2880,0x4963,
  0x4122,0x5122,0x6183,0x6142,0x5921,0x5941,0x61A3,0x61A2,0x6182,0x5982,0x5961,0x5982,
  0x69C3,0x61A2,0x5941,0x5941,0x61A2,0x6181,0x6181,0x69A2,0x6181,0x5940,0x6182,0x6162,
  0x6162,0x5941,0x6181,0x6181,0x6160,0x71C1,0x71C2,0x6981,0x6160,0x5920,0x6161,0x6182,
  0x5981,0x5982,0x61C3,0x61C3,0x61C3,0x69C2,0x69C2,0x69E2,0x38C0,0x30C1,0x4122,0x30C1,
  0x30A1,0x4101,0x5183,0x4901,0x48E0,0x61A3,0x61A2,0x5961,0x6181,0x6181,0x5940,0x5960,
  0x6160,0x6120,0x6120,0x6141,0x6981,0x5981,0x61E3,0x4162,0x3920,0x6282,0x6262,0x6A63,
  0x3880,0x48A0,0x5081,0x50A1,0x4840,0x5080,0x5902,0x40C1,0x2040,0x20A0,0x41A5,0x3122,
  0x2080,0x2880,0x38A0,0x4881,0x58C2,0x4060,0x2820,0x3122,0x3983,0x28E1,0x3080,0x4880,
  0x5040,0x5040,0x5040,0x5000,0x5020,0x5020,0x5840,0x5020,0x5020,0x5040,0x4840,0x4880,
  0x40C0,0x30A0,0x4160,0x6243,0x6263,0x5A01,0x6283,0x6AA5,0x4161,0x2880,0x3101,0x3962,
  0x3120,0x41C1,0x5223,0x51C2,0x59E3,0x38C0,0x2860,0x3080,0x5A03,0x6264,0x5A22,0x6283,
  0x5AA3,0x4A22,0x3160,0x2900,0x20C0,0x20C0,0x1880,0x28E0,0x3120,0x3100,0x59E2,0x6A84,
  0x6284,0x5A43,0x5180,0x61C2,0x48C0,0x5920,0x5940,0x5900,0x5920,0x6161,0x6181,0x6182,
  0x6182,0x6182,0x5921,0x5920,0x5920,0x5941,0x5920,0x5941,0x6181,0x6182,0x69A2,0x6982,
  0x6161,0x5920,0x5900,0x5920,0x6162,0x5922,0x59C4,0x51C4,0x49E5,0x5246,0x3163,0x20E0,
  0x41C4,0x41E4,0x39C3,0x39A3,0x3182,0x31A2,0x39A3,0x3982,0x3962,0x28E1,0x2922,0x3163,
  0x3163,0x3962,0x28E0,0x20C0,0x3142,0x20E0,0x4A67,0x634C,0x5B0B,0x6B2B,0x6B2A,0x62E9,
  0x62E9,0x734B,0x6B4B,0x736B,0x6B4B,0x5288,0x18C1,0x2102,0x2943,0x2922,0x2963,0x2122,
  0x3983,0x4A26,0x4A26,0x5247,0x49E5,0x3122,0x28E1,0x3163,0x3142,0x3143,0x3122,0x3122,
  0x3122,0x3142,0x30E2,0x2080,0x4163,0x5226,0x3942,0x28C0,0x3101,0x3101,0x3102,0x28C0,
  0x30C1,0x2880,0x40E1,0x61C4,0x5122,0x48E1,0x61C4,0x5983,0x61C3,0x61C3,0x59A3,0x5983,
  0x5962,0x5941,0x6162,0x6162,0x6161,0x5941,0x5961,0x6161,0x5940,0x6141,0x6161,0x69A2,
  0x69E3,0x5941,0x6181,0x6181,0x6181,0x6981,0x6961,0x6961,0x6962,0x5941,0x5101,0x40E1,
  0x30A0,0x38C1,0x4943,0x4963,0x59A4,0x61C3,0x69C2,0x69E2,0x61E3,0x38E1,0x4163,0x59C5,
  0x6206,0x4943,0x40E2,0x61E5,0x40C1,0x40E1,0x6183,0x6182,0x6182,0x6181,0x6161,0x6161,
  0x6140,0x6140,0x6140,0x6161,0x61A0,0x59A1,0x51A3,0x30C0,0x49A1,0x6A83,0x6A83,0x5141,
  0x4080,0x50A0,0x5060,0x4860,0x4881,0x48C2,0x40C2,0x2860,0x20C1,0x20E1,0x3983,0x28C1,
  0x2860,0x40A1,0x4881,0x4841,0x4881,0x3040,0x30C1,0x4184,0x3142,0x30A0,0x40A0,0x4860,
  0x4820,0x5020,0x5040,0x5041,0x5041,0x5820,0x6040,0x5840,0x4800,0x4860,0x48A0,0x3880,
  0x38A0,0x4980,0x6242,0x6262,0x6241,0x6262,0x59E1,0x4101,0x30A0,0x4122,0x3942,0x3941,
  0x28E0,0x5222,0x49C2,0x4141,0x4943,0x3880,0x38A0,0x3860,0x3020,0x5143,0x7264,0x6A61,
  0x6260,0x5A81,0x5A82,0x5A82,0x4A41,0x4A21,0x5202,0x6244,0x6A84,0x6A83,0x6A82,0x6A62,
  0x6263,0x5A02,0x5980,0x6A03,0x61C2,0x61C3,0x6182,0x6181,0x69C2,0x6A03,0x5182,0x4122,
  0x4963,0x5983,0x6183,0x6162,0x5941,0x5982,0x59A2,0x61E3,0x59C3,0x61C3,0x69E3,0x69C3,
  0x6982,0x5900,0x5900,0x5920,0x58E0,0x5922,0x4921,0x28C0,0x2921,0x2121,0x2121,0x18C0,
  0x39A3,0x4205,0x31A3,0x31A2,0x31A3,0x41E3,0x39A2,0x3142,0x28E1,0x20A0,0x30C2,0x30C2,
  0x30E2,0x30C1,0x3901,0x30E1,0x28E0,0x20C0,0x5A88,0x62EA,0x62EB,0x6B0B,0x5AA9,0x62C9,
  0x736C,0x6B2A,0x5A88,0x5287,0x734B,0x62A9,0x20C1,0x28E2,0x3984,0x3122,0x2901,0x2942,
  0x5A88,0x4A06,0x4A26,0x5226,0x5A67,0x41E5,0x20C1,0x3122,0x3143,0x3143,0x3123,0x3122,
  0x3122,0x3963,0x2080,0x28C1,0x5205,0x3942,0x3101,0x3101,0x3122,0x3142,0x3963,0x3942,
  0x30E2,0x28A0,0x38C1,0x4943,0x61E5,0x3880,0x38A0,0x4101,0x4922,0x4942,0x4922,0x5983,
  0x5983,0x5962,0x6162,0x6162,0x6161,0x6182,0x6181,0x6161,0x6981,0x6982,0x6161,0x5961,
  0x5982,0x5962,0x5982,0x5141,0x5982,0x61C3,0x69E3,0x6162,0x5962,0x61C3,0x61C4,0x5183,
  0x4102,0x30A0,0x2020,0x3080,0x4122,0x4962,0x61C3,0x61E3,0x6204,0x51A4,0x4122,0x38C0,
  0x38E1,0x40E1,0x38C1,0x59A4,0x61C4,0x40A1,0x48E0,0x5121,0x5941,0x6162,0x6982,0x6141,
  0x6120,0x6980,0x6981,0x6981,0x5960,0x61E3,0x3901,0x3920,0x6263,0x6A63,0x59C2,0x3840,
  0x50C1,0x50A0,0x4860,0x4881,0x50E2,0x3861,0x2840,0x3923,0x20C1,0x3122,0x2901,0x2880,
  0x3060,0x4061,0x4861,0x5082,0x48A2,0x3060,0x30E1,0x4184,0x3122,0x3080,0x48A1,0x5080,
  0x5040,0x5040,0x5061,0x5041,0x5041,0x5861,0x5861,0x5061,0x5081,0x4880,0x4080,0x40E0,
  0x59C1,0x6222,0x6242,0x6A83,0x6263,0x49A1,0x30C0,0x38E1,0x4122,0x3921,0x3100,0x3100,
  0x3940,0x5A42,0x49A1,0x4962,0x40C2,0x3840,0x48C1,0x40A0,0x4061,0x3840,0x5142,0x59C1,
  0x6241,0x6262,0x5A42,0x6282,0x6283,0x62A3,0x6A83,0x6A64,0x6A44,0x6202,0x5180,0x5A01,
  0x6AA4,0x4960,0x59A1,0x6A64,0x7286,0x5A04,0x4101,0x5162,0x4921,0x38E0,0x30E0,0x28E1,
  0x3101,0x30E1,0x4102,0x4922,0x4101,0x4142,0x4141,0x3921,0x30E0,0x40E0,0x5962,0x69A2,
  0x6982,0x6140,0x6140,0x5900,0x6101,0x5902,0x38A0,0x28C0,0x39A3,0x31A3,0x2962,0x2942,
  0x41C4,0x39C4,0x3183,0x31A3,0x3182,0x39C3,0x41C3,0x20E0,0x3121,0x5205,0x51C5,0x51A4,
  0x51A4,0x59C4,0x5A05,0x6265,0x41A2,0x20C0,0x6B2A,0x6B4B,0x6B4B,0x6B0B,0x5AA9,0x7BCD,
  0x5267,0x2902,0x2101,0x20E1,0x41E5,0x5267,0x20C1,0x20C1,0x3963,0x28E1,0x28E1,0x20C1,
  0x41E5,0x4A26,0x5267,0x4A26,0x5226,0x41C5,0x20C1,0x3143,0x3963,0x3143,0x3963,0x3963,
  0x3963,0x28C1,0x3102,0x4184,0x3922,0x28C0,0x3122,0x3963,0x3122,0x2901,0x3122,0x3102,
  0x30E1,0x3902,0x4102,0x2840,0x59A4,0x5183,0x38A0,0x3080,0x2820,0x2860,0x30A0,0x38C0,
  0x3880,0x4901,0x69A3,0x6182,0x6982,0x6982,0x6161,0x6982,0x6982,0x5921,0x5121,0x48E0,
  0x40C0,0x40E1,0x38E1,0x3080,0x38C0,0x4941,0x4901,0x5141,0x59A3,0x59A3,0x59C3,0x6204,
  0x59E4,0x59C4,0x4102,0x2860,0x2860,0x2880,0x30C0,0x4983,0x59E4,0x6A26,0x61E5,0x61E5,
  0x59A4,0x5163,0x59C4,0x4942,0x59A4,0x6A05,0x5162,0x40A0,0x48C0,0x5962,0x5921,0x6141,
  0x6120,0x6981,0x6160,0x5960,0x5981,0x59A3,0x30C0,0x51E3,0x6243,0x5A02,0x3080,0x40A1,
  0x4080,0x48A0,0x50E1,0x5102,0x3840,0x3061,0x4123,0x3102,0x2902,0x3963,0x28A0,0x30A0,
  0x40A1,0x4861,0x5041,0x5081,0x40A1,0x2860,0x3102,0x4184,0x30E1,0x3880,0x48A1,0x5060,
  0x5040,0x5840,0x5060,0x5040,0x5061,0x4841,0x4861,0x48A1,0x40A0,0x3880,0x5141,0x59C2,
  0x4960,0x49A1,0x6264,0x6244,0x4141,0x28C0,0x3901,0x3941,0x3101,0x3121,0x3941,0x3140,
  0x4A02,0x5A43,0x4981,0x5163,0x40C2,0x3861,0x3840,0x4060,0x48A1,0x48A2,0x4082,0x40C1,
  0x38C0,0x4941,0x59C2,0x59E2,0x4960,0x51A1,0x5181,0x4101,0x40E1,0x40E0,0x30A0,0x5A02,
  0x6284,0x3100,0x6202,0x6265,0x49A3,0x28C0,0x28C0,0x28A0,0x28C0,0x3942,0x3983,0x3983,
  0x3983,0x3982,0x3942,0x3122,0x20A0,0x20C0,0x2921,0x3142,0x4162,0x3920,0x5161,0x6182,
  0x6141,0x6120,0x6120,0x6100,0x58E0,0x5102,0x38C0,0x28C0,0x39A3,0x39C3,0x39C4,0x3983,
  0x3163,0x3163,0x3983,0x39C3,0x39A3,0x39A3,0x39C3,0x39A2,0x41C2,0x5204,0x6225,0x59A3,
  0x61C3,0x61E3,0x59C3,0x5203,0x3120,0x2920,0x6B49,0x62C8,0x5AC8,0x62EA,0x7BAC,0x4A46,
  0x2901,0x3163,0x4A05,0x41E4,0x20E1,0x2902,0x20A1,0x20C1,0x1880,0x1880,0x1880,0x1880,
  0x20A0,0x3984,0x5AA8,0x5246,0x5226,0x4A06,0x3122,0x3122,0x3122,0x3122,0x3163,0x3122,
  0x3943,0x28C1,0x41A4,0x49A4,0x28C1,0x3942,0x3101,0x3122,0x2922,0x3142,0x3143,0x3122,
  0x28E1,0x28A0,0x3922,0x30A1,0x4963,0x6206,0x59C4,0x4963,0x30C1,0x3080,0x3080,0x2840,
  0x4102,0x5142,0x48E0,0x5101,0x69A3,0x6162,0x69A3,0x6163,0x48E1,0x5962,0x6A05,0x6A05,
  0x59A4,0x59A4,0x4943,0x30A0,0x3080,0x2860,0x2840,0x3060,0x4901,0x5982,0x5982,0x61A2,
  0x5982,0x5962,0x5142,0x40E2,0x38C1,0x5184,0x3081,0x30A1,0x4101,0x40E0,0x59A3,0x59A3,
  0x5162,0x5142,0x40E1,0x4942,0x4901,0x4901,0x61A3,0x69E5,0x48E1,0x4901,0x5942,0x6121,
  0x6141,0x6961,0x5940,0x5140,0x61E3,0x4121,0x3900,0x4141,0x4961,0x4961,0x3060,0x48C1,
  0x40A0,0x4901,0x40E1,0x3060,0x30A1,0x4984,0x3943,0x20A1,0x3943,0x3102,0x2880,0x40C1,
  0x48A1,0x5861,0x5020,0x48A1,0x38A1,0x2880,0x3123,0x3943,0x30A1,0x4081,0x5081,0x5040,
  0x5840,0x5840,0x5060,0x5060,0x5080,0x48A1,0x40C0,0x38A0,0x38A0,0x5181,0x6263,0x49C1,
  0x4180,0x5203,0x49C3,0x30E0,0x28C0,0x3101,0x3942,0x4162,0x3121,0x3941,0x3100,0x3140,
  0x49E2,0x5A43,0x4161,0x4942,0x3040,0x40C2,0x40A0,0x48E0,0x3880,0x3841,0x4862,0x50A2,
  0x4860,0x4040,0x4040,0x48A0,0x4880,0x3820,0x4080,0x3880,0x38A1,0x38C0,0x30C0,0x6264,
  0x5A44,0x3900,0x6223,0x5A25,0x3122,0x2902,0x39C5,0x3983,0x3983,0x3182,0x3183,0x31A3,
  0x31A3,0x3162,0x3983,0x3163,0x18A0,0x20E1,0x31A3,0x39C3,0x41C3,0x30E1,0x3900,0x5162,
  0x5982,0x6182,0x5920,0x5100,0x5100,0x5143,0x4142,0x3121,0x41E4,0x39C3,0x3983,0x3963,
  0x3983,0x3983,0x3183,0x3182,0x3183,0x39A3,0x39A3,0x39C3,0x3161,0x3920,0x61E4,0x61A3,
  0x69E4,0x61E3,0x51A2,0x4982,0x3100,0x3983,0x41E4,0x2942,0x2942,0x2942,0x3163,0x2101,
  0x4204,0x4A25,0x41E4,0x41E4,0x5267,0x39A4,0x20A1,0x41A5,0x49C5,0x3964,0x41A5,0x41A5,
  0x41E5,0x41E5,0x5A67,0x4A26,0x5226,0x5267,0x3963,0x3122,0x3143,0x3963,0x3143,0x3122,
  0x3122,0x20A0,0x4184,0x3122,0x30E1,0x3963,0x3102,0x3142,0x3142,0x2942,0x3142,0x2902,
  0x2902,0x28A1,0x3902,0x4143,0x3902,0x51A4,0x59C5,0x59C5,0x51A5,0x4123,0x30A1,0x2840,
  0x4922,0x59A4,0x5142,0x5121,0x40A0,0x5122,0x5122,0x5143,0x5143,0x4902,0x5143,0x5984,
  0x59A4,0x6205,0x6A25,0x59C4,0x5162,0x38E0,0x40E1,0x3880,0x3880,0x40A0,0x48E0,0x5941,
  0x6182,0x5942,0x5102,0x5943,0x48E2,0x3881,0x59A5,0x6207,0x5184,0x48E1,0x4921,0x40E0,
  0x4921,0x61C3,0x59A3,0x61E4,0x61E3,0x5982,0x40C0,0x5142,0x5963,0x40C0,0x5942,0x6121,
  0x6121,0x6141,0x5960,0x5980,0x59C4,0x30A0,0x51A2,0x4140,0x4981,0x4921,0x40A1,0x4080,
  0x48E1,0x40E1,0x2880,0x2880,0x4163,0x4184,0x20C1,0x28C1,0x4184,0x28A0,0x3080,0x48C1,
  0x5060,0x5861,0x5020,0x48A1,0x30A1,0x28C1,0x3943,0x30E2,0x3060,0x4061,0x5081,0x5840,
  0x5840,0x5060,0x5060,0x4880,0x48A0,0x40A0,0x3080,0x4140,0x6243,0x6262,0x5A62,0x5A83,
  0x5A64,0x4182,0x28A0,0x3101,0x3942,0x3942,0x3921,0x3921,0x4163,0x3922,0x3921,0x30E0,
  0x51E3,0x51E2,0x4961,0x4942,0x3040,0x5984,0x7265,0x7264,0x5182,0x3860,0x4861,0x4840,
  0x5080,0x58C1,0x4840,0x5041,0x5062,0x4841,0x50A2,0x4881,0x38A1,0x30A1,0x3920,0x6284,
  0x51E2,0x51A2,0x6A44,0x5A04,0x30E1,0x2902,0x3164,0x3143,0x2922,0x10A0,0x10A0,0x1921,
  0x2101,0x2941,0x3142,0x3183,0x3183,0x3183,0x2982,0x2962,0x39A3,0x3142,0x2901,0x3101,
  0x4121,0x4962,0x4942,0x5162,0x59C4,0x59A4,0x30E1,0x28E0,0x39A3,0x2942,0x2901,0x3122,
  0x3943,0x3983,0x3983,0x3162,0x39A3,0x39A3,0x3182,0x20E0,0x20C0,0x4962,0x5121,0x48C0,
  0x5921,0x5962,0x5162,0x49A3,0x3101,0x3142,0x20C1,0x3183,0x41E5,0x3162,0x3162,0x5245,
  0x4204,0x39C3,0x3182,0x20E0,0x3163,0x3122,0x28C1,0x5206,0x5A27,0x49A5,0x4984,0x4985,
  0x5247,0x4A26,0x4A26,0x5267,0x5A67,0x5246,0x3143,0x28E1,0x3122,0x3163,0x3122,0x3963,
  0x3143,0x20C1,0x3963,0x3102,0x3943,0x3142,0x28E1,0x2922,0x2922,0x2922,0x2922,0x2902,
  0x2922,0x28E1,0x2880,0x30C1,0x30A0,0x4122,0x4943,0x59C5,0x51A5,0x59E6,0x59E6,0x4102,
  0x3080,0x4942,0x61C4,0x61C4,0x61E5,0x5163,0x5143,0x4922,0x4102,0x4922,0x38A0,0x3880,
  0x40C1,0x4901,0x4901,0x5163,0x59A3,0x61C4,0x59A4,0x61C5,0x69E5,0x5943,0x5101,0x5901,
  0x50E0,0x5901,0x50E1,0x50E2,0x5123,0x48E2,0x38A2,0x5144,0x4902,0x5962,0x69E4,0x6A04,
  0x6A04,0x61C3,0x61E3,0x61C3,0x61E3,0x61E4,0x61C4,0x40A0,0x4902,0x4902,0x48E1,0x6121,
  0x5900,0x5941,0x5980,0x59A1,0x4121,0x38E0,0x6264,0x6A64,0x59E3,0x40E1,0x40A1,0x48C1,
  0x40C1,0x2880,0x30C0,0x3963,0x3963,0x28E1,0x20E1,0x3143,0x3943,0x3080,0x40A0,0x48A0,
  0x5060,0x6041,0x5861,0x40A1,0x2880,0x3102,0x3943,0x28A1,0x3060,0x4882,0x5061,0x5840,
  0x5040,0x5060,0x4880,0x4880,0x48C0,0x40E0,0x59E1,0x6A62,0x6242,0x6283,0x6284,0x4A03,
  0x2901,0x28C0,0x3101,0x30E1,0x3901,0x3901,0x3900,0x3901,0x4102,0x4123,0x3901,0x4162,
  0x51E3,0x51E2,0x4961,0x51A3,0x38E1,0x59C4,0x6223,0x6242,0x5A23,0x4141,0x38C0,0x38C0,
  0x40E0,0x4900,0x3860,0x3820,0x3820,0x3820,0x4060,0x3840,0x3881,0x3061,0x4962,0x6244,
  0x4100,0x59A2,0x6A03,0x6204,0x4142,0x28E2,0x3102,0x28A0,0x3942,0x3142,0x39A4,0x39C4,
  0x18A0,0x28E0,0x3962,0x3182,0x3162,0x3183,0x2982,0x3183,0x3183,0x31A3,0x3183,0x3142,
  0x3962,0x3963,0x4162,0x3922,0x3901,0x38E1,0x28C0,0x2921,0x3182,0x20E0,0x2902,0x2901,
  0x28C0,0x3142,0x39A3,0x31A3,0x41E4,0x39A3,0x3983,0x2943,0x28E1,0x59E4,0x69E4,0x6162,
  0x50E0,0x4080,0x38A0,0x3901,0x28E1,0x2922,0x20E2,0x4A26,0x4A26,0x39C4,0x39A3,0x39C3,
  0x31A2,0x41E3,0x2100,0x41E4,0x734A,0x49C4,0x28A1,0x28A1,0x28A1,0x4143,0x38E2,0x30A0,
  0x5246,0x5A88,0x5267,0x4A05,0x3143,0x28E1,0x20C1,0x2902,0x3963,0x3963,0x3122,0x3122,
  0x28E2,0x28E1,0x3143,0x28E2,0x3943,0x2902,0x20A0,0x20E1,0x18C0,0x18C1,0x2902,0x2902,
  0x3143,0x3122,0x2880,0x3901,0x4122,0x30A0,0x4102,0x5163,0x38C1,0x4102,0x5164,0x59C5,
  0x38E2,0x3080,0x59A3,0x61C4,0x61E3,0x61C3,0x59A3,0x59A4,0x5163,0x4102,0x4101,0x4922,
  0x5163,0x5163,0x4922,0x4942,0x4922,0x4922,0x5143,0x5164,0x61C5,0x61A5,0x5142,0x48C0,
  0x4080,0x3840,0x4080,0x4080,0x48E2,0x5144,0x5143,0x3080,0x3880,0x6183,0x69E4,0x61A3,
  0x69E3,0x69E3,0x61C2,0x61C2,0x61E3,0x61A3,0x61A3,0x61E4,0x40C1,0x40E1,0x5922,0x6101,
  0x6120,0x6161,0x59A0,0x51A1,0x30A0,0x51E3,0x6A83,0x6243,0x5183,0x38A0,0x48E2,0x40A0,
  0x3060,0x28A0,0x3963,0x3943,0x3143,0x2901,0x20E1,0x41C4,0x30E1,0x38A0,0x48C1,0x4880,
  0x5881,0x5840,0x5881,0x40A1,0x2060,0x3923,0x3943,0x2880,0x3861,0x50A2,0x5081,0x5060,
  0x5080,0x48A0,0x40A0,0x48E0,0x4900,0x61E1,0x6A62,0x6241,0x6242,0x6243,0x49A2,0x28C0,
  0x30E1,0x4143,0x4163,0x3922,0x30C0,0x3900,0x4161,0x4122,0x4103,0x4102,0x4101,0x4142,
  0x59E4,0x49A1,0x4981,0x4962,0x38E1,0x4921,0x38E0,0x51E0,0x5A42,0x6264,0x5204,0x5204,
  0x51E4,0x5A03,0x6224,0x61E5,0x48E2,0x3040,0x3860,0x3880,0x40E2,0x3081,0x51A3,0x59E2,
  0x5981,0x61A2,0x69A2,0x69C3,0x4942,0x2860,0x30C0,0x51A3,0x59E4,0x49C3,0x5A66,0x5267,
  0x28E1,0x3101,0x3142,0x2921,0x2942,0x3163,0x2942,0x2963,0x2963,0x2942,0x2942,0x3163,
  0x39A4,0x41A4,0x49C4,0x3962,0x28C0,0x3101,0x3983,0x31A3,0x2962,0x2942,0x5267,0x4A05,
  0x20A0,0x3142,0x39A3,0x31A3,0x39C4,0x41C4,0x39A4,0x4A05,0x3942,0x4100,0x6182,0x6162,
  0x69A2,0x5962,0x59A4,0x3922,0x28E1,0x3143,0x2922,0x39A4,0x2922,0x2921,0x39C3,0x39C3,
  0x3182,0x41E3,0x3982,0x3162,0x6B09,0x5A67,0x4143,0x4143,0x38C1,0x38A0,0x40E1,0x40E1,
  0x5247,0x49E5,0x3963,0x3122,0x20C1,0x3142,0x3984,0x3163,0x3143,0x3163,0x3143,0x28E1,
  0x3143,0x2902,0x3122,0x3122,0x2080,0x2902,0x3984,0x39A4,0x39A4,0x2922,0x2922,0x2922,
  0x2902,0x3102,0x28A0,0x4962,0x6205,0x5163,0x4901,0x40E1,0x4922,0x4922,0x38A0,0x3081,
  0x5163,0x30A0,0x5142,0x61A3,0x6181,0x69A1,0x5981,0x5982,0x61E3,0x59A3,0x4101,0x38A0,
  0x4101,0x38C0,0x4922,0x4942,0x30A0,0x3080,0x2840,0x3060,0x40C1,0x4923,0x4922,0x38C1,
  0x30A0,0x3060,0x38A1,0x4943,0x40E1,0x38A0,0x40E0,0x4921,0x5962,0x61A3,0x61A2,0x61A2,
  0x61A2,0x69C2,0x61C2,0x61C2,0x5981,0x5961,0x61C3,0x5983,0x48E1,0x40A0,0x5942,0x5901,
  0x5940,0x5980,0x59E1,0x4980,0x30A0,0x6244,0x6A62,0x6202,0x40C1,0x40A0,0x4902,0x3880,
  0x3080,0x3922,0x3963,0x3963,0x2922,0x20C1,0x3142,0x4163,0x2880,0x40C1,0x48A0,0x50A1,
  0x5080,0x5040,0x5081,0x38A1,0x2880,0x4163,0x3902,0x3060,0x4081,0x4881,0x4860,0x4860,
  0x50A0,0x40A0,0x38A0,0x5181,0x51A2,0x51C0,0x6241,0x6A63,0x6203,0x4121,0x3060,0x3060,
  0x38C1,0x38C1,0x38A1,0x4101,0x4142,0x4142,0x3901,0x3901,0x4943,0x4101,0x3901,0x3901,
  0x5203,0x49A1,0x51C2,0x4962,0x38A0,0x38C0,0x3080,0x51C1,0x6A64,0x51C3,0x4102,0x30C1,
  0x2880,0x30E0,0x4982,0x6225,0x51A3,0x30A0,0x38A0,0x59C3,0x59C4,0x3080,0x61E4,0x4920,
  0x5981,0x6180,0x69A1,0x69A1,0x5120,0x4900,0x61C3,0x61A2,0x5981,0x59E3,0x3921,0x20A0,
  0x3122,0x3942,0x28E1,0x18A0,0x2902,0x20C1,0x2102,0x3183,0x3184,0x2943,0x3163,0x3162,
  0x3162,0x3142,0x3962,0x41A2,0x4183,0x3963,0x2942,0x3183,0x31C3,0x2121,0x39A4,0x3984,
  0x20C0,0x3162,0x31A3,0x3183,0x39A3,0x39A3,0x3163,0x41A3,0x3921,0x4100,0x5140,0x5940,
  0x5940,0x5982,0x59E3,0x49C4,0x28E1,0x5267,0x4A46,0x3983,0x20C0,0x18E0,0x31A3,0x39C3,
  0x3182,0x39C3,0x4A25,0x41A3,0x3942,0x4163,0x4142,0x59C5,0x5984,0x5142,0x5963,0x5162,
  0x5267,0x41C5,0x20A0,0x2902,0x3143,0x3163,0x3984,0x3142,0x2922,0x3143,0x2922,0x2922,
  0x3163,0x28E1,0x20A1,0x28E1,0x28C1,0x5226,0x4A06,0x5247,0x5A88,0x3163,0x20E1,0x2922,
  0x20E1,0x20A0,0x30C1,0x59E4,0x61E4,0x61E4,0x6A04,0x5983,0x3880,0x61A4,0x61E5,0x4101,
  0x38C0,0x5162,0x38C0,0x5141,0x6180,0x6160,0x5960,0x61C2,0x59A2,0x38E0,0x4101,0x38C0,
  0x5162,0x59A3,0x59A4,0x61C5,0x6206,0x5164,0x3060,0x3881,0x38A1,0x6A27,0x59A5,0x30A1,
  0x2860,0x30A1,0x4102,0x6206,0x6206,0x59C3,0x61C3,0x6A03,0x61A2,0x6182,0x61A2,0x6181,
  0x6181,0x61A1,0x61A1,0x6181,0x61A2,0x61A2,0x61A2,0x61C3,0x40E0,0x40A0,0x6162,0x5921,
  0x5940,0x5980,0x59C1,0x30E0,0x4161,0x6243,0x6A62,0x59E2,0x40A1,0x40C1,0x40C0,0x3060,
  0x38C1,0x4163,0x3943,0x3143,0x20E1,0x20E1,0x3984,0x3901,0x3080,0x48C1,0x50A0,0x58C1,
  0x50A1,0x5081,0x50E2,0x2840,0x30E1,0x49A4,0x30C1,0x2840,0x40A1,0x4860,0x4880,0x48A0,
  0x4080,0x4120,0x51C2,0x49A2,0x4981,0x51C1,0x6243,0x5A03,0x38A0,0x2800,0x4060,0x48A2,
  0x4881,0x4060,0x3860,0x40C1,0x4122,0x4143,0x3923,0x3902,0x3921,0x3941,0x4161,0x3940,
  0x5223,0x49C1,0x51C2,0x5183,0x3080,0x3880,0x3880,0x6A03,0x5162,0x3020,0x4041,0x48A2,
  0x40A1,0x3860,0x3880,0x38A0,0x59E4,0x6204,0x6223,0x7285,0x4101,0x38C1,0x59E3,0x4100,
  0x59A1,0x5980,0x6180,0x69C1,0x69E2,0x6181,0x5980,0x5960,0x61A0,0x61E2,0x3900,0x28C1,
  0x3943,0x28C1,0x4163,0x3942,0x3101,0x2080,0x20C1,0x3963,0x3143,0x2942,0x2922,0x20E0,
  0x2941,0x3162,0x2900,0x3141,0x3142,0x3122,0x3163,0x31A3,0x3183,0x39C4,0x3142,0x20A0,
  0x2901,0x3183,0x3183,0x2962,0x2942,0x28E1,0x2080,0x28A0,0x28A0,0x38C0,0x61C2,0x61A2,
  0x59A2,0x59A2,0x4141,0x3101,0x3162,0x62E8,0x6B4A,0x736B,0x3183,0x2121,0x39C4,0x39E4,
  0x41E3,0x4203,0x4A04,0x49E4,0x28E0,0x30E1,0x51A4,0x61E5,0x5142,0x4901,0x5101,0x4900,
  0x5A67,0x41C5,0x28E1,0x2902,0x3963,0x3142,0x2902,0x3143,0x3143,0x2902,0x2922,0x3143,
  0x18A0,0x2902,0x3123,0x28E2,0x28E2,0x3943,0x4A06,0x4A26,0x4A26,0x3163,0x2902,0x20E1,
  0x28E1,0x3101,0x4142,0x59C4,0x5162,0x61C4,0x6182,0x61A3,0x5121,0x40C0,0x6A05,0x59A3,
  0x4921,0x5142,0x40E1,0x4921,0x61A1,0x5140,0x61C2,0x5A03,0x4141,0x3900,0x38E1,0x2840,
  0x40E0,0x61A3,0x5982,0x61A3,0x6A25,0x5984,0x3840,0x4061,0x3020,0x5144,0x5185,0x30A1,
  0x2881,0x2881,0x2860,0x5164,0x61E5,0x69E4,0x69E3,0x69C1,0x61A1,0x69A2,0x61A2,0x6181,
  0x6181,0x61A1,0x6181,0x6181,0x6181,0x5981,0x6182,0x5941,0x40A0,0x5121,0x5962,0x6141,
  0x61A1,0x59C1,0x4981,0x30E0,0x5A43,0x6242,0x7283,0x5181,0x40A0,0x40E1,0x3060,0x30A0,
  0x4122,0x4163,0x3122,0x2902,0x20C1,0x2902,0x4163,0x2860,0x40A0,0x50C1,0x50A1,0x50A1,
  0x4880,0x4880,0x48A1,0x3080,0x3102,0x4143,0x30C1,0x30A0,0x48C1,0x4080,0x4080,0x48E0,
  0x4941,0x6223,0x6285,0x4181,0x51E3,0x5A44,0x3941,0x2840,0x3040,0x4882,0x4841,0x4801,
  0x4800,0x4861,0x4881,0x3820,0x2820,0x30A2,0x3924,0x3943,0x3941,0x3940,0x3960,0x3140,
  0x5243,0x5201,0x49A1,0x59C4,0x3881,0x3861,0x6183,0x69C4,0x3820,0x4841,0x5822,0x4801,
  0x5862,0x4841,0x4060,0x3840,0x4923,0x6A25,0x6224,0x4940,0x2860,0x4963,0x4981,0x51E1,
  0x59C1,0x61C1,0x69C0,0x69E1,0x69C1,0x61A0,0x61C1,0x69C0,0x61A0,0x6A02,0x4961,0x2060,
  0x28C0,0x4983,0x6205,0x6225,0x6225,0x4942,0x2860,0x2880,0x20A0,0x20C0,0x2101,0x18E0,
  0x2101,0x3162,0x3163,0x3142,0x3162,0x3142,0x3162,0x2962,0x2942,0x39C4,0x39C4,0x2921,
  0x2922,0x2962,0x3183,0x2921,0x1880,0x3101,0x51E5,0x4984,0x4963,0x4122,0x59E4,0x59C3,
  0x4121,0x30A0,0x3101,0x28C1,0x41C4,0x6B29,0x6B2A,0x736B,0x3183,0x2962,0x4A45,0x4225,
  0x4204,0x39A2,0x39A2,0x4A04,0x2900,0x3901,0x51C4,0x4943,0x4901,0x5141,0x4901,0x4900,
  0x5226,0x39A4,0x3143,0x3122,0x2902,0x3143,0x3122,0x3143,0x3143,0x3163,0x3163,0x20C1,
  0x2902,0x49E5,0x5247,0x41A4,0x2080,0x20A1,0x3964,0x4A26,0x5247,0x3163,0x18A0,0x3163,
  0x5226,0x3963,0x38E1,0x6205,0x59A4,0x61A3,0x5961,0x5961,0x61A2,0x48E0,0x4901,0x61C4,
  0x59A3,0x4922,0x38C0,0x40E0,0x59A2,0x61E3,0x51A3,0x3101,0x3101,0x3922,0x28A0,0x3080,
  0x5141,0x69E3,0x6181,0x6162,0x61A2,0x6182,0x3840,0x3840,0x4061,0x5123,0x59A5,0x3081,
  0x4123,0x38A2,0x2840,0x5123,0x61C4,0x69A3,0x69A2,0x69A1,0x69A1,0x61C2,0x61A2,0x61A1,
  0x61A2,0x69A2,0x6181,0x6181,0x5940,0x5120,0x5961,0x48C0,0x40A0,0x5982,0x5941,0x6141,
  0x5940,0x6203,0x4160,0x3920,0x5A42,0x6A82,0x7284,0x40C0,0x40C1,0x40E1,0x2840,0x30C1,
  0x4163,0x3923,0x3102,0x20C1,0x28E1,0x3963,0x3102,0x2840,0x48A1,0x50A1,0x5060,0x5060,
  0x4860,0x4881,0x3881,0x2880,0x3943,0x3963,0x30E1,0x30A0,0x38A0,0x40A0,0x5121,0x6A44,
  0x6263,0x5202,0x6284,0x6264,0x4162,0x28A0,0x2880,0x3081,0x3040,0x3840,0x4021,0x4821,
  0x4820,0x4800,0x4840,0x4881,0x3861,0x3021,0x2821,0x30C2,0x4141,0x4161,0x4181,0x3100,
  0x49E2,0x5242,0x51E2,0x6225,0x38A1,0x3881,0x69E5,0x6984,0x4041,0x4841,0x4801,0x4821,
  0x3800,0x4061,0x48C3,0x40A2,0x38A1,0x59C4,0x4121,0x30A0,0x38E0,0x51C3,0x4981,0x5A23,
  0x51A0,0x5980,0x6180,0x61A0,0x61A1,0x5980,0x61C1,0x69C0,0x61A0,0x61E1,0x5181,0x38E0,
  0x4121,0x61E4,0x59A2,0x6181,0x69E3,0x61C2,0x5121,0x4962,0x4983,0x5226,0x3984,0x18C1,
  0x2101,0x2122,0x2963,0x3163,0x3122,0x2901,0x2922,0x3183,0x3183,0x3183,0x3983,0x3983,
  0x3983,0x39A3,0x31A3,0x3983,0x3121,0x3942,0x51C5,0x5143,0x59C5,0x6A67,0x51C4,0x30E0,
  0x3121,0x3983,0x49E5,0x41A3,0x41E5,0x734A,0x736B,0x5288,0x18C0,0x3162,0x41E3,0x39C2,
  0x39C3,0x39E3,0x41E3,0x4204,0x3982,0x28E0,0x3101,0x30A0,0x30A0,0x30A0,0x4942,0x4941,
  0x5247,0x3984,0x2902,0x3123,0x28E1,0x3143,0x2922,0x2901,0x2901,0x2902,0x2101,0x20E1,
  0x5247,0x5247,0x41C5,0x5247,0x4184,0x3944,0x20A1,0x3984,0x5AA9,0x5247,0x18A0,0x4A06,
  0x5A88,0x3943,0x2880,0x59E5,0x6A25,0x61A3,0x69C2,0x6161,0x6181,0x6182,0x40C0,0x38A1,
  0x5142,0x61E5,0x4922,0x3080,0x4101,0x4122,0x30E1,0x28C1,0x20C1,0x28A1,0x2060,0x2880,
  0x5161,0x69C3,0x6160,0x69A1,0x69C2,0x69C3,0x4880,0x3000,0x3840,0x4903,0x61C6,0x4923,
  0x40C2,0x3081,0x3040,0x5122,0x61A3,0x69A3,0x6981,0x69A1,0x69A1,0x61A1,0x61A1,0x61A1,
  0x61A1,0x69A2,0x6181,0x6181,0x6181,0x6161,0x5961,0x5941,0x5100,0x6182,0x6161,0x5940,
  0x5961,0x59C2,0x3900,0x51E2,0x5A62,0x6A83,0x59C3,0x3860,0x48E1,0x40E2,0x2860,0x30E1,
  0x3143,0x3123,0x3102,0x18A0,0x3123,0x3984,0x2880,0x38A1,0x50C1,0x5081,0x5040,0x5060,
  0x4881,0x48C2,0x38A1,0x2060,0x3984,0x3122,0x2080,0x30C0,0x4941,0x61E3,0x6A23,0x5A02,
  0x5A42,0x6283,0x49E2,0x3900,0x30C0,0x3902,0x4122,0x4122,0x40E1,0x40A1,0x3840,0x3820,
  0x3800,0x4000,0x4041,0x3820,0x4041,0x4062,0x3842,0x3020,0x3040,0x38C0,0x4121,0x3920,
  0x49E2,0x5A63,0x49C1,0x6A86,0x4102,0x3881,0x69E5,0x5121,0x4060,0x4040,0x3840,0x3840,
  0x4901,0x7247,0x5165,0x3081,0x2860,0x51A4,0x4101,0x30A0,0x4942,0x4962,0x4140,0x51C2,
  0x5181,0x5140,0x5920,0x6180,0x61C1,0x5981,0x5980,0x61A0,0x69C0,0x61A0,0x59A1,0x59C2,
  0x6203,0x69E2,0x6180,0x6160,0x6160,0x69A1,0x61A2,0x61C3,0x59E4,0x4163,0x20C0,0x2122,
  0x3184,0x2943,0x2963,0x2943,0x20C1,0x28C1,0x28E1,0x2101,0x3983,0x3183,0x3142,0x3983,
  0x2901,0x2100,0x2962,0x41A3,0x4183,0x4122,0x5163,0x40A1,0x4902,0x51A4,0x30E1,0x3142,
  0x41C4,0x41E4,0x4205,0x3983,0x20E1,0x3983,0x2942,0x18E1,0x3163,0x41E4,0x4A23,0x39A1,
  0x39C2,0x4203,0x39E3,0x39C3,0x4204,0x3983,0x3983,0x49C4,0x51E4,0x30E1,0x4983,0x4983,
  0x5247,0x3984,0x2902,0x3123,0x3163,0x3143,0x20E1,0x3163,0x3163,0x20C1,0x20E1,0x3163,
  0x4A06,0x4A26,0x3964,0x41A5,0x5207,0x49E6,0x3964,0x2923,0x4A27,0x5247,0x2922,0x41C5,
  0x5206,0x51E6,0x38E1,0x40E1,0x59C4,0x61A2,0x6182,0x6161,0x6181,0x6181,0x6A04,0x4901,
  0x38C0,0x38A1,0x4123,0x4943,0x40E1,0x2000,0x30A1,0x30E3,0x2061,0x28C2,0x3102,0x38E1,
  0x4921,0x69C3,0x6182,0x61A2,0x69C3,0x61A3,0x3860,0x38A1,0x40E2,0x40E2,0x38E1,0x4943,
  0x4943,0x30A0,0x3060,0x4901,0x5162,0x69E4,0x61A2,0x6181,0x61A1,0x61A1,0x6181,0x6181,
  0x6181,0x61A1,0x6181,0x6161,0x6181,0x6181,0x6161,0x6181,0x6181,0x5961,0x6161,0x6161,
  0x61E3,0x4942,0x3900,0x5A63,0x6AA3,0x6242,0x40E0,0x40A0,0x4901,0x40E2,0x2861,0x2902,
  0x2922,0x3122,0x28E2,0x20C1,0x3143,0x3963,0x2860,0x40C1,0x50C1,0x5881,0x5860,0x5861,
  0x5081,0x48C2,0x3060,0x3102,0x41E5,0x2901,0x2900,0x4182,0x49A2,0x59C2,0x6222,0x6262,
  0x5221,0x3140,0x28C0,0x3900,0x4961,0x5162,0x5182,0x5182,0x5182,0x5162,0x4942,0x40E1,
  0x38A1,0x3840,0x3800,0x4041,0x4861,0x4020,0x5061,0x50A2,0x4862,0x3840,0x3040,0x2880,
  0x3920,0x5222,0x3980,0x6286,0x4963,0x3080,0x6A24,0x4920,0x3040,0x40A0,0x3860,0x5121,
  0x7285,0x61E4,0x38A1,0x38C1,0x3080,0x61E3,0x5183,0x2840,0x4122,0x4102,0x30C1,0x4983,
  0x5982,0x6161,0x6140,0x6181,0x61A2,0x61A2,0x61A2,0x69C1,0x69A0,0x61A0,0x61C1,0x61C2,
  0x69C2,0x71E2,0x69C0,0x61C0,0x61A1,0x61A1,0x5981,0x59A3,0x51A3,0x28A0,0x28C0,0x41A4,
  0x3142,0x18A0,0x20A0,0x20A0,0x4163,0x6227,0x4184,0x20C0,0x3122,0x3983,0x3962,0x3142,
  0x2901,0x3142,0x2921,0x20C0,0x30E1,0x38E1,0x5142,0x5942,0x5142,0x30C0,0x1860,0x31A3,
  0x4245,0x39E4,0x3A03,0x4224,0x39A2,0x3182,0x3182,0x3183,0x4204,0x4203,0x4A03,0x41E2,
  0x41E2,0x39E2,0x3A03,0x4224,0x4204,0x4204,0x39C4,0x41E4,0x49E4,0x3121,0x3962,0x30E1,
  0x3984,0x20C1,0x2902,0x3122,0x2922,0x2922,0x2902,0x39A4,0x39A4,0x20E2,0x2902,0x3183,
  0x41E5,0x39A4,0x41E5,0x3964,0x49C6,0x49E6,0x41C6,0x2923,0x41E6,0x4A06,0x4A06,0x49E5,
  0x49C5,0x5206,0x30E2,0x2860,0x51A3,0x61E4,0x59A2,0x5981,0x5961,0x5941,0x5962,0x61C3,
  0x59A3,0x4922,0x3040,0x4102,0x5163,0x4903,0x30A1,0x2040,0x2081,0x3944,0x4184,0x3902,
  0x3080,0x5982,0x69E3,0x61A2,0x5982,0x5962,0x38A0,0x3081,0x40E3,0x38E2,0x2860,0x38C2,
  0x59C4,0x3080,0x3080,0x4101,0x4921,0x59A3,0x5981,0x59A1,0x61C2,0x61A1,0x5981,0x5960,
  0x5981,0x6181,0x6181,0x6181,0x5940,0x6141,0x6181,0x5941,0x69C2,0x6161,0x5961,0x5981,
  0x5162,0x4101,0x49C3,0x49C2,0x5A22,0x61E3,0x3840,0x48E0,0x40E0,0x38C2,0x2062,0x3123,
  0x3143,0x28E1,0x20A1,0x20E2,0x3163,0x3943,0x2860,0x4081,0x5061,0x5040,0x5861,0x5081,
  0x48A1,0x40C2,0x2840,0x3943,0x41A4,0x20C0,0x3141,0x5203,0x4181,0x51C1,0x6243,0x49C0,
  0x28E0,0x28E0,0x4180,0x4981,0x5162,0x5141,0x4940,0x4961,0x5181,0x4981,0x4161,0x4162,
  0x4983,0x4123,0x3860,0x3820,0x4040,0x4820,0x4800,0x4821,0x4822,0x4883,0x4061,0x3040,
  0x30C0,0x6264,0x49C1,0x5A24,0x49A3,0x30A0,0x5A03,0x5A03,0x4121,0x3060,0x40A0,0x5981,
  0x7283,0x51A1,0x38A0,0x3060,0x38C0,0x6A65,0x4941,0x3060,0x3902,0x30A1,0x2080,0x30A0,
  0x5982,0x6161,0x5920,0x5921,0x69A3,0x6A04,0x6A04,0x69C2,0x69C1,0x69A1,0x69A1,0x61A1,
  0x6981,0x6960,0x5940,0x5980,0x5140,0x5120,0x5141,0x61E4,0x59E4,0x30C0,0x30E1,0x3942,
  0x28C0,0x3101,0x3900,0x4982,0x59E4,0x5A05,0x51C4,0x28C0,0x2901,0x3983,0x3983,0x3962,
  0x2900,0x3983,0x5225,0x4142,0x2860,0x3060,0x5942,0x5921,0x5982,0x38C0,0x1860,0x18A0,
  0x1900,0x31E3,0x3A03,0x3A03,0x4A23,0x39C2,0x4203,0x3A04,0x3A03,0x4203,0x41C2,0x41E2,
  0x4203,0x39E2,0x3A03,0x4224,0x39E3,0x31C3,0x3182,0x3183,0x3142,0x18C0,0x28E1,0x2902,
  0x20A0,0x28E1,0x3142,0x2901,0x20E1,0x3142,0x3143,0x3163,0x4A06,0x2922,0x20E2,0x3984,
  0x41E5,0x41E5,0x4A06,0x41E6,0x41C6,0x4A06,0x5227,0x3964,0x41A4,0x4A06,0x5227,0x4A06,
  0x39A4,0x5226,0x49A5,0x30C1,0x3902,0x51E4,0x59E4,0x51A3,0x59A3,0x5983,0x5983,0x5942,
  0x5942,0x61A3,0x5983,0x3860,0x4902,0x61E5,0x59C4,0x4963,0x3102,0x1840,0x30C2,0x30A1,
  0x30A0,0x5182,0x61C2,0x61C2,0x6182,0x6183,0x5123,0x2820,0x3040,0x3040,0x38C1,0x4142,
  0x61E5,0x38A1,0x3060,0x38C1,0x4921,0x59A2,0x61C2,0x61C2,0x6181,0x6161,0x6160,0x5940,
  0x5960,0x6181,0x61A1,0x61A1,0x5960,0x6161,0x5940,0x6141,0x6162,0x6182,0x5982,0x59E3,
  0x4142,0x3921,0x4162,0x3921,0x59E4,0x48E1,0x4060,0x4880,0x48E0,0x30A2,0x2083,0x30E3,
  0x3123,0x30E1,0x20A0,0x2902,0x3984,0x28C2,0x3881,0x4881,0x5040,0x5040,0x5881,0x50C1,
  0x48E2,0x40E2,0x2881,0x3943,0x3942,0x28C0,0x41A1,0x5223,0x51E2,0x5A03,0x4120,0x30C0,
  0x4120,0x4980,0x4980,0x5181,0x5161,0x4941,0x4941,0x4961,0x4981,0x4180,0x4181,0x4181,
  0x49A2,0x4981,0x4942,0x38A0,0x3820,0x3820,0x4841,0x4821,0x4000,0x4842,0x4882,0x3861,
  0x38A0,0x6224,0x4981,0x5203,0x5A44,0x28A0,0x49A2,0x6265,0x6244,0x4942,0x40C1,0x5981,
  0x6A81,0x49E0,0x30E0,0x28A0,0x51A2,0x7266,0x4101,0x30C1,0x3103,0x28C1,0x3101,0x30C0,
  0x5140,0x6181,0x61A2,0x5121,0x40A0,0x48E0,0x5982,0x61A2,0x6181,0x69C1,0x6180,0x6160,
  0x6160,0x5920,0x5981,0x5161,0x5141,0x4900,0x40E0,0x4101,0x4122,0x30E1,0x30A0,0x28A0,
  0x4141,0x6A45,0x6A03,0x61C1,0x5941,0x59A3,0x59E4,0x28A0,0x3101,0x3983,0x3162,0x41A3,
  0x3962,0x3941,0x5A04,0x6A46,0x59C4,0x40C1,0x5122,0x5983,0x5162,0x40E0,0x38E0,0x49E3,
  0x2900,0x2941,0x3A04,0x39A3,0x41E3,0x39A2,0x39C2,0x39E3,0x31C2,0x39C2,0x4203,0x41E2,
  0x39C2,0x41E3,0x4203,0x39E3,0x4203,0x4204,0x39C3,0x3161,0x39A3,0x39A3,0x2921,0x3143,
  0x28E1,0x3163,0x3143,0x2922,0x2922,0x2902,0x18A0,0x41E5,0x5247,0x2943,0x2923,0x4A06,
  0x3984,0x3164,0x4A27,0x5247,0x41C5,0x49E6,0x5227,0x3984,0x41C5,0x4A06,0x5226,0x5247,
  0x3963,0x49E6,0x5206,0x49A5,0x28E1,0x2080,0x2880,0x30C0,0x4942,0x5183,0x5983,0x61A3,
  0x6162,0x5962,0x69C3,0x61A3,0x48E1,0x5122,0x5162,0x59E4,0x51C5,0x30E2,0x30E2,0x2881,
  0x2880,0x5182,0x61C2,0x5981,0x69A2,0x61A3,0x5963,0x3861,0x3861,0x38A1,0x3080,0x4943,
  0x7267,0x40C2,0x3861,0x40E2,0x5163,0x69C3,0x69C3,0x61C2,0x61A2,0x6981,0x6181,0x5960,
  0x5960,0x61A1,0x61C1,0x61A1,0x6181,0x6181,0x6161,0x5120,0x61A3,0x5121,0x40E0,0x4981,
  0x4161,0x4982,0x4182,0x51C4,0x5164,0x4061,0x5081,0x50A0,0x48E1,0x30A1,0x2082,0x28E2,
  0x3122,0x3943,0x3943,0x3143,0x3123,0x2860,0x3881,0x50C2,0x5081,0x58A1,0x50E1,0x4080,
  0x38E1,0x38E1,0x30C2,0x4164,0x3102,0x30E0,0x5223,0x5A44,0x4181,0x30E0,0x30C0,0x4100,
  0x4961,0x5181,0x4940,0x4940,0x4961,0x4941,0x4941,0x4961,0x4961,0x4961,0x4161,0x4981,
  0x4981,0x4961,0x51A2,0x4942,0x40C1,0x3820,0x3800,0x3800,0x4020,0x4021,0x48A2,0x40C1,
  0x2840,0x5A03,0x51C2,0x4181,0x6244,0x28A0,0x3921,0x6245,0x5A03,0x4121,0x3881,0x5161,
  0x6261,0x6260,0x5200,0x59E2,0x6204,0x6225,0x30C0,0x3922,0x3102,0x20A1,0x3122,0x30E0,
  0x5161,0x6181,0x61A2,0x61A2,0x61A3,0x5982,0x4900,0x5961,0x69C2,0x6181,0x69A1,0x69A1,
  0x6181,0x69E3,0x6A23,0x6A03,0x61E3,0x61C3,0x61C4,0x59C4,0x5163,0x38E1,0x2040,0x4163,
  0x6225,0x61E3,0x6A03,0x61C1,0x69C2,0x61C3,0x59C3,0x3901,0x20A0,0x2921,0x2901,0x3142,
  0x3962,0x3921,0x4121,0x61C4,0x61E5,0x4901,0x40C1,0x40E1,0x5142,0x4921,0x59C2,0x6245,
  0x3121,0x39A3,0x4A25,0x39C3,0x39A2,0x41C3,0x4203,0x39C2,0x3A03,0x39C2,0x4203,0x4203,
  0x41E3,0x39C3,0x39C2,0x39C2,0x4A44,0x5AA5,0x4A44,0x3161,0x20E0,0x18C0,0x18A0,0x18A0,
  0x3122,0x2901,0x20E1,0x28E1,0x2922,0x3143,0x20C1,0x39A4,0x4A06,0x41E6,0x4A06,0x41E5,
  0x2902,0x2902,0x41C5,0x5227,0x41C5,0x41C5,0x41A5,0x41A4,0x4A06,0x4A06,0x5226,0x5A67,
  0x3964,0x5226,0x49C5,0x49E5,0x51E6,0x3943,0x3943,0x4163,0x2880,0x4101,0x6A05,0x5962,
  0x5141,0x61A3,0x6183,0x69C3,0x61A3,0x5142,0x40E1,0x38E1,0x3901,0x30E1,0x2880,0x30C1,
  0x38C0,0x5161,0x61A2,0x5140,0x61A2,0x6182,0x5963,0x3040,0x3861,0x3841,0x2840,0x5163,
  0x7227,0x48C2,0x3861,0x40A1,0x5122,0x69A2,0x69A2,0x61C2,0x61C2,0x69A2,0x61A1,0x6181,
  0x6181,0x5960,0x6161,0x6160,0x6161,0x6161,0x5941,0x5961,0x40E0,0x40E0,0x5A03,0x51C1,
  0x30E0,0x51E2,0x6264,0x5A24,0x40C1,0x4881,0x4840,0x4860,0x40C1,0x2880,0x20A0,0x3121,
  0x3961,0x41A3,0x41A4,0x3983,0x3102,0x2880,0x40A1,0x50C1,0x50C1,0x4060,0x40C0,0x4942,
  0x51C4,0x30E1,0x30E2,0x4163,0x30E1,0x3100,0x41A2,0x3100,0x28E0,0x4161,0x51C3,0x4982,
  0x4960,0x4960,0x4140,0x4160,0x4961,0x4961,0x4961,0x4961,0x4941,0x4941,0x4941,0x4961,
  0x4961,0x4941,0x5142,0x5143,0x5123,0x3860,0x3841,0x3840,0x3020,0x3860,0x2820,0x2860,
  0x30A0,0x51E2,0x5A43,0x4140,0x51C3,0x3901,0x2880,0x5A03,0x6244,0x4941,0x3060,0x3080,
  0x51A1,0x6283,0x5A21,0x6A43,0x6204,0x5183,0x28A0,0x4182,0x28E1,0x1860,0x3122,0x30E0,
  0x5961,0x61A2,0x61A2,0x61A1,0x61A2,0x61A2,0x5961,0x5121,0x69C3,0x5962,0x6182,0x5981,
  0x5160,0x61C2,0x61C1,0x61C1,0x61A1,0x6181,0x69C3,0x69E4,0x61E5,0x51A4,0x3902,0x30E2,
  0x4143,0x4122,0x59C3,0x61C3,0x61C3,0x61C2,0x6204,0x51C4,0x28C1,0x20C1,0x20A1,0x28E2,
  0x28C1,0x2040,0x38C0,0x4921,0x5982,0x61E4,0x61A3,0x5983,0x5121,0x5100,0x61C3,0x51A2,
  0x2060,0x3142,0x4205,0x41E4,0x39A2,0x41C3,0x4A23,0x39C2,0x39E3,0x39E2,0x41E2,0x4203,
  0x41E3,0x39C2,0x39C2,0x4203,0x4203,0x4223,0x4A23,0x4203,0x41E3,0x39A3,0x3162,0x18C0,
  0x20C1,0x20C1,0x3143,0x3984,0x28E1,0x20E1,0x20E1,0x39C5,0x4A27,0x49E6,0x41C5,0x3143,
  0x20E1,0x2902,0x3984,0x41C5,0x41E5,0x41C5,0x3964,0x41C5,0x5227,0x4A06,0x5227,0x49E6,
  0x2902,0x49E6,0x49E6,0x49E6,0x5226,0x49E5,0x5206,0x5A26,0x4163,0x30A0,0x4963,0x59A4,
  0x59A3,0x5942,0x5962,0x6183,0x69C3,0x69E4,0x59A4,0x4122,0x4102,0x4143,0x3901,0x3901,
  0x4942,0x4901,0x5141,0x5961,0x61A2,0x61A2,0x61A4,0x3881,0x3841,0x3861,0x3080,0x4902,
  0x69E6,0x48E3,0x3841,0x3860,0x48E1,0x6161,0x6981,0x69A2,0x6182,0x5961,0x5981,0x6181,
  0x6181,0x6181,0x6981,0x6161,0x5920,0x5941,0x5982,0x4921,0x38C0,0x5A04,0x5A24,0x4161,
  0x3100,0x5A42,0x6AA4,0x51C2,0x3860,0x48A1,0x4820,0x4840,0x4081,0x2880,0x20C0,0x3141,
  0x3961,0x3142,0x3962,0x3942,0x30E1,0x30A0,0x38A0,0x40A0,0x3880,0x4101,0x49A2,0x5224,
  0x41A3,0x28C0,0x3101,0x3943,0x3101,0x28C0,0x2080,0x28C0,0x49A3,0x4162,0x4162,0x4161,
  0x4980,0x4980,0x4160,0x4141,0x4962,0x4141,0x4941,0x4962,0x5182,0x5182,0x5162,0x5162,
  0x5142,0x4941,0x4921,0x5163,0x4943,0x3060,0x2840,0x3060,0x2840,0x3061,0x2860,0x3901,
  0x4161,0x4160,0x6284,0x3920,0x49A3,0x5183,0x2860,0x30A0,0x6A63,0x59C2,0x3080,0x38C1,
  0x2860,0x4120,0x5A01,0x61E3,0x6A04,0x38C0,0x30E0,0x41A2,0x20E1,0x1881,0x3122,0x3901,
  0x5941,0x6161,0x6181,0x5981,0x5981,0x59A1,0x59A2,0x40C0,0x5962,0x6A05,0x61C3,0x5141,
  0x4940,0x51A1,0x59A1,0x5980,0x5120,0x5120,0x5141,0x5141,0x4942,0x4963,0x4984,0x28A1,
  0x2060,0x30C1,0x4102,0x5983,0x5142,0x5121,0x5983,0x5A05,0x5A26,0x49C5,0x28C1,0x2080,
  0x30E1,0x4122,0x5183,0x4901,0x4901,0x61A3,0x5983,0x69E5,0x61A3,0x61A3,0x69E3,0x59C3,
  0x30C0,0x28E0,0x20C0,0x3141,0x49E3,0x41E3,0x41E3,0x4203,0x4203,0x41E2,0x4202,0x41E3,
  0x41E3,0x4203,0x4203,0x4A23,0x4203,0x41E2,0x4203,0x4A44,0x4A65,0x4A24,0x4204,0x2941,
  0x3122,0x39A4,0x5247,0x5267,0x2922,0x2901,0x2902,0x4A06,0x41C5,0x2902,0x18A1,0x2902,
  0x2922,0x2922,0x3984,0x41A5,0x41C5,0x49E6,0x49E6,0x49C5,0x4A06,0x4A06,0x5247,0x3164,
  0x1880,0x3143,0x49E6,0x5206,0x5206,0x49E6,0x49C5,0x49C5,0x51E6,0x3942,0x2880,0x5163,
  0x61E5,0x5142,0x5982,0x6162,0x5941,0x5962,0x5983,0x4943,0x4102,0x4943,0x5183,0x4962,
  0x59A3,0x48E0,0x4900,0x61A3,0x6182,0x61A2,0x4901,0x5144,0x4082,0x3861,0x3060,0x4943,
  0x61C5,0x40A2,0x3861,0x3880,0x4901,0x6982,0x69A2,0x69C2,0x61A2,0x6181,0x5961,0x5940,
  0x5940,0x5940,0x5941,0x5940,0x5921,0x5120,0x5162,0x30A0,0x4162,0x5A65,0x28C0,0x28C0,
  0x4180,0x5A42,0x6263,0x4961,0x3880,0x4880,0x5040,0x4881,0x40A2,0x2881,0x20C1,0x3141,
  0x3141,0x3142,0x3962,0x3962,0x30E0,0x30C0,0x38C0,0x40E0,0x59C3,0x5A23,0x41C1,0x39A2,
  0x2100,0x28E0,0x3942,0x3122,0x28C0,0x28C0,0x28C0,0x30E1,0x4163,0x4963,0x4141,0x3940,
  0x4180,0x4980,0x4160,0x4962,0x5163,0x51A3,0x51A2,0x4962,0x4121,0x40E1,0x48E1,0x4901,
  0x5142,0x5163,0x5163,0x5183,0x3922,0x2080,0x30E1,0x30C1,0x30E2,0x30C1,0x3942,0x5A45,
  0x5203,0x3960,0x5A63,0x4160,0x51E3,0x5183,0x38C0,0x3040,0x4940,0x6A23,0x3900,0x30C1,
  0x38C2,0x38A0,0x6A03,0x7225,0x40C1,0x3080,0x4141,0x39A1,0x20E1,0x20C2,0x3102,0x4121,
  0x5961,0x5920,0x5960,0x61C1,0x61C1,0x59A1,0x59A1,0x61C3,0x48E1,0x5142,0x59C4,0x6A46,
  0x6245,0x5A23,0x6223,0x6A23,0x6A44,0x6A03,0x5161,0x40C0,0x30A0,0x30C0,0x28C1,0x3943,
  0x3923,0x38E1,0x3080,0x40E1,0x48E1,0x4901,0x5142,0x4942,0x5A06,0x51E5,0x30E1,0x3922,
  0x5A05,0x59C3,0x61E5,0x61C4,0x40A0,0x48E1,0x6183,0x5963,0x5962,0x6161,0x5941,0x5161,
  0x51C3,0x5205,0x3142,0x20E0,0x49E3,0x49E3,0x39A2,0x41E3,0x39E3,0x4203,0x4223,0x4203,
  0x41E3,0x4203,0x4203,0x39C2,0x4203,0x41E2,0x4203,0x4A23,0x4203,0x41E3,0x4204,0x41E4,
  0x49E5,0x49E5,0x4A06,0x41C5,0x2902,0x3143,0x20E1,0x2922,0x20E1,0x20E2,0x2902,0x3143,
  0x2902,0x20E1,0x3964,0x41C5,0x41C5,0x4A06,0x5207,0x49C5,0x49E6,0x5207,0x5227,0x2903,
  0x1880,0x2902,0x41A5,0x41C5,0x5247,0x49E6,0x49E6,0x5207,0x41C5,0x51E6,0x3902,0x2880,
  0x4942,0x59A3,0x5962,0x5941,0x6181,0x5941,0x5963,0x5963,0x40E1,0x38C0,0x5183,0x59C3,
  0x61C3,0x5121,0x48C0,0x6183,0x5961,0x5961,0x4901,0x4943,0x3882,0x4903,0x30A1,0x38E2,
  0x6206,0x40C2,0x3861,0x38A0,0x5142,0x69C2,0x69A2,0x6182,0x6181,0x61A2,0x61A2,0x5961,
  0x5961,0x6181,0x6182,0x5941,0x6182,0x5141,0x4961,0x3900,0x49C3,0x49E3,0x28E0,0x3920,
  0x51E2,0x5A42,0x6244,0x4100,0x40A0,0x4880,0x5060,0x5081,0x40A3,0x2881,0x20C1,0x3143,
  0x3142,0x3101,0x3142,0x3962,0x3100,0x4982,0x5A03,0x6224,0x6264,0x5A44,0x4202,0x39C2,
  0x20E0,0x20E0,0x3983,0x2901,0x2900,0x3941,0x28A0,0x30C0,0x4943,0x4963,0x4962,0x4161,
  0x4180,0x49A1,0x4981,0x4942,0x48E2,0x38A1,0x38A1,0x38A0,0x38A0,0x3880,0x3860,0x3860,
  0x3860,0x3880,0x38C0,0x38E1,0x28A0,0x30E0,0x5A65,0x49C2,0x49A1,0x49C1,0x41C0,0x5A63,
  0x5A42,0x41A0,0x5A42,0x5A22,0x4982,0x5183,0x40C1,0x4902,0x3040,0x59A1,0x5A03,0x3901,
  0x3081,0x40E1,0x61C3,0x5942,0x3840,0x38A0,0x4182,0x3981,0x20E1,0x18A1,0x28C0,0x3900,
  0x61A2,0x6180,0x6180,0x61C0,0x61C0,0x61C1,0x61C2,0x7245,0x4921,0x3080,0x30A0,0x4142,
  0x4162,0x3961,0x4182,0x3921,0x4141,0x51A3,0x59E4,0x59E4,0x3921,0x30E0,0x30C1,0x4984,
  0x49A4,0x4963,0x4942,0x4901,0x5943,0x5122,0x4080,0x3040,0x4101,0x59C4,0x51C3,0x4101,
  0x4101,0x5162,0x5162,0x61A3,0x5942,0x48C0,0x50E1,0x5963,0x5941,0x69A2,0x61A2,0x5141,
  0x59E3,0x6AA7,0x4A04,0x18C0,0x3161,0x41E2,0x41E3,0x4203,0x4203,0x4203,0x4203,0x4203,
  0x41E3,0x41E3,0x39C2,0x39A1,0x4203,0x41E2,0x4203,0x4A44,0x4A24,0x41E3,0x39C3,0x4A25,
  0x4A06,0x41C5,0x49E5,0x41E5,0x3143,0x20E1,0x18A1,0x18A0,0x2922,0x2922,0x3143,0x2102,
  0x18C1,0x20C1,0x3163,0x41E5,0x4A06,0x4A06,0x49E6,0x49E6,0x4A06,0x5247,0x41C5,0x18A1,
  0x20E2,0x2902,0x20E1,0x4A06,0x4A06,0x4A06,0x5227,0x4A06,0x41C5,0x49E6,0x41A4,0x28A0,
  0x2860,0x4101,0x5982,0x5962,0x6181,0x6161,0x5942,0x5122,0x38A1,0x38C0,0x59C3,0x61E3,
  0x59A2,0x5982,0x48E0,0x6183,0x6181,0x5120,0x51A3,0x2860,0x3081,0x4924,0x30A1,0x2860,
  0x5163,0x40E2,0x3081,0x30A0,0x4941,0x61C2,0x61A2,0x5981,0x5961,0x6182,0x61A2,0x6182,
  0x5982,0x59A2,0x5141,0x4920,0x4921,0x59A3,0x4962,0x2880,0x3962,0x5225,0x3141,0x3121,
  0x5A43,0x6242,0x5A24,0x38A0,0x40A0,0x4880,0x5080,0x4882,0x40A3,0x2061,0x20C1,0x3123,
  0x3122,0x3122,0x3142,0x2921,0x20C0,0x51E3,0x6265,0x6224,0x6223,0x5A64,0x4A23,0x2941,
  0x20E0,0x2922,0x3983,0x20E0,0x3982,0x5A45,0x4141,0x38C0,0x40E1,0x4942,0x4962,0x4162,
  0x4161,0x4120,0x38A0,0x3860,0x4060,0x4080,0x40A1,0x48E1,0x5102,0x5102,0x48E1,0x40C1,
  0x40A1,0x38A1,0x38A0,0x30C0,0x2880,0x3921,0x6265,0x49E1,0x5221,0x5A41,0x5220,0x5A61,
  0x5221,0x3960,0x6282,0x5A02,0x4140,0x51A4,0x3881,0x40C2,0x4081,0x3080,0x5201,0x5203,
  0x3080,0x38A0,0x40A0,0x3840,0x4080,0x38C0,0x3941,0x3161,0x2902,0x1881,0x28E0,0x4120,
  0x69C2,0x69A1,0x69A0,0x69C1,0x69E1,0x61C1,0x59A1,0x59A2,0x59C3,0x38C0,0x2880,0x3101,
  0x2901,0x20E0,0x20E1,0x20A0,0x28A0,0x28A0,0x30E1,0x51E5,0x51E4,0x28A0,0x4163,0x3101,
  0x30C0,0x51A3,0x6A25,0x61E4,0x69C4,0x6183,0x4901,0x40E1,0x38A0,0x59A3,0x6204,0x5141,
  0x3880,0x5121,0x5982,0x5122,0x69E4,0x6183,0x3860,0x5121,0x69A3,0x6141,0x6182,0x61C2,
  0x4962,0x3121,0x20E0,0x2100,0x39A2,0x41E2,0x41E3,0x4203,0x4224,0x4A44,0x4203,0x4203,
  0x41E3,0x39C2,0x39E2,0x4203,0x4203,0x4203,0x4223,0x4A43,0x4A24,0x4203,0x4203,0x39E3,
  0x49E5,0x4A26,0x4A06,0x41C5,0x20E2,0x20E1,0x2922,0x20E1,0x3143,0x2922,0x2922,0x20E1,
  0x3163,0x2902,0x41C5,0x49E5,0x4A06,0x4A06,0x41C5,0x49E6,0x5247,0x3984,0x2923,0x20E2,
  0x20C1,0x3143,0x18A1,0x39A4,0x5247,0x49E6,0x41E6,0x4A07,0x41C6,0x4A06,0x41A4,0x28C1,
  0x30E1,0x3080,0x5162,0x61A3,0x6181,0x5961,0x61A3,0x5122,0x3860,0x4901,0x59A2,0x5981,
  0x5982,0x5101,0x48C0,0x6183,0x61A2,0x5981,0x5182,0x4943,0x3061,0x3081,0x2860,0x2860,
  0x38A1,0x3060,0x3060,0x38A0,0x4921,0x69C2,0x69E3,0x6182,0x6162,0x6182,0x6182,0x61A2,
  0x59A2,0x4100,0x30C0,0x3900,0x3900,0x3900,0x30A0,0x51C3,0x3941,0x3121,0x3941,0x41A1,
  0x6262,0x6263,0x51A3,0x38C2,0x4081,0x4881,0x4860,0x48A2,0x40E3,0x28A1,0x20E1,0x3102,
  0x3943,0x3943,0x41A4,0x3142,0x20E0,0x4A03,0x6285,0x6244,0x5A03,0x38E0,0x3100,0x28E0,
  0x20E1,0x3963,0x3963,0x28E1,0x5204,0x5224,0x6264,0x59E3,0x30A0,0x4942,0x5163,0x4101,
  0x3880,0x40A0,0x40A0,0x48A1,0x50C2,0x58E2,0x58E2,0x50C1,0x48A1,0x48C1,0x48C1,0x48E2,
  0x4902,0x4903,0x38C1,0x4922,0x4101,0x2880,0x5A03,0x6243,0x5A21,0x6282,0x6262,0x5A63,
  0x5203,0x30E0,0x51E1,0x6243,0x4961,0x59C5,0x40A3,0x3862,0x3882,0x3060,0x4160,0x6262,
  0x5A03,0x40C0,0x3020,0x4060,0x3860,0x38E0,0x41A2,0x3182,0x3163,0x1881,0x3100,0x4960,
  0x61A0,0x6160,0x61A0,0x61A1,0x6181,0x61A1,0x5981,0x5981,0x61E3,0x4962,0x28A0,0x3122,
  0x3142,0x2943,0x2943,0x2923,0x3143,0x3123,0x3102,0x30E1,0x51E5,0x3142,0x3121,0x2080,
  0x28A0,0x3900,0x59E3,0x6A04,0x61C3,0x5962,0x5962,0x61A3,0x5983,0x48E0,0x48E1,0x6183,
  0x5142,0x4080,0x6183,0x6182,0x5941,0x69C3,0x5101,0x3880,0x61C3,0x6181,0x5961,0x5140,
  0x2880,0x3921,0x39A3,0x39E3,0x39E2,0x31A1,0x41E2,0x4203,0x41E3,0x4203,0x4A23,0x39C2,
  0x39C3,0x4A45,0x4A24,0x4224,0x4223,0x4203,0x4A64,0x4A64,0x4203,0x4203,0x4203,0x4203,
  0x4A06,0x4A26,0x49E5,0x3984,0x20E1,0x20C1,0x2922,0x2922,0x3143,0x2102,0x20E1,0x2902,
  0x39A4,0x3143,0x41C5,0x41E5,0x49E6,0x49E6,0x41C5,0x4A06,0x3984,0x28E2,0x2923,0x2923,
  0x20E1,0x2923,0x20E1,0x2902,0x41C5,0x49E6,0x49E6,0x4A07,0x4A06,0x4A27,0x39A4,0x20A0,
  0x3122,0x30A0,0x40E1,0x5983,0x6181,0x69C2,0x6183,0x5983,0x40C1,0x48E0,0x59A2,0x5961,
  0x5961,0x5121,0x5121,0x6182,0x5981,0x61A2,0x5141,0x4922,0x3861,0x3882,0x3081,0x3060,
  0x38A1,0x3861,0x3861,0x38A0,0x5162,0x69C3,0x69A2,0x6182,0x5961,0x6141,0x5962,0x5161,
  0x4100,0x3900,0x6244,0x5A44,0x6265,0x4982,0x3921,0x51C4,0x30E0,0x30E1,0x20A0,0x5221,
  0x6262,0x6262,0x3900,0x38A1,0x4903,0x48C2,0x50A1,0x3860,0x3080,0x2080,0x2921,0x3942,
  0x3922,0x4143,0x49A4,0x3982,0x2900,0x49E3,0x51E3,0x4120,0x3080,0x4101,0x4142,0x28C0,
  0x30E1,0x3943,0x3923,0x28C0,0x4983,0x5A23,0x6284,0x6264,0x4121,0x30A0,0x3880,0x3860,
  0x48C1,0x48A1,0x4880,0x50C1,0x48A1,0x4881,0x5081,0x48A1,0x48C1,0x40A0,0x3860,0x3880,
  0x38A1,0x38C2,0x38C1,0x30A0,0x2880,0x4121,0x6244,0x6223,0x6243,0x5A02,0x51A2,0x3921,
  0x2860,0x2880,0x49A1,0x6A84,0x51A1,0x51A4,0x38A2,0x3882,0x3862,0x38A0,0x5A21,0x6281,
  0x6A82,0x59C3,0x3860,0x3861,0x40A1,0x4121,0x3961,0x3162,0x20E1,0x1060,0x3101,0x4981,
  0x61C1,0x6180,0x6180,0x5960,0x5960,0x61A2,0x61A1,0x61A2,0x59C2,0x59E3,0x30C0,0x28E1,
  0x3143,0x2923,0x2943,0x3164,0x3123,0x3123,0x3943,0x1860,0x3962,0x3142,0x2901,0x20E0,
  0x3141,0x28E0,0x3100,0x4982,0x59C3,0x61A3,0x5941,0x5982,0x69C4,0x6183,0x48A0,0x40A1,
  0x61A4,0x3880,0x40C0,0x61C3,0x59A2,0x5120,0x59A2,0x4100,0x5121,0x5940,0x5941,0x4900,
  0x3080,0x49C3,0x39A3,0x31A2,0x31A2,0x39A2,0x41E3,0x41E3,0x39C3,0x39A2,0x41E3,0x39C3,
  0x4204,0x41E4,0x39A2,0x41C3,0x4A44,0x4223,0x41E2,0x41E2,0x4203,0x4A24,0x4203,0x41E3,
  0x41C5,0x49E6,0x49E6,0x39A4,0x2902,0x2902,0x2922,0x3143,0x20E1,0x20C1,0x3163,0x39A4,
  0x4A06,0x41C5,0x4A06,0x49E6,0x4A06,0x49E6,0x49E6,0x49E6,0x28E2,0x28E2,0x3143,0x2923,
  0x20E1,0x2922,0x2101,0x1880,0x2902,0x41C5,0x49E6,0x41C6,0x4A07,0x4A27,0x39A4,0x18A0,
  0x3122,0x3101,0x30A0,0x5162,0x6182,0x69C3,0x5982,0x5983,0x5962,0x40E0,0x5982,0x5981,
  0x5961,0x5941,0x6182,0x61A2,0x5961,0x61C2,0x4920,0x4901,0x4061,0x4061,0x3061,0x3020,
  0x3860,0x3840,0x4081,0x38A1,0x4921,0x6162,0x6161,0x5921,0x5101,0x5962,0x61A3,0x4941,
  0x30C0,0x5203,0x49C2,0x3100,0x41A2,0x5A45,0x3921,0x2880,0x51A3,0x51C4,0x30E0,0x5221,
  0x5A61,0x5A21,0x4961,0x30A0,0x38A0,0x48E0,0x4080,0x4901,0x4982,0x28E0,0x2900,0x3962,
  0x3922,0x3923,0x3963,0x3962,0x20E0,0x28E0,0x28A0,0x38E0,0x4901,0x5984,0x38E2,0x30A1,
  0x3922,0x3103,0x28A1,0x2860,0x2840,0x4161,0x49C2,0x5A63,0x5A24,0x38E0,0x48E2,0x58E3,
  0x50A2,0x4860,0x58E1,0x48C1,0x48E1,0x48C1,0x48C2,0x5102,0x48E1,0x38A0,0x4102,0x4983,
  0x5A06,0x59E6,0x51C5,0x4984,0x30E1,0x3921,0x51C3,0x4121,0x38C0,0x3080,0x2860,0x2860,
  0x30A2,0x30A0,0x4982,0x6283,0x4160,0x51A2,0x4102,0x38A1,0x3880,0x30A0,0x51E0,0x5A40,
  0x5A20,0x6222,0x4942,0x4902,0x3060,0x4981,0x3940,0x41C3,0x20E1,0x18A1,0x2901,0x3920,
  0x61A0,0x6180,0x5960,0x5920,0x5940,0x6181,0x5961,0x61A1,0x61A1,0x61E3,0x4121,0x28A0,
  0x3143,0x3144,0x3143,0x3122,0x3142,0x3102,0x28E1,0x28C0,0x3942,0x2922,0x2922,0x18A0,
  0x2101,0x2921,0x3162,0x28E0,0x3900,0x5982,0x5982,0x5121,0x5121,0x69A3,0x5922,0x40A0,
  0x5983,0x5122,0x38A0,0x40E0,0x59A3,0x59A3,0x5182,0x4121,0x4901,0x6182,0x5961,0x48E0,
  0x30A0,0x49E4,0x39C3,0x31A2,0x31C2,0x39E2,0x41E3,0x39C3,0x39A2,0x4204,0x4204,0x4A45,
  0x4204,0x2101,0x2921,0x3162,0x3161,0x4A24,0x4204,0x41E3,0x4224,0x4A24,0x41E3,0x41E4,
  0x41E5,0x49E5,0x4A06,0x3984,0x20E2,0x2923,0x2922,0x2943,0x20E1,0x2922,0x4A26,0x4A06,
  0x49E6,0x4A06,0x41E5,0x41C5,0x49E6,0x41E5,0x49E6,0x41A5,0x28E2,0x2902,0x2923,0x20C1,
  0x20C1,0x2943,0x2122,0x20C1,0x20C1,0x3943,0x49E6,0x41C5,0x4A06,0x4A26,0x39C5,0x18A0,
  0x2922,0x3943,0x2880,0x4101,0x61A3,0x6182,0x5982,0x5941,0x61C3,0x4900,0x5961,0x61A2,
  0x6182,0x6161,0x6181,0x6181,0x5140,0x5961,0x5120,0x5101,0x4040,0x3841,0x40A2,0x3881,
  0x3840,0x3861,0x3861,0x2820,0x40E0,0x5961,0x5941,0x6183,0x5962,0x5121,0x59A3,0x51C3,
  0x3900,0x5A44,0x3940,0x28E0,0x28E0,0x51C3,0x38E0,0x4142,0x6205,0x38E0,0x4141,0x5A63,
  0x41A1,0x5A22,0x6AA4,0x51E2,0x4141,0x5181,0x61E1,0x6222,0x5A44,0x2940,0x20E0,0x3942,
  0x3902,0x30E2,0x3943,0x3962,0x28E0,0x3921,0x4941,0x59A3,0x5143,0x40E2,0x2840,0x30C2,
  0x3943,0x3943,0x30C2,0x3861,0x40A1,0x3080,0x28A0,0x49A2,0x4141,0x38C1,0x5103,0x4881,
  0x50C2,0x58E2,0x48C0,0x48E1,0x4101,0x4902,0x4923,0x4922,0x40E1,0x4101,0x59E4,0x6246,
  0x59E5,0x4143,0x4184,0x5A26,0x4162,0x28E0,0x3120,0x30E0,0x30C0,0x4120,0x3900,0x38E0,
  0x59E5,0x38E0,0x49C1,0x6262,0x4160,0x51C2,0x4121,0x3080,0x4100,0x59C2,0x6222,0x6261,
  0x5A20,0x5A42,0x6224,0x59C3,0x4100,0x4161,0x3941,0x4A24,0x20C0,0x18A1,0x2901,0x30E0,
  0x5981,0x5960,0x5960,0x5960,0x5960,0x6160,0x6160,0x5960,0x5981,0x5181,0x51C2,0x28A0,
  0x28C1,0x3163,0x2901,0x20E0,0x2901,0x3101,0x4162,0x3942,0x28E1,0x2922,0x3183,0x18C1,
  0x18E1,0x18C0,0x2922,0x39A3,0x3901,0x38A0,0x59A3,0x5121,0x48C0,0x5962,0x5941,0x40A0,
  0x4922,0x5183,0x38C0,0x30C0,0x38E1,0x51A4,0x4963,0x38E1,0x4921,0x61A3,0x5941,0x48E0,
  0x2880,0x2900,0x39A3,0x4204,0x39E3,0x39A2,0x39C2,0x41E4,0x4204,0x39A3,0x2942,0x3162,
  0x2922,0x2922,0x62E8,0x6B29,0x2100,0x41E4,0x4204,0x41E3,0x4A24,0x4A45,0x4A25,0x39C4,
  0x49E5,0x4A06,0x4A06,0x3143,0x28E2,0x2902,0x2902,0x20E1,0x2902,0x41E5,0x4A06,0x4A06,
  0x4A06,0x4A07,0x49E6,0x49E6,0x4A06,0x4A06,0x5206,0x3963,0x28E2,0x2923,0x2922,0x20C1,
  0x18C1,0x2922,0x2122,0x3163,0x28E2,0x3102,0x51E6,0x5206,0x4A06,0x4A47,0x4205,0x18C0,
  0x20E1,0x3143,0x20A1,0x30A0,0x61C4,0x61A2,0x5981,0x5982,0x61C3,0x5962,0x5961,0x69A2,
  0x69A2,0x6181,0x6180,0x6180,0x5961,0x5941,0x4900,0x5121,0x4081,0x3840,0x38A1,0x3061,
  0x3881,0x3040,0x40C2,0x4102,0x38E0,0x5141,0x61C2,0x4901,0x30A0,0x38E0,0x3900,0x30C0,
  0x3920,0x5204,0x3961,0x3100,0x49A3,0x4161,0x30A0,0x5183,0x4962,0x38C0,0x4162,0x5203,
  0x28A0,0x3940,0x5201,0x5A43,0x6264,0x6243,0x6222,0x6263,0x5A64,0x3162,0x20E1,0x4163,
  0x3943,0x3943,0x41A4,0x3942,0x28C0,0x51A3,0x59A4,0x5122,0x5164,0x38C1,0x28A1,0x3923,
  0x3943,0x3923,0x2880,0x3861,0x3841,0x40C1,0x38A0,0x3080,0x38C1,0x38A1,0x40C2,0x5964,
  0x5922,0x48E1,0x40C0,0x4901,0x5163,0x51A4,0x4943,0x4122,0x38C0,0x38A0,0x40E0,0x38C0,
  0x38C0,0x38C1,0x2880,0x28A0,0x28A0,0x3101,0x5223,0x5A43,0x5A22,0x5A21,0x5A21,0x6243,
  0x6AA5,0x3920,0x49C0,0x6281,0x49C0,0x51E2,0x3900,0x38E1,0x5A03,0x6A44,0x59A1,0x51A0,
  0x5A21,0x5A41,0x5201,0x49A1,0x51C2,0x3940,0x4181,0x4A23,0x18A0,0x1880,0x2902,0x30E0,
  0x5981,0x5960,0x5960,0x61A1,0x6180,0x6160,0x69A1,0x6181,0x5960,0x5981,0x59E3,0x4142,
  0x2060,0x3122,0x3983,0x2921,0x20A0,0x28E1,0x4183,0x3121,0x3122,0x3143,0x2922,0x10A0,
  0x2102,0x2101,0x2922,0x2922,0x4184,0x38E2,0x4122,0x38C0,0x40C0,0x5962,0x5961,0x38A0,
  0x4942,0x3901,0x2880,0x4143,0x28C1,0x28A0,0x4164,0x4122,0x40E1,0x5962,0x5962,0x5942,
  0x4942,0x3101,0x20E0,0x39E4,0x39E3,0x39C2,0x41E3,0x41E4,0x39A3,0x2941,0x41E5,0x3163,
  0x2101,0x2922,0x5287,0x6B2A,0x3163,0x41E4,0x41E4,0x41E3,0x41E4,0x39C3,0x3182,0x3163,
  0x4A05,0x41E5,0x41E5,0x28E2,0x2902,0x2923,0x20E2,0x18C1,0x3143,0x4A26,0x41E5,0x41E5,
  0x41E6,0x49E6,0x49E6,0x49E6,0x4A06,0x49E6,0x49E6,0x3143,0x20E1,0x3143,0x3143,0x2922,
  0x20E1,0x20E1,0x2122,0x3163,0x2902,0x28E1,0x49E5,0x5226,0x4A06,0x5267,0x4205,0x18E1,
  0x20E1,0x3143,0x3102,0x2880,0x5162,0x61C3,0x5961,0x61C2,0x61A2,0x61A3,0x5962,0x6162,
  0x6181,0x6180,0x61A0,0x61A0,0x61A2,0x61A2,0x4920,0x5182,0x5103,0x3061,0x2881,0x2040,
  0x3060,0x3081,0x30A1,0x3901,0x30E0,0x3900,0x4121,0x38E0,0x49A3,0x5204,0x4182,0x3121,
  0x4182,0x4161,0x5204,0x5A04,0x49A3,0x2880,0x4121,0x5182,0x4962,0x3901,0x30C0,0x51E3,
  0x49C2,0x51E2,0x5A63,0x5A63,0x5202,0x5A03,0x51A2,0x3941,0x2921,0x20E1,0x20E2,0x4163,
  0x4142,0x3963,0x3963,0x3921,0x30A0,0x4922,0x5122,0x5122,0x5143,0x3080,0x28A1,0x3123,
  0x3143,0x3123,0x2860,0x3082,0x3041,0x48C3,0x48C3,0x4082,0x48C3,0x3861,0x3881,0x40E1,
  0x30C0,0x38E0,0x5182,0x6A66,0x6A46,0x5164,0x40C1,0x3880,0x40A0,0x48C0,0x48C0,0x50E1,
  0x50E2,0x50E2,0x48E3,0x4903,0x38C1,0x2880,0x51E3,0x6265,0x5A23,0x5A43,0x62A3,0x6264,
  0x49A2,0x3100,0x51E2,0x5A61,0x49C0,0x51C2,0x3902,0x4943,0x59E3,0x4120,0x3040,0x30A0,
  0x49C1,0x5240,0x5260,0x49E0,0x5203,0x3120,0x5202,0x4A43,0x20C0,0x18A1,0x28E2,0x28A0,
  0x4901,0x5941,0x5960,0x6180,0x6180,0x6180,0x69A1,0x69A1,0x6161,0x61A3,0x59A3,0x59E4,
  0x30C0,0x3101,0x3162,0x2941,0x3162,0x3121,0x28E0,0x3942,0x3943,0x3122,0x3143,0x18C1,
  0x18C1,0x2922,0x49E5,0x3942,0x4183,0x3102,0x3901,0x38C0,0x4901,0x59A3,0x5142,0x38A0,
  0x4963,0x30C1,0x28C2,0x3143,0x3963,0x20C0,0x28E1,0x4143,0x40C0,0x5921,0x5922,0x5101,
  0x59A4,0x4163,0x2901,0x41E4,0x39E3,0x4A24,0x5244,0x39A3,0x2921,0x5A87,0x738B,0x62E9,
  0x5AA8,0x5A88,0x5268,0x62E9,0x3163,0x3162,0x41E4,0x4A25,0x39C4,0x2921,0x20E0,0x1080,
  0x49E5,0x41E5,0x4A06,0x3164,0x20C1,0x3123,0x20E1,0x3163,0x4206,0x4A26,0x4A26,0x41A5,
  0x41C6,0x49E6,0x4A07,0x4A06,0x4A06,0x41A5,0x41A5,0x41A4,0x20C1,0x2922,0x2902,0x2922,
  0x3143,0x2122,0x2122,0x2922,0x2902,0x28E1,0x49A5,0x5206,0x5206,0x5247,0x39C4,0x18C1,
  0x20E1,0x2923,0x3964,0x28A1,0x38C0,0x61A3,0x5981,0x5981,0x61C2,0x6182,0x6182,0x6162,
  0x6161,0x6180,0x61A0,0x5960,0x5961,0x5961,0x59A2,0x59E3,0x4101,0x30A0,0x4184,0x3943,
  0x2880,0x30C1,0x2060,0x3141,0x5224,0x49C2,0x28A0,0x4183,0x5204,0x3941,0x4A04,0x49C3,
  0x3121,0x2060,0x3921,0x4121,0x4941,0x30C0,0x40E0,0x5182,0x5183,0x4121,0x2880,0x30E0,
  0x4161,0x49C2,0x49A1,0x4160,0x30E0,0x28A0,0x30A0,0x30C0,0x3101,0x2902,0x20C1,0x3922,
  0x3941,0x3142,0x3963,0x3942,0x30A0,0x4922,0x5943,0x5943,0x4923,0x2880,0x28E2,0x3163,
  0x3143,0x28C1,0x30C1,0x30A2,0x40E4,0x50E4,0x4022,0x4001,0x4022,0x48C3,0x3081,0x4142,
  0x6286,0x6AE6,0x6A85,0x51A3,0x40A1,0x4080,0x48E2,0x48C1,0x48A0,0x58C0,0x58A0,0x5080,
  0x5881,0x5081,0x5081,0x4881,0x48E2,0x3860,0x38A0,0x4121,0x4121,0x4141,0x3940,0x3100,
  0x28C0,0x3100,0x5A43,0x5A42,0x49C2,0x5A05,0x30C2,0x30C2,0x4962,0x3080,0x40C1,0x2860,
  0x4141,0x5241,0x5260,0x4A00,0x49E2,0x3100,0x5A43,0x4A02,0x20E0,0x20A1,0x28E2,0x28A1,
  0x3080,0x5941,0x5981,0x5960,0x69A0,0x69A0,0x6160,0x6140,0x6161,0x5941,0x5142,0x59C3,
  0x4962,0x30E0,0x3982,0x2962,0x3162,0x3163,0x3963,0x3122,0x3143,0x3963,0x3143,0x20C1,
  0x20A0,0x2901,0x41A4,0x3942,0x4163,0x3101,0x3101,0x30A0,0x4122,0x59A4,0x4102,0x38E2,
  0x4164,0x28E2,0x3964,0x2923,0x3143,0x3142,0x28C0,0x30E2,0x38A0,0x48E1,0x5121,0x48E1,
  0x4943,0x28C0,0x3963,0x4A46,0x41E3,0x2941,0x20C0,0x2901,0x41A4,0x6B2A,0x62E9,0x6B2B,
  0x6B2B,0x6B0B,0x6B2B,0x6B0A,0x4A26,0x18A0,0x20C0,0x41C4,0x41C4,0x3142,0x3142,0x20A0,
  0x49E6,0x41C5,0x41C5,0x4A06,0x3143,0x20A1,0x28E2,0x41C5,0x4A06,0x41E6,0x4A06,0x41E6,
  0x41C6,0x49E6,0x41C6,0x5227,0x41E5,0x41C5,0x4A06,0x41E5,0x28E2,0x20A1,0x20C1,0x1880,
  0x2923,0x3143,0x2922,0x2922,0x2902,0x28E1,0x41A4,0x4A06,0x4A06,0x5227,0x41E5,0x18C1,
  0x18C1,0x2923,0x2923,0x3122,0x30E1,0x51A3,0x59A2,0x5962,0x6161,0x6162,0x6161,0x6182,
  0x6161,0x5940,0x5140,0x5961,0x5982,0x61C3,0x59A3,0x38E0,0x28C0,0x4A03,0x5265,0x49E4,
  0x4143,0x30C0,0x2880,0x41C2,0x5A84,0x5222,0x3940,0x4163,0x3942,0x2080,0x5205,0x4162,
  0x3920,0x4161,0x28C0,0x30E0,0x5203,0x5203,0x30A0,0x4941,0x59A3,0x5141,0x38C0,0x3922,
  0x38E1,0x30A0,0x38C0,0x38E0,0x38C0,0x4900,0x5162,0x5161,0x51A2,0x4983,0x2060,0x28C0,
  0x3942,0x2921,0x3962,0x3942,0x28A0,0x4122,0x4102,0x3902,0x49A5,0x2080,0x20E2,0x3984,
  0x3143,0x28C0,0x28A0,0x30A1,0x4144,0x4924,0x3860,0x3000,0x3820,0x4082,0x3861,0x5123,
  0x7288,0x59A4,0x4902,0x40A0,0x48C1,0x50C1,0x50A1,0x50A0,0x50A0,0x50A0,0x50A0,0x50A0,
  0x58A0,0x5080,0x50A1,0x4880,0x48A1,0x3860,0x3020,0x38A0,0x3880,0x38A0,0x38A0,0x38C1,
  0x30A0,0x30E0,0x62A3,0x49E0,0x41C2,0x49E5,0x30C2,0x2060,0x30A0,0x38C0,0x40E0,0x3080,
  0x4121,0x6243,0x49E2,0x51E3,0x3961,0x28C0,0x5202,0x4A03,0x28E0,0x18A0,0x2902,0x28C0,
  0x40E0,0x5961,0x6181,0x6161,0x61A1,0x6181,0x6161,0x6141,0x6141,0x5941,0x5141,0x5982,
  0x61E3,0x38E0,0x3101,0x3983,0x2922,0x3142,0x3142,0x3163,0x3142,0x2922,0x2922,0x1080,
  0x18A0,0x2901,0x3983,0x3962,0x2901,0x2901,0x28C0,0x20A0,0x4163,0x4163,0x3102,0x3902,
  0x3923,0x3123,0x3123,0x3122,0x2942,0x2921,0x2901,0x2902,0x30E1,0x30C0,0x4122,0x4963,
  0x3922,0x20A0,0x3983,0x39C4,0x2942,0x2962,0x39C5,0x39A4,0x5AA9,0x6B0A,0x6B2B,0x6B2A,
  0x6B2A,0x6B0A,0x6B0A,0x6B2A,0x39A5,0x3143,0x3143,0x2080,0x2860,0x4121,0x51A3,0x4142,
  0x4A06,0x49E6,0x39A4,0x41C5,0x39A5,0x20E2,0x3163,0x41C5,0x49E6,0x49E6,0x49C6,0x4A07,
  0x41C6,0x41C5,0x41C5,0x49E6,0x41C5,0x4A06,0x49E6,0x4A06,0x41E6,0x3984,0x41E6,0x2923,
  0x20E2,0x3143,0x2902,0x2902,0x2902,0x20C1,0x3984,0x41C5,0x49E6,0x5247,0x4A06,0x20E2,
  0x20C1,0x2923,0x2923,0x3143,0x28A0,0x3901,0x61E4,0x69E4,0x6182,0x6181,0x6140,0x5900,
  0x5961,0x5941,0x5141,0x61A3,0x5963,0x4901,0x3040,0x2860,0x4181,0x5263,0x3140,0x3962,
  0x5205,0x28A0,0x2060,0x28E0,0x4A01,0x5262,0x49E2,0x4142,0x4163,0x3942,0x51C4,0x3900,
  0x4982,0x5A03,0x4160,0x4181,0x49E2,0x41A2,0x3941,0x3900,0x61E4,0x61A3,0x4921,0x30A0,
  0x30A0,0x4101,0x59A3,0x5983,0x5141,0x6161,0x5940,0x5940,0x5141,0x4962,0x28A0,0x28A0,
  0x3122,0x3162,0x3162,0x41A3,0x3101,0x2060,0x3943,0x6268,0x3143,0x20C1,0x3123,0x3143,
  0x30E1,0x3901,0x3901,0x2080,0x5205,0x38E1,0x40E1,0x48E2,0x3840,0x4061,0x4082,0x3000,
  0x3840,0x4081,0x48A1,0x50E1,0x50A0,0x58A0,0x58A0,0x5080,0x50A0,0x50A0,0x50A0,0x50A0,
  0x50A0,0x50A0,0x50C0,0x4880,0x50A1,0x4881,0x3840,0x48A2,0x4061,0x4081,0x3840,0x3861,
  0x38A0,0x30E0,0x5A41,0x4A01,0x3982,0x28E2,0x28C1,0x3922,0x30E1,0x30A0,0x38E0,0x3080,
  0x4982,0x6245,0x30E0,0x51E4,0x4162,0x20A0,0x49C1,0x49E3,0x28E0,0x20C0,0x2921,0x3121,
  0x61E3,0x5940,0x5100,0x5960,0x6181,0x6181,0x6181,0x6140,0x6161,0x6161,0x5961,0x5961,
  0x61A3,0x51A2,0x2080,0x28E1,0x3163,0x3163,0x2922,0x3142,0x3142,0x2922,0x2942,0x18C0,
  0x20E1,0x2901,0x2922,0x20E0,0x20E0,0x2901,0x1880,0x20C0,0x3963,0x3102,0x20A0,0x3122,
  0x3943,0x3143,0x3102,0x28E1,0x2901,0x2921,0x3142,0x3183,0x3142,0x30E1,0x3902,0x3922,
  0x4142,0x3942,0x20C0,0x2942,0x18E0,0x2122,0x6B2B,0x6B2B,0x6B2B,0x6B0B,0x5AA9,0x5227,
  0x6AE9,0x6AE9,0x6B0A,0x62E9,0x3143,0x3143,0x41A5,0x4163,0x4121,0x4921,0x5982,0x59A4,
  0x49E6,0x4A06,0x39A4,0x41C5,0x41E5,0x28E2,0x41A5,0x41C5,0x4A06,0x5227,0x4A06,0x5227,
  0x41C6,0x41C6,0x41C6,0x41A5,0x4A06,0x5267,0x49E5,0x49E6,0x4A06,0x41E6,0x49E6,0x3164,
  0x18A1,0x3123,0x3122,0x2922,0x3143,0x2902,0x41C5,0x41E5,0x4A06,0x5247,0x4A06,0x2902,
  0x20E2,0x2923,0x2902,0x2923,0x3123,0x28A1,0x5183,0x59A3,0x5962,0x6161,0x6161,0x6181,
  0x6182,0x61A3,0x61A4,0x4902,0x3040,0x3040,0x3881,0x38A1,0x30E0,0x6265,0x5203,0x5205,
  0x4984,0x30C1,0x4141,0x3940,0x5221,0x5A62,0x49E1,0x3900,0x5204,0x5224,0x30E0,0x3900,
  0x59E3,0x4141,0x3900,0x51E3,0x4182,0x28E0,0x49C3,0x4120,0x4100,0x5141,0x5962,0x4942,
  0x4942,0x5182,0x5962,0x5121,0x5941,0x6181,0x5940,0x6161,0x5961,0x5162,0x3901,0x28A0,
  0x3122,0x3142,0x3983,0x3963,0x3102,0x3902,0x6AC9,0x5A67,0x20A0,0x20E1,0x3163,0x3122,
  0x20A0,0x4182,0x49A2,0x2080,0x49A2,0x4962,0x51A4,0x4922,0x3861,0x3841,0x3862,0x3841,
  0x3841,0x5103,0x48A0,0x50A0,0x50A0,0x50C0,0x50A0,0x5080,0x5080,0x50A0,0x50A0,0x50A0,
  0x50A0,0x5080,0x50A0,0x5080,0x50A1,0x4881,0x3840,0x3840,0x3020,0x3881,0x3061,0x40E3,
  0x3080,0x3940,0x6283,0x49E2,0x41C4,0x3103,0x4165,0x4164,0x3922,0x3921,0x30C0,0x2860,
  0x3100,0x3941,0x3100,0x3121,0x28E0,0x28E0,0x41A1,0x49E3,0x20C0,0x20A0,0x20E1,0x3942,
  0x59A2,0x5940,0x5120,0x5940,0x5980,0x61A0,0x6180,0x61A0,0x6180,0x5940,0x6181,0x5961,
  0x5162,0x59A3,0x3101,0x28E0,0x3142,0x3122,0x3122,0x3142,0x2942,0x2942,0x2942,0x18A0,
  0x20E1,0x20E1,0x2922,0x3142,0x3162,0x3983,0x3122,0x2901,0x28E1,0x1880,0x20A0,0x3963,
  0x3963,0x3102,0x2922,0x3142,0x3122,0x2901,0x2901,0x2942,0x2901,0x20A0,0x30C1,0x30E1,
  0x3943,0x41A4,0x2901,0x4A26,0x6309,0x4A67,0x630A,0x62CA,0x6AEA,0x6B4C,0x3984,0x20E2,
  0x62A8,0x6B0A,0x6B0A,0x62C9,0x3164,0x3143,0x3122,0x3102,0x4962,0x5162,0x5162,0x5183,
  0x41E5,0x41A5,0x41C5,0x4A26,0x41E5,0x2902,0x41C5,0x41E5,0x4A06,0x5207,0x49E6,0x49E6,
  0x49E6,0x4A06,0x41A5,0x41A5,0x4A06,0x41E5,0x3143,0x3123,0x3984,0x4A06,0x4A06,0x41E6,
  0x20E2,0x2902,0x2902,0x2902,0x3122,0x2902,0x41A4,0x41C5,0x49E6,0x5226,0x4A06,0x2923,
  0x20C1,0x2923,0x2102,0x2102,0x3143,0x28A0,0x30C1,0x5163,0x61A4,0x61A3,0x6183,0x6182,
  0x5942,0x40C1,0x3860,0x3860,0x3861,0x3882,0x3040,0x38A1,0x30A0,0x4120,0x51C3,0x4983,
  0x3902,0x3922,0x5A04,0x6264,0x5A22,0x5222,0x3940,0x2080,0x28E0,0x51E2,0x3941,0x28A0,
  0x4141,0x4982,0x3921,0x49A3,0x4183,0x3962,0x4182,0x4161,0x4100,0x5981,0x4920,0x5982,
  0x5982,0x5982,0x5120,0x5920,0x5940,0x5920,0x5920,0x5940,0x5141,0x5162,0x4142,0x2060,
  0x3122,0x3983,0x3963,0x4183,0x3122,0x28A0,0x51E5,0x3943,0x20C1,0x20E1,0x2942,0x3141,
  0x20C0,0x49C2,0x5203,0x28C0,0x4161,0x4982,0x59A4,0x5984,0x3040,0x3861,0x3882,0x3881,
  0x3000,0x40A1,0x4060,0x50A0,0x50C0,0x50A0,0x50A0,0x48A0,0x50A0,0x50C0,0x50C0,0x5080,
  0x5080,0x5080,0x58A1,0x5081,0x50A1,0x4081,0x3840,0x3020,0x4902,0x5143,0x30A0,0x51A4,
  0x28A0,0x4180,0x6283,0x49E1,0x3921,0x30C2,0x3924,0x28C1,0x1860,0x2080,0x30E1,0x4182,
  0x3941,0x3141,0x41C3,0x2900,0x20C0,0x2900,0x4181,0x49C3,0x20A0,0x2080,0x20A0,0x3101,
  0x5162,0x5940,0x5961,0x5980,0x5960,0x6180,0x6160,0x6180,0x6180,0x5940,0x6181,0x5961,
  0x5120,0x5182,0x4162,0x28E1,0x3122,0x3101,0x3122,0x3122,0x3142,0x3162,0x3183,0x20E0,
  0x2101,0x2901,0x3142,0x2922,0x20E1,0x2922,0x3122,0x2922,0x28E1,0x28E1,0x3963,0x3942,
  0x2901,0x3142,0x3142,0x3122,0x2901,0x2922,0x3143,0x2943,0x2101,0x20C1,0x3122,0x3943,
  0x3922,0x3122,0x20E1,0x4226,0x6B4B,0x630A,0x6B2B,0x62EA,0x6AEA,0x62EA,0x6B2B,0x6AEA,
  0x6AEA,0x62E9,0x6B0A,0x5AA8,0x18A1,0x3143,0x3963,0x3102,0x30E0,0x38E0,0x5183,0x4942,
  0x49E5,0x41A4,0x49E6,0x41C5,0x2902,0x20C1,0x3143,0x41C5,0x4A06,0x4A06,0x5227,0x49E6,
  0x4A06,0x49E6,0x41A5,0x4A06,0x3984,0x20E1,0x20E1,0x20E1,0x2902,0x3123,0x41A5,0x41E6,
  0x20C1,0x2922,0x2902,0x3122,0x3143,0x3122,0x41C5,0x49E6,0x4A06,0x4A06,0x4A06,0x3143,
  0x18A1,0x2923,0x2102,0x2102,0x3122,0x3122,0x28A0,0x4984,0x5164,0x4902,0x40A1,0x3860,
  0x3840,0x3040,0x3881,0x3881,0x3041,0x3040,0x40E2,0x59A3,0x6204,0x38C0,0x38E0,0x3901,
  0x30C0,0x2880,0x3901,0x4162,0x30E0,0x3100,0x3921,0x28E0,0x3982,0x6284,0x6263,0x4160,
  0x3920,0x4983,0x3901,0x51E5,0x3943,0x3122,0x41A3,0x4121,0x4120,0x59A1,0x5981,0x6181,
  0x5941,0x5940,0x5920,0x5940,0x5920,0x5900,0x5920,0x5120,0x5140,0x5162,0x4942,0x2060,
  0x3122,0x41A4,0x3963,0x4184,0x30E1,0x30E1,0x41A4,0x20C0,0x20E1,0x2922,0x2941,0x2920,
  0x2900,0x5203,0x5A23,0x3100,0x28A0,0x49A3,0x6205,0x4101,0x40E1,0x40E2,0x3081,0x38A1,
  0x3060,0x48C1,0x48A0,0x5080,0x58A0,0x50A0,0x50A1,0x48A0,0x48A0,0x50C0,0x50A0,0x5080,
  0x5080,0x5080,0x58A1,0x50A1,0x50A1,0x4881,0x4060,0x3040,0x59A3,0x51C3,0x3900,0x49A2,
  0x3940,0x5A62,0x5221,0x51E1,0x4141,0x2881,0x2040,0x20A0,0x2901,0x20E1,0x20A1,0x3982,
  0x41E3,0x4A24,0x39C3,0x41C3,0x39A2,0x3120,0x41A1,0x49C3,0x28C0,0x28C1,0x28C2,0x3102,
  0x59A3,0x5141,0x5141,0x5981,0x5940,0x5900,0x6160,0x6940,0x6960,0x6940,0x6161,0x5920,
  0x5120,0x5982,0x4142,0x20A0,0x3101,0x3142,0x3142,0x3142,0x3162,0x3183,0x3183,0x18C0,
  0x18A0,0x2101,0x3183,0x3142,0x2901,0x2902,0x2901,0x3142,0x2921,0x28E1,0x20E0,0x20C0,
  0x28E0,0x20E0,0x2921,0x3163,0x3142,0x2101,0x20E1,0x2102,0x20E1,0x20E1,0x3122,0x4183,
  0x3122,0x20E1,0x3142,0x62E9,0x632A,0x5AEA,0x62EA,0x6B0B,0x6B0B,0x6B0B,0x6B0A,0x6B2B,
  0x62EA,0x6B0A,0x62E9,0x5AC9,0x2102,0x18C1,0x2922,0x3963,0x3942,0x30E0,0x4142,0x49A3,
  0x49E5,0x49E5,0x41C5,0x20E1,0x18A0,0x20C1,0x20E1,0x41C5,0x49E6,0x4A06,0x4A06,0x4A06,
  0x5227,0x49E6,0x49E6,0x5247,0x3143,0x20C1,0x2922,0x3163,0x3163,0x20C1,0x39A5,0x41C5,
  0x20C1,0x3143,0x2922,0x3143,0x3122,0x2902,0x41E5,0x4A26,0x4A06,0x4A06,0x49E6,0x3143,
  0x18A1,0x2923,0x2923,0x2102,0x3142,0x3963,0x2060,0x28A1,0x2840,0x2820,0x3020,0x3041,
  0x3861,0x3861,0x3041,0x3060,0x40C2,0x5164,0x61E6,0x5163,0x59A3,0x59A3,0x4942,0x4983,
  0x28A0,0x28A0,0x30C0,0x2880,0x30C0,0x51A2,0x5204,0x28E1,0x4A03,0x5203,0x4161,0x5A03,
  0x4141,0x3900,0x38E1,0x5A26,0x4164,0x3942,0x4983,0x30C0,0x5161,0x5981,0x6181,0x6181,
  0x6160,0x5940,0x5940,0x5100,0x5100,0x5940,0x5100,0x5940,0x5161,0x4921,0x3901,0x2060,
  0x28E1,0x3143,0x3963,0x4183,0x3101,0x3942,0x4183,0x20C0,0x2901,0x3163,0x2941,0x20E0,
  0x2920,0x4A02,0x5A44,0x4162,0x2060,0x30C1,0x59E4,0x4983,0x51A4,0x38E1,0x2840,0x38C1,
  0x3040,0x3860,0x4881,0x4840,0x58A1,0x58A1,0x50A0,0x4880,0x4860,0x4880,0x5080,0x5080,
  0x5060,0x5060,0x5060,0x5080,0x4881,0x48A1,0x4060,0x3880,0x5182,0x51C3,0x5203,0x4180,
  0x41A0,0x62A3,0x51E0,0x51C1,0x4962,0x2880,0x30C1,0x49E4,0x5285,0x4203,0x20E0,0x20E0,
  0x4204,0x41E3,0x39A2,0x3181,0x3160,0x3140,0x49E2,0x41C3,0x20A0,0x20A1,0x20C2,0x20A0,
  0x4962,0x59C3,0x59A3,0x59A2,0x59A3,0x5962,0x6182,0x6962,0x6141,0x6121,0x6141,0x5941,
  0x5961,0x5141,0x51A3,0x28E0,0x20A0,0x3142,0x3142,0x3162,0x3162,0x3142,0x3162,0x18C0,
  0x20C0,0x2921,0x3163,0x2922,0x20E1,0x2902,0x2901,0x3142,0x20E1,0x20E0,0x3162,0x3183,
  0x3182,0x2901,0x20E0,0x20E1,0x2901,0x2902,0x20E1,0x18C0,0x18C0,0x2901,0x2901,0x3943,
  0x3963,0x2922,0x2101,0x5AA8,0x6B2A,0x6B4B,0x630A,0x62EA,0x62CA,0x62EA,0x62C9,0x6B0A,
  0x62C9,0x62EA,0x630A,0x6B2B,0x2943,0x18C1,0x2922,0x3142,0x3162,0x3942,0x28C0,0x4142,
  0x41C5,0x4A06,0x3163,0x20C1,0x20E1,0x2902,0x20C1,0x41C5,0x41C5,0x4A06,0x49E6,0x4A26,
  0x5226,0x5227,0x41E5,0x41E5,0x2922,0x2902,0x2922,0x2922,0x3143,0x2902,0x3984,0x3163,
  0x20E1,0x2922,0x2922,0x2922,0x2902,0x20C1,0x41E5,0x4A06,0x4A06,0x4A26,0x4A06,0x3143,
  0x1880,0x2943,0x2923,0x2102,0x2942,0x2902,0x20A1,0x2881,0x2861,0x38A2,0x3882,0x3841,
  0x3841,0x3840,0x40C2,0x5984,0x61E5,0x59A5,0x4944,0x3081,0x3880,0x4922,0x59A4,0x4943,
  0x3102,0x28A0,0x4162,0x51A2,0x59A1,0x59E3,0x4161,0x3120,0x5A65,0x41A1,0x28C0,0x5A24,
  0x4982,0x4982,0x4122,0x30C1,0x4963,0x51A4,0x38C1,0x4101,0x5981,0x5981,0x5920,0x6160,
  0x6181,0x5940,0x5940,0x5920,0x5100,0x5920,0x5940,0x5120,0x40E0,0x38E0,0x49A4,0x3922,
  0x20A0,0x3963,0x3142,0x3963,0x3942,0x3101,0x28E1,0x28E1,0x3163,0x3142,0x2921,0x20E0,
  0x3120,0x41A1,0x5A44,0x5204,0x2880,0x2880,0x30A0,0x4963,0x6225,0x4143,0x30C1,0x51A4,
  0x38A1,0x2800,0x48A2,0x50A2,0x5061,0x5080,0x50A0,0x50A0,0x5080,0x5080,0x50A0,0x5080,
  0x5060,0x5060,0x4840,0x4860,0x48A1,0x48C1,0x4060,0x38A0,0x59E3,0x5A23,0x49E2,0x3120,
  0x5242,0x5241,0x4980,0x51A1,0x4921,0x3040,0x4964,0x4163,0x39A2,0x41E3,0x3983,0x39A4,
  0x41E3,0x39A2,0x39E3,0x31A1,0x20E0,0x39A1,0x5A85,0x4A24,0x20C0,0x20A1,0x2902,0x2080,
  0x3922,0x4162,0x30E1,0x4162,0x59E5,0x4943,0x4902,0x4902,0x50E1,0x5922,0x6162,0x5921,
  0x6161,0x5941,0x51C3,0x3121,0x20A0,0x3963,0x3121,0x3122,0x3142,0x2942,0x3142,0x18C0,
  0x20E0,0x18C0,0x20C0,0x18C0,0x18A0,0x2902,0x3143,0x3183,0x2901,0x3182,0x5265,0x41E4,
  0x4204,0x4A25,0x39C4,0x2942,0x2922,0x3143,0x39A4,0x31A4,0x2101,0x2962,0x20E0,0x20E1,
  0x20E1,0x20E0,0x20E0,0x2942,0x2963,0x31A4,0x5AA8,0x62EA,0x62C9,0x62C9,0x62EA,0x6B0A,
  0x62E9,0x62C9,0x6B2B,0x630A,0x3164,0x1080,0x2943,0x3143,0x2921,0x3983,0x3142,0x28E1,
  0x41A5,0x49E6,0x3123,0x20C1,0x2922,0x20C0,0x2902,0x41C5,0x41C5,0x4A06,0x4A06,0x5226,
  0x4A06,0x4A06,0x41E5,0x3143,0x28E1,0x3143,0x2901,0x2901,0x3143,0x20E1,0x3143,0x49E6,
  0x20C1,0x20C1,0x2901,0x2922,0x2902,0x28E1,0x41C5,0x49E5,0x49E6,0x4A06,0x4A06,0x3143,
  0x18A1,0x2102,0x2102,0x2102,0x2923,0x2923,0x2081,0x2081,0x30A2,0x3060,0x3040,0x3860,
  0x4902,0x61A4,0x61A4,0x61C4,0x5122,0x3880,0x2880,0x2880,0x3080,0x3060,0x38E1,0x4984,
  0x51E5,0x28C1,0x38E0,0x51A2,0x5161,0x59C2,0x4141,0x4182,0x5225,0x3941,0x3920,0x51C3,
  0x4120,0x4982,0x59E4,0x38E1,0x38C0,0x3060,0x38C0,0x5982,0x5961,0x5961,0x6161,0x6161,
  0x5961,0x5920,0x5120,0x5961,0x5140,0x5120,0x48E0,0x38C0,0x4962,0x59E4,0x4163,0x28C1,
  0x28C1,0x3983,0x3963,0x3963,0x4183,0x28C1,0x20C0,0x3963,0x3984,0x3143,0x2901,0x28E0,
  0x4182,0x3961,0x5203,0x5A24,0x3941,0x30C0,0x30C0,0x2860,0x38E1,0x3922,0x3902,0x51A5,
  0x4944,0x3860,0x4081,0x5080,0x5060,0x5880,0x5880,0x58C0,0x50A0,0x5080,0x5080,0x5080,
  0x5080,0x5080,0x5080,0x50A0,0x48A0,0x48C1,0x40A0,0x3880,0x38C0,0x30E0,0x28C0,0x2900,
  0x5A63,0x51E1,0x5181,0x5162,0x40A1,0x3881,0x3081,0x3902,0x41E4,0x39A3,0x3962,0x2901,
  0x20E0,0x2100,0x3161,0x39E2,0x2940,0x2100,0x2941,0x2941,0x18A0,0x18C0,0x2102,0x20C2,
  0x20A0,0x2060,0x2080,0x20C0,0x20C0,0x20A0,0x20A0,0x28A0,0x38E1,0x5163,0x5962,0x5941,
  0x5940,0x5940,0x51A3,0x3122,0x28C0,0x3142,0x28E0,0x3122,0x2921,0x3142,0x3143,0x18A0,
  0x18A0,0x20E1,0x2922,0x18A0,0x20E1,0x3143,0x3143,0x2101,0x2100,0x41E4,0x4204,0x39C3,
  0x41E3,0x4204,0x39A3,0x2942,0x2942,0x2101,0x2101,0x31A3,0x39E4,0x39C4,0x3162,0x20C0,
  0x18A0,0x3162,0x39A3,0x3183,0x39A3,0x2942,0x20E1,0x5267,0x736B,0x734B,0x6B2A,0x630A,
  0x630A,0x5AC9,0x62EA,0x6B2B,0x2923,0x1080,0x3163,0x2922,0x2942,0x3183,0x3163,0x28E1,
  0x49E5,0x41E5,0x2902,0x1880,0x20E1,0x20C1,0x3964,0x49E6,0x41C5,0x49E5,0x49E5,0x4A06,
  0x49E6,0x5247,0x41A5,0x1880,0x20E1,0x2922,0x2922,0x2922,0x3143,0x2902,0x20E1,0x3984,
  0x41E5,0x2923,0x20E1,0x3143,0x2902,0x2902,0x49E5,0x49E6,0x49E6,0x41E5,0x4A06,0x3143,
  0x18A1,0x20E2,0x2102,0x2102,0x2903,0x3124,0x3124,0x28C2,0x2060,0x38E1,0x5184,0x5983,
  0x61A3,0x69E4,0x5982,0x5983,0x5983,0x4922,0x2880,0x28C1,0x28A0,0x2020,0x38E1,0x49A4,
  0x4983,0x28A0,0x30C0,0x5182,0x5982,0x5982,0x38C0,0x4163,0x51E4,0x30E0,0x3901,0x4982,
  0x4141,0x4941,0x59C3,0x59C3,0x59C3,0x5142,0x5982,0x6162,0x5921,0x5940,0x5961,0x5941,
  0x5140,0x5982,0x5962,0x5161,0x4900,0x40E0,0x4941,0x59C4,0x4983,0x30C1,0x28C0,0x28C1,
  0x2902,0x3983,0x3942,0x3962,0x4183,0x28E1,0x28E1,0x3984,0x3143,0x3143,0x20C1,0x41A3,
  0x49E4,0x30E0,0x51C3,0x6264,0x49C2,0x4140,0x30C0,0x30C0,0x30C0,0x28A0,0x2880,0x28A1,
  0x3080,0x3040,0x3840,0x50C0,0x58A0,0x58C0,0x5880,0x5060,0x5080,0x5080,0x50C0,0x50A0,
  0x50A0,0x50A0,0x4880,0x48A0,0x40A0,0x40C0,0x40A0,0x3880,0x2880,0x28C0,0x20A0,0x3940,
  0x5A43,0x5A03,0x51A3,0x5143,0x3860,0x3861,0x3041,0x30C2,0x3101,0x1860,0x1880,0x41C4,
  0x5266,0x2121,0x18C0,0x4A24,0x4A44,0x3181,0x2120,0x20E0,0x18A0,0x18E0,0x18E1,0x18E2,
  0x20C1,0x2902,0x20E1,0x20E1,0x20C0,0x1880,0x20A0,0x3942,0x4962,0x5162,0x5121,0x5941,
  0x5920,0x5941,0x51C4,0x4183,0x1840,0x20A0,0x20C0,0x3122,0x3142,0x3142,0x2901,0x18A0,
  0x20E1,0x2942,0x20E1,0x2922,0x3143,0x3163,0x2922,0x20C0,0x3182,0x31A2,0x41E3,0x4A45,
  0x4203,0x39C3,0x2941,0x2100,0x2942,0x2101,0x2100,0x31A2,0x4245,0x4204,0x39C3,0x2100,
  0x2100,0x41E3,0x4204,0x39C3,0x3182,0x39A3,0x2100,0x2100,0x3183,0x5287,0x6B0A,0x6B4B,
  0x62C9,0x62EA,0x6B2B,0x5AC9,0x20C1,0x18A1,0x2922,0x3163,0x3183,0x2942,0x2942,0x28E1,
  0x41C5,0x41E5,0x3964,0x3163,0x2902,0x20E1,0x41C5,0x4A06,0x49E5,0x4A06,0x49E5,0x4A06,
  0x49E6,0x49E5,0x41C5,0x2902,0x3142,0x28E1,0x2902,0x2922,0x2922,0x3143,0x20E1,0x20C1,
  0x4A06,0x3143,0x2902,0x3163,0x28E1,0x2902,0x4A06,0x4A06,0x49E6,0x49E6,0x5227,0x3984,
  0x20C1,0x2102,0x2102,0x20E2,0x20E2,0x3123,0x3144,0x3124,0x3102,0x3902,0x59C5,0x59C4,
  0x61A3,0x59A2,0x5982,0x5982,0x5182,0x38C0,0x28C0,0x20A0,0x28C0,0x28A0,0x30E0,0x4983,
  0x4162,0x30C0,0x5182,0x61C3,0x5982,0x5982,0x40E1,0x30A0,0x4963,0x59E5,0x49A3,0x38E0,
  0x4100,0x51A2,0x51A1,0x5161,0x5961,0x61A2,0x61A2,0x5961,0x5941,0x5941,0x5941,0x5961,
  0x5161,0x5141,0x40E0,0x38E0,0x4942,0x59E4,0x51A3,0x4142,0x28A0,0x28C0,0x3963,0x20C1,
  0x20C0,0x3963,0x3121,0x3962,0x3983,0x28E1,0x28E1,0x3984,0x3964,0x3123,0x28C1,0x4163,
  0x3921,0x3921,0x30C0,0x5202,0x6263,0x51E2,0x51C1,0x4160,0x3920,0x3920,0x30E0,0x28C0,
  0x30C0,0x38C0,0x3860,0x50E0,0x50C0,0x58A0,0x50A0,0x50A0,0x50A0,0x50C0,0x48C0,0x48A0,
  0x50C1,0x50E1,0x48C1,0x48C1,0x48E1,0x4901,0x40C0,0x3080,0x30A0,0x3921,0x28C0,0x41A1,
  0x5A43,0x59E2,0x4962,0x4922,0x3840,0x3881,0x3881,0x2020,0x2080,0x49C3,0x5225,0x3142,
  0x2921,0x3182,0x39C3,0x4223,0x4203,0x4A44,0x4204,0x39A2,0x2100,0x18C0,0x10A0,0x1902,
  0x20E2,0x18C1,0x18A0,0x20A0,0x28E0,0x4162,0x51A3,0x5182,0x5961,0x5120,0x5100,0x5961,
  0x5120,0x4900,0x4142,0x41A4,0x20A0,0x20A0,0x20A0,0x20E1,0x3983,0x3142,0x2101,0x1060,
  0x2101,0x2122,0x2922,0x3163,0x3984,0x3183,0x2942,0x18A0,0x20E0,0x2100,0x2100,0x2941,
  0x39E3,0x4203,0x31A2,0x2100,0x2921,0x2962,0x3182,0x39E3,0x39E3,0x39E3,0x39E3,0x31A2,
  0x3181,0x4204,0x41E3,0x39A2,0x39C2,0x39A2,0x39C3,0x3182,0x2100,0x2101,0x2942,0x5288,
  0x6B2B,0x62CA,0x62CA,0x5268,0x20A1,0x20C1,0x1880,0x3143,0x3163,0x2102,0x2122,0x20E1,
  0x41C5,0x41E5,0x41C5,0x41C5,0x3143,0x3163,0x4A06,0x41E5,0x49E5,0x4A06,0x49E5,0x41C5,
  0x49E6,0x41C5,0x49E5,0x2902,0x20E1,0x3122,0x2922,0x2901,0x3122,0x2922,0x2922,0x2902,
  0x20C1,0x2922,0x3122,0x3143,0x20E1,0x3122,0x4A06,0x49E5,0x49E6,0x4A06,0x4A06,0x39A5,
  0x20E2,0x2102,0x2922,0x2902,0x2942,0x2922,0x20E2,0x3123,0x4164,0x30C1,0x30A0,0x4922,
  0x59A3,0x61C2,0x5981,0x59C2,0x4941,0x3060,0x28A0,0x2901,0x20A0,0x2060,0x3101,0x5A04,
  0x38E1,0x3080,0x59A2,0x5982,0x5120,0x61C3,0x61E3,0x5162,0x38C0,0x30A0,0x38C0,0x4941,
  0x59A2,0x5161,0x5160,0x61C2,0x61C2,0x61A2,0x5961,0x5941,0x5961,0x5961,0x5161,0x4941,
  0x4121,0x3900,0x4942,0x59E4,0x51A4,0x3901,0x2880,0x30A0,0x3101,0x2080,0x28E1,0x2902,
  0x20C1,0x3142,0x3142,0x3983,0x3963,0x20C0,0x20C0,0x3963,0x3943,0x28C1,0x30E1,0x4122,
  0x4962,0x5A04,0x3900,0x3920,0x5A23,0x5A22,0x5A22,0x5A02,0x5A23,0x5A44,0x5223,0x5203,
  0x5A04,0x51E4,0x38A0,0x48C0,0x50E1,0x4880,0x50A0,0x50C1,0x5101,0x5122,0x5122,0x4901,
  0x48E1,0x48E1,0x48E1,0x40A1,0x40A0,0x40C1,0x40C0,0x30A0,0x49A3,0x6265,0x3961,0x5201,
  0x5A21,0x51C2,0x51A2,0x38C1,0x2820,0x3080,0x30A1,0x3080,0x3900,0x5203,0x3141,0x20E1,
  0x41C4,0x4A46,0x4224,0x39C2,0x4223,0x4A24,0x4A24,0x41E3,0x3181,0x3182,0x2121,0x10A0,
  0x18E2,0x2102,0x39A4,0x49E5,0x51C3,0x59C3,0x61A2,0x6141,0x6141,0x50E0,0x48C0,0x4921,
  0x30A0,0x2860,0x28E1,0x2901,0x1880,0x20A0,0x20E1,0x20E1,0x2922,0x2942,0x3163,0x18A0,
  0x2101,0x20E1,0x2942,0x2922,0x20E1,0x2942,0x3142,0x3162,0x2941,0x39C3,0x2120,0x18E0,
  0x31A2,0x4224,0x4A44,0x39E3,0x39E3,0x4204,0x4204,0x4203,0x39E3,0x39C2,0x4203,0x39E3,
  0x39C2,0x39E3,0x31A2,0x39C2,0x4204,0x39E3,0x39E3,0x4A44,0x4204,0x41C4,0x20E1,0x3183,
  0x62E9,0x630A,0x62EA,0x5A89,0x2902,0x3122,0x2080,0x20A0,0x20C1,0x18C1,0x18C1,0x2102,
  0x49E5,0x49E5,0x41E5,0x41A5,0x3163,0x41C5,0x4A06,0x41E5,0x4A06,0x4A06,0x4A05,0x2902,
  0x2902,0x4A06,0x4A06,0x20C1,0x20E1,0x3143,0x3142,0x2922,0x2922,0x2901,0x2922,0x3143,
  0x18A0,0x3143,0x3122,0x2922,0x20E1,0x3143,0x49E5,0x41C5,0x49E6,0x41E5,0x41C5,0x3164,
  0x20E2,0x2102,0x2923,0x2943,0x3163,0x2922,0x2922,0x2902,0x3123,0x30E2,0x2880,0x2860,
  0x40C0,0x6204,0x59A3,0x5182,0x4961,0x2860,0x3902,0x3923,0x2060,0x30E2,0x51A5,0x3901,
  0x3080,0x4900,0x5961,0x5140,0x5960,0x59A1,0x5980,0x61C2,0x59A2,0x5162,0x5982,0x59C3,
  0x59A2,0x5161,0x5140,0x5160,0x5961,0x5982,0x61C3,0x61C3,0x5162,0x4900,0x38C0,0x38E0,
  0x4983,0x6266,0x5A26,0x3101,0x2080,0x28C0,0x28C0,0x28A0,0x2080,0x3943,0x49C4,0x3122,
  0x20C0,0x3122,0x3142,0x3983,0x3963,0x2901,0x20A0,0x3122,0x3922,0x28A0,0x4163,0x59E5,
  0x6225,0x59C3,0x59C2,0x2880,0x3900,0x4961,0x4961,0x5A02,0x5A02,0x49C1,0x5202,0x5203,
  0x5203,0x51C3,0x38C0,0x40C0,0x50E2,0x48C1,0x5122,0x5142,0x4902,0x38E1,0x30A0,0x38E1,
  0x30A0,0x2860,0x3080,0x3040,0x3020,0x3880,0x48E1,0x30A0,0x49E3,0x5203,0x3100,0x5A21,
  0x5A41,0x4980,0x4961,0x2860,0x30A0,0x3901,0x30A1,0x3901,0x51C2,0x5A23,0x2921,0x20E1,
  0x41E5,0x2921,0x3182,0x39C2,0x3161,0x3141,0x41E4,0x4A24,0x39C2,0x4223,0x39C3,0x18E1,
  0x18A1,0x2922,0x2901,0x3921,0x5162,0x5941,0x6162,0x6100,0x6121,0x5921,0x5942,0x5184,
  0x30E1,0x20A0,0x2902,0x1880,0x20C1,0x20C1,0x20C1,0x2101,0x3163,0x3143,0x2922,0x18C0,
  0x20E1,0x20E1,0x2102,0x3183,0x2921,0x2921,0x2100,0x2921,0x2921,0x18C0,0x18E0,0x3182,
  0x39C3,0x4203,0x4224,0x4224,0x4203,0x41E3,0x39A2,0x4203,0x4223,0x4203,0x41E3,0x31A2,
  0x31A2,0x39C2,0x39C2,0x41E3,0x39C2,0x4A44,0x41E3,0x39E3,0x39C3,0x39A3,0x41C4,0x3183,
  0x5267,0x62CA,0x62EA,0x5A68,0x28C1,0x3923,0x3122,0x1840,0x1880,0x2922,0x2923,0x2943,
  0x41C5,0x41E5,0x4A06,0x4A26,0x3984,0x39A4,0x41E5,0x49E5,0x5246,0x5226,0x49E5,0x3984,
  0x3963,0x49E5,0x4A26,0x3143,0x3142,0x2901,0x2901,0x3142,0x2902,0x3143,0x2942,0x2922,
  0x3143,0x3143,0x3122,0x2902,0x2902,0x2922,0x41E5,0x41C5,0x41C5,0x49E6,0x41C5,0x3984,
  0x20C1,0x20E2,0x2922,0x2122,0x2122,0x2942,0x2122,0x2102,0x3164,0x28E2,0x30E1,0x4983,
  0x4941,0x6204,0x59A3,0x4101,0x51A4,0x4984,0x4123,0x30C1,0x4964,0x5A06,0x4143,0x2840,
  0x5142,0x6161,0x5940,0x5960,0x61A1,0x59A1,0x5160,0x5140,0x5981,0x61A2,0x5982,0x5161,
  0x5140,0x5981,0x61E2,0x61C2,0x5982,0x5141,0x40E1,0x40E0,0x3900,0x4121,0x4982,0x5A04,
  0x6246,0x4983,0x28C0,0x2060,0x3101,0x3122,0x1840,0x3102,0x51E4,0x49E5,0x3962,0x3142,
  0x1880,0x3943,0x3943,0x3163,0x3983,0x3163,0x20C0,0x3101,0x3101,0x30C0,0x5A05,0x59C4,
  0x59A2,0x59A2,0x59C2,0x59E2,0x4141,0x30A0,0x4141,0x38E0,0x30C0,0x3920,0x3100,0x3121,
  0x28C0,0x30C0,0x30A0,0x3880,0x40C1,0x4902,0x4942,0x38E1,0x30C0,0x30E1,0x28C1,0x2080,
  0x30E1,0x3902,0x38E2,0x40C1,0x3860,0x3860,0x4080,0x2860,0x41A3,0x49C3,0x4181,0x6262,
  0x5A21,0x4980,0x4962,0x2860,0x30E1,0x5A04,0x51C4,0x4962,0x4981,0x5222,0x3982,0x20E0,
  0x20E1,0x18A0,0x2941,0x2100,0x2100,0x2921,0x3142,0x41E3,0x41E2,0x4203,0x4204,0x39A3,
  0x1880,0x18A0,0x20C0,0x28C0,0x4142,0x59C4,0x5162,0x5962,0x5963,0x4922,0x3902,0x3102,
  0x20A1,0x18A1,0x2923,0x1880,0x20C1,0x18C1,0x18C1,0x18C1,0x20E1,0x2922,0x3163,0x18A0,
  0x10A0,0x18C1,0x3163,0x2922,0x2901,0x18C0,0x2941,0x3162,0x2941,0x2121,0x39E3,0x4224,
  0x4244,0x4224,0x4224,0x39E3,0x39C2,0x41E3,0x41E2,0x4203,0x41E3,0x4203,0x4203,0x39E3,
  0x39C2,0x39E3,0x39E3,0x39C3,0x4203,0x4224,0x31A2,0x4244,0x39C3,0x2100,0x20E0,0x20E1,
  0x5AC9,0x6B0A,0x62C9,0x5A68,0x28A0,0x3943,0x49A4,0x30E1,0x20A1,0x2923,0x2943,0x2122,
  0x41E5,0x41C5,0x41E5,0x4A06,0x39A4,0x41A4,0x41A4,0x49E5,0x5226,0x4A05,0x49E5,0x3963,
  0x3984,0x49E5,0x49E5,0x2902,0x20E1,0x3143,0x2901,0x2902,0x2922,0x2922,0x2922,0x2902,
  0x3163,0x2922,0x2922,0x2922,0x2902,0x20C1,0x41A4,0x41C5,0x3163,0x41E6,0x4A06,0x39A5,
  0x18A1,0x20E2,0x2943,0x2102,0x2102,0x2102,0x2102,0x2102,0x3163,0x28E1,0x3121,0x6245,
  0x6245,0x5162,0x59C4,0x4122,0x38E2,0x51C7,0x6207,0x6206,0x5A06,0x3922,0x2860,0x5162,
  0x69C3,0x6161,0x5920,0x5981,0x59A1,0x5981,0x59A1,0x5160,0x5140,0x61A1,0x5981,0x59A1,
  0x59A1,0x5140,0x5141,0x4900,0x40E0,0x38C0,0x38C1,0x4142,0x51C3,0x49C2,0x4182,0x30E1,
  0x28C0,0x28C0,0x30E1,0x28C0,0x28C1,0x30E1,0x49C4,0x5A25,0x5205,0x28C0,0x3942,0x5225,
  0x1880,0x3942,0x3963,0x3143,0x3963,0x3163,0x18A0,0x3101,0x30E1,0x4122,0x6205,0x59A3,
  0x61C2,0x59A1,0x59A1,0x59E2,0x59E3,0x6223,0x6244,0x5182,0x4983,0x5A04,0x49A4,0x51E5,
  0x30C1,0x28A0,0x2860,0x3060,0x40E1,0x38A1,0x30A0,0x30C1,0x3922,0x41C4,0x3984,0x3143,
  0x3964,0x3922,0x3081,0x3081,0x3860,0x3861,0x40C2,0x30A0,0x4183,0x4182,0x49C2,0x5A22,
  0x49C0,0x49A2,0x4142,0x28A0,0x28C0,0x3101,0x3922,0x3901,0x30E0,0x3941,0x39C2,0x18E0,
  0x10A0,0x2121,0x2100,0x18C0,0x3161,0x39A3,0x20C0,0x41C3,0x4A03,0x3981,0x41C3,0x4A05,
  0x3983,0x20C0,0x18A0,0x2900,0x2901,0x2901,0x28C0,0x28E1,0x28C1,0x28C1,0x20C1,0x20C2,
  0x18A2,0x18C2,0x3164,0x3143,0x1880,0x1880,0x20C1,0x18C1,0x1080,0x18A0,0x2102,0x1080,
  0x1080,0x20E1,0x2102,0x20E1,0x3162,0x41E3,0x4A45,0x4A45,0x4204,0x4A45,0x4A45,0x39E3,
  0x3A04,0x39E3,0x4203,0x39E2,0x39C2,0x4203,0x41E3,0x4203,0x4203,0x4203,0x39E3,0x39C2,
  0x39E3,0x39E3,0x39C2,0x4203,0x41E3,0x2120,0x10A0,0x2961,0x39E3,0x3162,0x3163,0x3184,
  0x5AC9,0x62EA,0x6AEA,0x5A48,0x2880,0x3923,0x4984,0x4184,0x20A1,0x20A1,0x2902,0x2102,
  0x49E5,0x41C5,0x41C5,0x41C5,0x41C4,0x41C5,0x41C5,0x4A05,0x4A06,0x41C5,0x49E5,0x3984,
  0x3984,0x4A26,0x4A06,0x3964,0x20E1,0x2902,0x2902,0x2901,0x2942,0x2922,0x2922,0x2922,
  0x2902,0x2942,0x3142,0x2922,0x3122,0x20C0,0x41C5,0x39A4,0x2902,0x41C5,0x41E6,0x41C5,
  0x20C1,0x20C1,0x2923,0x2102,0x2923,0x2102,0x2102,0x20E2,0x2922,0x2922,0x28E1,0x41A4,
  0x49E4,0x3942,0x4163,0x30E1,0x2081,0x28A1,0x38E2,0x3902,0x30C1,0x2860,0x30E1,0x59C4,
  0x5182,0x5982,0x61C3,0x59C2,0x5181,0x51C2,0x51C2,0x59C2,0x59C2,0x5A03,0x5182,0x4120,
  0x4120,0x3900,0x38E0,0x4122,0x4963,0x5183,0x51A4,0x4963,0x3901,0x28A0,0x2880,0x38E1,
  0x30E1,0x28A0,0x28C0,0x28C0,0x3982,0x5225,0x49C4,0x28C0,0x3921,0x49E4,0x3962,0x3962,
  0x28E0,0x3942,0x41A4,0x3983,0x39A4,0x3163,0x18A0,0x3102,0x28C0,0x4983,0x59A3,0x59A2,
  0x69E3,0x5981,0x5981,0x5181,0x51A1,0x59E2,0x61E2,0x6203,0x6203,0x61E4,0x59C5,0x6A27,
  0x40E2,0x38A2,0x38C2,0x3061,0x40C2,0x2881,0x28C1,0x3902,0x30E2,0x3943,0x3102,0x3943,
  0x28C1,0x2040,0x38C1,0x4081,0x48C2,0x48C2,0x40C1,0x3902,0x3121,0x20C0,0x28E0,0x3920,
  0x4981,0x51C4,0x38E1,0x30A0,0x30E1,0x2880,0x4163,0x51E4,0x3120,0x2920,0x4204,0x2962,
  0x18C0,0x2101,0x2941,0x18E0,0x2941,0x3162,0x2900,0x3982,0x2920,0x2920,0x2920,0x41E3,
  0x4A23,0x41E3,0x2921,0x20C0,0x2902,0x20C1,0x20A1,0x28E2,0x28E1,0x28C1,0x20A0,0x20A1,
  0x20C2,0x1860,0x3964,0x49A5,0x3102,0x2080,0x20C0,0x1080,0x18C1,0x18A0,0x1060,0x18C1,
  0x20E1,0x20E1,0x2101,0x2942,0x41E5,0x41E4,0x3182,0x4204,0x4204,0x4204,0x39E3,0x4224,
  0x39E3,0x39E3,0x39E3,0x4203,0x4203,0x41E3,0x4203,0x4203,0x4A24,0x4203,0x39E2,0x39C2,
  0x41E3,0x39C2,0x39C3,0x4204,0x3162,0x3162,0x4205,0x39C4,0x3163,0x39A4,0x6309,0x630A,
  0x5AA9,0x62C9,0x6B2B,0x5247,0x20A1,0x28E2,0x3964,0x49E6,0x28C1,0x1860,0x2923,0x3163,
  0x41E5,0x41A4,0x41C5,0x49E5,0x41E5,0x41E5,0x49E5,0x4A05,0x49E5,0x49E5,0x41E5,0x4A06,
  0x5247,0x4A06,0x41E5,0x4A06,0x41A5,0x28E2,0x20C1,0x2922,0x3163,0x2902,0x20E1,0x2922,
  0x2922,0x2902,0x3143,0x3122,0x3142,0x20E1,0x41C5,0x3163,0x20C1,0x41C5,0x41C5,0x41C5,
  0x2102,0x18C1,0x20E2,0x2923,0x2903,0x2923,0x20E2,0x20E2,0x2902,0x2923,0x2902,0x20E1,
  0x20E1,0x20E1,0x20C1,0x20C1,0x2902,0x2080,0x28A0,0x28A1,0x30E1,0x4984,0x4163,0x3921,
  0x4121,0x4141,0x4962,0x4982,0x4982,0x49A2,0x4161,0x3920,0x3921,0x3942,0x3941,0x4162,
  0x5205,0x51C4,0x4142,0x4142,0x3922,0x38E2,0x30C1,0x2880,0x2881,0x30C1,0x30C1,0x38E1,
  0x28A0,0x3921,0x49C4,0x5225,0x5224,0x28E0,0x3121,0x3962,0x4162,0x41A2,0x28E0,0x49C3,
  0x3100,0x3962,0x41C3,0x3982,0x39A4,0x2943,0x20C1,0x3102,0x28C1,0x5183,0x59A2,0x59A1,
  0x61C2,0x61A2,0x5982,0x59A1,0x59A1,0x59C1,0x61E1,0x61C1,0x59A1,0x61C2,0x61A3,0x61C5,
  0x40C2,0x38A2,0x38A2,0x3081,0x38A2,0x2881,0x28A1,0x2881,0x2860,0x30C1,0x30C1,0x3901,
  0x4102,0x38A0,0x3880,0x48C1,0x5102,0x3881,0x2860,0x28C0,0x20E0,0x2900,0x3962,0x28E0,
  0x30C0,0x51C4,0x4122,0x38E1,0x4101,0x2040,0x3922,0x4A04,0x39A2,0x2961,0x39E3,0x2921,
  0x18C0,0x2101,0x2121,0x2101,0x2921,0x2101,0x41E4,0x39C3,0x2920,0x2960,0x2920,0x4203,
  0x4202,0x4A44,0x41E3,0x2901,0x28E2,0x3144,0x3143,0x28E2,0x20C1,0x1840,0x3101,0x49C5,
  0x30C1,0x2040,0x3922,0x4983,0x3922,0x2080,0x3142,0x2922,0x1080,0x18C1,0x20E2,0x2122,
  0x2122,0x18C1,0x2101,0x3183,0x4A05,0x2922,0x1880,0x20E0,0x2101,0x39C3,0x4204,0x4203,
  0x39E3,0x4224,0x4203,0x31A2,0x4203,0x4203,0x39A2,0x39C2,0x39C2,0x39C2,0x4203,0x4223,
  0x4223,0x39C2,0x39E3,0x3161,0x39A3,0x632A,0x6B6C,0x6B2A,0x5AA9,0x5AC9,0x630A,0x630A,
  0x630A,0x630A,0x62EA,0x5268,0x20C1,0x3123,0x2902,0x41A5,0x41A5,0x1840,0x2902,0x3163,
  0x41C5,0x41A4,0x49E5,0x5226,0x41C5,0x41C5,0x4A26,0x4A06,0x4A06,0x4A26,0x4A06,0x49E5,
  0x4A06,0x49E6,0x41C5,0x4A06,0x4A06,0x41A5,0x2902,0x20C1,0x2902,0x20E1,0x20E1,0x2902,
  0x3984,0x2901,0x2922,0x3122,0x3142,0x20E1,0x41C4,0x3163,0x20E1,0x3984,0x4206,0x41E5,
  0x2102,0x20E2,0x2903,0x2943,0x2923,0x2902,0x2902,0x2902,0x20E2,0x2902,0x3163,0x3143,
  0x2923,0x2922,0x2902,0x2922,0x3143,0x28C1,0x3102,0x30C1,0x30C1,0x3922,0x4142,0x4142,
  0x4963,0x49A3,0x51C4,0x4162,0x4142,0x49A4,0x4183,0x4983,0x51E5,0x51C5,0x4984,0x3923,
  0x3902,0x30A1,0x2880,0x2880,0x30A1,0x30A1,0x30C1,0x30C1,0x38E2,0x30E2,0x2860,0x3901,
  0x5205,0x5225,0x3982,0x2901,0x20C0,0x49C3,0x62A7,0x3961,0x3962,0x3941,0x3100,0x49E4,
  0x30E0,0x3963,0x41A4,0x3162,0x3163,0x2922,0x20A0,0x28C1,0x3901,0x59C3,0x61C2,0x61C1,
  0x61A0,0x5981,0x61A1,0x61A1,0x59A1,0x59A0,0x59A0,0x61C1,0x61C1,0x61A2,0x61A3,0x6184,
  0x40C2,0x40C2,0x3882,0x38C2,0x3081,0x4103,0x4103,0x48E2,0x5103,0x48E2,0x48E1,0x4902,
  0x4922,0x4901,0x3880,0x3040,0x2000,0x30C1,0x3963,0x39A3,0x39C3,0x20E0,0x39A3,0x41C4,
  0x28C0,0x28C0,0x30C0,0x2880,0x28A0,0x30E1,0x41A3,0x4A04,0x39A2,0x3182,0x41E4,0x2100,
  0x3182,0x3182,0x2941,0x2101,0x2921,0x4205,0x39C3,0x39C3,0x39A2,0x2100,0x31A2,0x4A24,
  0x4A23,0x39E2,0x4204,0x39A4,0x2902,0x20E2,0x1880,0x28E1,0x41A4,0x3963,0x41A4,0x5206,
  0x3923,0x2040,0x3922,0x4983,0x3101,0x28A0,0x3962,0x41A4,0x2942,0x18C1,0x1080,0x10A1,
  0x2102,0x2943,0x2122,0x2101,0x20E1,0x1880,0x2901,0x3142,0x18A0,0x41E4,0x4A45,0x31A2,
  0x41E3,0x39E3,0x39E3,0x41E3,0x4203,0x41E3,0x39E3,0x41E3,0x39C3,0x39C2,0x4203,0x4203,
  0x4203,0x39E2,0x4224,0x41E3,0x2921,0x2962,0x39C4,0x62E9,0x6B6C,0x630B,0x6B2B,0x62EA,
  0x62EA,0x62EA,0x62EA,0x5AA9,0x20C1,0x3122,0x3963,0x3963,0x4A05,0x20A1,0x20A0,0x2922,
  0x41A5,0x41A5,0x49E5,0x4A06,0x41C5,0x49E5,0x4A06,0x41E5,0x41C5,0x4A06,0x4A06,0x49E6,
  0x41C5,0x41C5,0x4A06,0x49E6,0x41A5,0x41E6,0x41C5,0x20C1,0x20C1,0x3984,0x41C5,0x2902,
  0x3142,0x2902,0x2902,0x2922,0x3142,0x2901,0x3183,0x3163,0x2922,0x2923,0x5247,0x41E6,
  0x20C1,0x2102,0x2943,0x2923,0x2923,0x2922,0x2922,0x2922,0x2902,0x2902,0x2922,0x3143,
  0x2923,0x2922,0x28E1,0x2902,0x3123,0x28C1,0x2080,0x28A0,0x3943,0x2080,0x30C1,0x30C1,
  0x30C0,0x30C1,0x30E1,0x30E1,0x30E1,0x3922,0x30C1,0x28A0,0x30C1,0x28A1,0x30A1,0x2880,
  0x2860,0x30A1,0x4123,0x30C1,0x2880,0x3902,0x38E2,0x2860,0x30A1,0x4143,0x49A4,0x49C4,
  0x3942,0x28E1,0x2900,0x41C3,0x28E0,0x41C3,0x5A45,0x30E0,0x49A3,0x5A25,0x4183,0x3101,
  0x28C0,0x3102,0x3983,0x3963,0x3163,0x3142,0x2080,0x2880,0x4942,0x61C3,0x61A1,0x69E1,
  0x5980,0x5980,0x61A1,0x61A1,0x61A1,0x61A0,0x5980,0x61A0,0x61C1,0x6182,0x61A3,0x6184,
  0x3881,0x40C2,0x38C2,0x38E2,0x2840,0x40C1,0x48E2,0x50C1,0x50C1,0x50A1,0x4880,0x48A0,
  0x48A0,0x48C0,0x5102,0x5143,0x2880,0x28A0,0x39C4,0x39E4,0x39C3,0x2100,0x3162,0x4204,
  0x2901,0x2901,0x5205,0x4183,0x28C0,0x28E0,0x3982,0x3982,0x2941,0x31A2,0x3161,0x2941,
  0x41E4,0x3182,0x2921,0x18C0,0x2101,0x41E4,0x39A4,0x4205,0x39C3,0x18C0,0x2962,0x4204,
  0x4204,0x4A24,0x39C4,0x20E0,0x1880,0x20E1,0x20E1,0x18A0,0x2901,0x2901,0x3983,0x4184,
  0x3923,0x2040,0x3902,0x4963,0x3921,0x30E0,0x3121,0x41A4,0x3183,0x3164,0x2122,0x1080,
  0x1080,0x2943,0x2101,0x1080,0x20C0,0x20C0,0x3142,0x39A3,0x20E0,0x2942,0x3162,0x1080,
  0x2101,0x2940,0x3161,0x41E3,0x41E3,0x4203,0x4A44,0x41E3,0x4204,0x41E3,0x41E3,0x39C2,
  0x41E3,0x4223,0x4A24,0x41E3,0x41E4,0x39A3,0x18C0,0x39A4,0x6B4B,0x630B,0x4A48,0x4A07,
  0x5AC9,0x62EA,0x630A,0x630A,0x20E1,0x20C1,0x39A4,0x2921,0x3142,0x2901,0x20C0,0x2922,
  0x41C5,0x41C5,0x49E6,0x41C5,0x41E5,0x4A26,0x4A27,0x4A06,0x41C5,0x41C5,0x41C5,0x49E6,
  0x49E6,0x49E6,0x5227,0x4A06,0x41A5,0x41A5,0x41A5,0x20C1,0x20C1,0x4A06,0x5247,0x2902,
  0x20E1,0x3142,0x2922,0x2901,0x3122,0x2902,0x2901,0x2902,0x2922,0x2902,0x4A47,0x41E6,
  0x18C1,0x20E2,0x2923,0x2902,0x2922,0x2922,0x2902,0x2902,0x2922,0x2922,0x20E2,0x20E2,
  0x2102,0x2902,0x20E1,0x2902,0x3123,0x3102,0x28C1,0x1840,0x28C1,0x2060,0x30E2,0x28A1,
  0x30C1,0x3922,0x2880,0x30E2,0x3902,0x2040,0x30E2,0x3923,0x2040,0x2880,0x4123,0x4143,
  0x2880,0x30A0,0x38E1,0x30E1,0x28A0,0x30A0,0x30E0,0x3941,0x51C3,0x6245,0x49A3,0x20A0,
  0x28C0,0x1860,0x41C3,0x5A66,0x3121,0x3941,0x3921,0x28A0,0x30E0,0x30E0,0x2880,0x49A3,
  0x28A0,0x28A1,0x3943,0x3963,0x3943,0x3963,0x28A0,0x2880,0x5182,0x61C2,0x61A0,0x6A01,
  0x61A0,0x61C1,0x61C1,0x6181,0x61A2,0x61A1,0x6180,0x6180,0x61A1,0x6182,0x61A3,0x61A4,
  0x3860,0x3881,0x38A1,0x3081,0x2840,0x38A0,0x50E1,0x50A1,0x5060,0x5880,0x5880,0x5080,
  0x58C1,0x50C1,0x48C1,0x5143,0x4102,0x2080,0x2962,0x3A05,0x3182,0x2100,0x18E0,0x2962,
  0x41E4,0x2900,0x3983,0x5A66,0x3142,0x20A0,0x39A2,0x41C3,0x2961,0x20E0,0x20E0,0x39A2,
  0x39C3,0x3182,0x2100,0x2921,0x2921,0x2921,0x41E5,0x2942,0x2101,0x2101,0x2101,0x39C4,
  0x4204,0x4A45,0x2942,0x1080,0x20E1,0x2942,0x2101,0x2900,0x3982,0x2900,0x28E0,0x3142,
  0x3122,0x2060,0x30C1,0x4962,0x3921,0x2880,0x20A0,0x41A3,0x3142,0x20E1,0x20E1,0x10A1,
  0x1080,0x18E2,0x18C1,0x2101,0x2921,0x2901,0x3162,0x3162,0x20E0,0x18C0,0x18A0,0x1080,
  0x2961,0x3182,0x39E3,0x4204,0x4A44,0x41E3,0x2941,0x3182,0x39C3,0x39C3,0x41E3,0x39C2,
  0x39C2,0x41E3,0x41E3,0x39E3,0x41E3,0x41E4,0x4A25,0x39E4,0x41E5,0x3164,0x20E2,0x1080,
  0x20C1,0x2902,0x3184,0x39A4,0x20E1,0x2922,0x3163,0x3163,0x3183,0x20E0,0x20E1,0x2922,
  0x41C5,0x41C5,0x49E6,0x41C5,0x41C5,0x4A06,0x4A27,0x4A26,0x4A06,0x41E6,0x41A5,0x41A5,
  0x49E6,0x5227,0x5247,0x49E6,0x49E6,0x41C5,0x3984,0x2902,0x3143,0x49E6,0x4A06,0x2902,
  0x28E1,0x3122,0x2902,0x2901,0x2901,0x2902,0x20C1,0x20E1,0x2922,0x2922,0x41E5,0x41E5,
  0x20E2,0x18C1,0x20E2,0x2102,0x2902,0x2902,0x2902,0x2102,0x2922,0x2923,0x2102,0x2102,
  0x2102,0x2902,0x2102,0x2902,0x2903,0x2902,0x3102,0x4163,0x3102,0x3102,0x28C1,0x2060,
  0x2880,0x2880,0x2880,0x30E1,0x30C1,0x2060,0x30C1,0x30C2,0x2880,0x2880,0x2860,0x28A0,
  0x2880,0x30E1,0x30E1,0x3100,0x3921,0x4982,0x5203,0x5204,0x4162,0x3100,0x28E0,0x3101,
  0x28E0,0x2900,0x5224,0x3121,0x3941,0x51E3,0x3921,0x38E0,0x38E0,0x4942,0x4962,0x5183,
  0x4122,0x2080,0x3943,0x4184,0x3142,0x3963,0x30E1,0x30A0,0x5182,0x61A2,0x61C0,0x61E0,
  0x61A0,0x59C1,0x61C2,0x61A2,0x61C2,0x61C2,0x61A1,0x61A1,0x61A1,0x6182,0x61A4,0x5984,
  0x3881,0x3881,0x3081,0x3081,0x4103,0x40E1,0x48C0,0x50A0,0x5040,0x5860,0x5860,0x5060,
  0x5080,0x50A0,0x50A1,0x48C1,0x40E1,0x2880,0x1880,0x20E0,0x20C0,0x3142,0x3183,0x2121,
  0x4A45,0x3182,0x2941,0x5245,0x41C3,0x2900,0x41E3,0x39C2,0x39C2,0x31A1,0x3181,0x41E3,
  0x41E3,0x3182,0x39A3,0x2101,0x2101,0x2101,0x20E1,0x1080,0x18C1,0x2122,0x2101,0x2922,
  0x4205,0x2942,0x1060,0x18C1,0x2101,0x2101,0x3182,0x4204,0x4A24,0x4A04,0x3142,0x20C0,
  0x2902,0x1860,0x2880,0x3901,0x4183,0x4162,0x28E0,0x3121,0x2901,0x18A0,0x10A0,0x18C1,
  0x18C1,0x20E2,0x18A0,0x18C0,0x20E0,0x3142,0x39A3,0x3162,0x2922,0x2921,0x20E1,0x18A0,
  0x2921,0x31A3,0x4204,0x4A24,0x3181,0x2100,0x2100,0x20C0,0x20E0,0x18C0,0x3161,0x39C3,
  0x39E3,0x39E3,0x39E3,0x39A2,0x41E3,0x39C3,0x39C3,0x2121,0x2100,0x2921,0x3183,0x39C4,
  0x39C4,0x3183,0x3183,0x3142,0x2101,0x2922,0x2922,0x2943,0x2902,0x18A0,0x2102,0x2922,
  0x41C5,0x41A5,0x41C5,0x41E6,0x4A06,0x4A27,0x41C5,0x2902,0x2902,0x41A5,0x4A06,0x49E6,
  0x41A5,0x49E6,0x5227,0x49E6,0x49C5,0x4A06,0x49E6,0x49E6,0x5226,0x49E6,0x41C5,0x20C1,
  0x2902,0x2922,0x2922,0x2922,0x2901,0x3122,0x2902,0x2902,0x2922,0x2102,0x39A5,0x41C5,
  0x20E2,0x18C1,0x2903,0x2102,0x2902,0x2102,0x2923,0x2923,0x2902,0x2102,0x2923,0x2923,
  0x2902,0x2923,0x2923,0x2902,0x2902,0x2903,0x28C1,0x3922,0x3102,0x3102,0x4184,0x49A4,
  0x3923,0x30E1,0x3102,0x30E1,0x30C1,0x30E1,0x28A0,0x28A0,0x3901,0x3901,0x4142,0x4963,
  0x51C4,0x51E4,0x51E4,0x49A2,0x49C3,0x4182,0x3121,0x28C0,0x2060,0x3961,0x6285,0x49A3,
  0x3921,0x49A3,0x5204,0x4182,0x49A2,0x3901,0x38C0,0x4121,0x59C3,0x5183,0x4942,0x4962,
  0x4963,0x2080,0x3984,0x41C5,0x3963,0x4183,0x3901,0x30A0,0x5182,0x61C2,0x6A02,0x61C0,
  0x59A0,0x59C1,0x59C2,0x61E3,0x61C3,0x59A2,0x59A1,0x61A2,0x61A2,0x6182,0x61A4,0x5102,
  0x3840,0x38A2,0x3081,0x30A2,0x4123,0x4102,0x38C0,0x4080,0x50A0,0x5060,0x5880,0x58A0,
  0x5080,0x4860,0x50A1,0x50A1,0x4080,0x3860,0x30C1,0x30E1,0x28A0,0x28A0,0x20C0,0x18A0,
  0x2101,0x2921,0x4224,0x4A24,0x5265,0x3161,0x2941,0x39A2,0x39C2,0x41E3,0x41E3,0x41E3,
  0x4204,0x41C3,0x3182,0x18C0,0x20E0,0x20E1,0x18C1,0x20E1,0x20E1,0x18C1,0x20E1,0x18C1,
  0x20E1,0x18A0,0x20E1,0x2942,0x2101,0x2921,0x4204,0x39E3,0x39A2,0x41E3,0x4204,0x3142,
  0x20A0,0x1860,0x2080,0x2080,0x3922,0x3963,0x2901,0x3122,0x20E1,0x18C1,0x18A0,0x1080,
  0x18A1,0x2102,0x2942,0x3183,0x39A3,0x3982,0x3162,0x3142,0x3163,0x3143,0x2101,0x1080,
  0x18C0,0x39A4,0x4A45,0x41E3,0x2900,0x3161,0x41E3,0x39A3,0x3162,0x20E0,0x3182,0x41E3,
  0x39E3,0x39C2,0x39A2,0x39A2,0x41E3,0x39E3,0x39C3,0x39E3,0x4224,0x4A24,0x39C3,0x39C2,
  0x4224,0x41E4,0x39E4,0x39C4,0x2942,0x1080,0x20E1,0x20E1,0x20E2,0x2923,0x2923,0x2102,
  0x41E6,0x41C5,0x41E6,0x41E6,0x5247,0x5268,0x3123,0x1060,0x1880,0x28E2,0x41E6,0x4A06,
  0x41C5,0x41A5,0x41C5,0x41C5,0x49E6,0x41A5,0x41C5,0x4A26,0x5226,0x5226,0x41A4,0x20A0,
  0x3122,0x2902,0x3122,0x3122,0x2922,0x3142,0x3122,0x2922,0x2902,0x2922,0x3164,0x3984,
  0x20C1,0x20E2,0x2923,0x2102,0x2903,0x2943,0x3144,0x2943,0x2103,0x20E2,0x2923,0x3143,
  0x2903,0x20E2,0x28E2,0x28E2,0x28E2,0x20C2,0x28C1,0x4163,0x28C1,0x2080,0x3102,0x3922,
  0x4183,0x49C4,0x49A4,0x49C4,0x49C4,0x49A3,0x49A3,0x49A3,0x4983,0x4983,0x3922,0x3922,
  0x3942,0x4162,0x3941,0x3921,0x28C0,0x28C0,0x30E1,0x3941,0x3921,0x49C3,0x49C3,0x3900,
  0x49C3,0x5204,0x4182,0x30E1,0x38E0,0x3901,0x4101,0x5982,0x59A3,0x59A3,0x5142,0x5983,
  0x4963,0x2080,0x4184,0x49E5,0x3983,0x41C4,0x3101,0x30A0,0x59C3,0x61E3,0x61E2,0x61C1,
  0x59C1,0x51C2,0x59E4,0x6204,0x6204,0x5A03,0x6203,0x61C3,0x59A2,0x5982,0x69E5,0x40A1,
  0x3020,0x3882,0x3882,0x3082,0x38A2,0x4984,0x38C1,0x38A0,0x4080,0x4860,0x5081,0x4880,
  0x4880,0x4880,0x5080,0x4860,0x4860,0x48C1,0x50E2,0x48E2,0x4102,0x4123,0x4143,0x3101,
  0x1880,0x2941,0x4204,0x3161,0x39A2,0x3982,0x3161,0x39C2,0x39C2,0x41E3,0x41C2,0x39A2,
  0x4204,0x39A3,0x2100,0x20E0,0x20E1,0x2101,0x2101,0x18C1,0x18C1,0x18C1,0x18E2,0x18E2,
  0x2102,0x2102,0x2942,0x18A0,0x18A0,0x39C3,0x41E3,0x41E3,0x4A23,0x4203,0x41E4,0x41C4,
  0x20C1,0x1860,0x28C1,0x20C1,0x20C1,0x20C0,0x20C0,0x2922,0x3183,0x3163,0x2922,0x18A0,
  0x1880,0x20E1,0x3162,0x41E4,0x3983,0x3162,0x3162,0x3163,0x3163,0x3143,0x20E1,0x18A0,
  0x20E1,0x41E4,0x41E4,0x2941,0x3161,0x3982,0x3182,0x3163,0x2922,0x18C0,0x2101,0x41E4,
  0x39E3,0x31A2,0x39C3,0x39E3,0x4203,0x39E3,0x39C3,0x39C3,0x39A2,0x39A2,0x31A2,0x39A2,
  0x39C2,0x31A2,0x39A3,0x31A2,0x3183,0x20E1,0x20E1,0x2102,0x3164,0x2923,0x20E2,0x20E2,
  0x3164,0x39A5,0x5268,0x4A27,0x3984,0x3143,0x18A1,0x20C1,0x2902,0x20C1,0x3143,0x4A06,
  0x49E6,0x41C5,0x41C5,0x41E5,0x41C5,0x20C1,0x2902,0x49E6,0x49E6,0x4A06,0x3963,0x28E2,
  0x3122,0x28E1,0x2922,0x2901,0x2901,0x2922,0x2902,0x2922,0x2922,0x2922,0x3984,0x39A4,
  0x20C1,0x2902,0x2923,0x2103,0x2923,0x2923,0x2103,0x2923,0x2923,0x2103,0x2923,0x2903,
  0x2903,0x20E2,0x20C2,0x28E2,0x28E2,0x2060,0x30E1,0x5A05,0x30C0,0x3922,0x49A4,0x28A0,
  0x20A0,0x3121,0x3101,0x30E0,0x30E1,0x3101,0x3921,0x3921,0x3900,0x2880,0x28C0,0x3901,
  0x30C1,0x2040,0x4183,0x5A25,0x3942,0x3921,0x5A25,0x51C4,0x30C1,0x51E4,0x3921,0x4161,
  0x51C3,0x4121,0x28A0,0x4121,0x5182,0x5982,0x59A2,0x5962,0x5942,0x6183,0x5982,0x59A3,
  0x4101,0x20A0,0x3142,0x41A4,0x3162,0x41C4,0x3942,0x28A0,0x59C4,0x61E4,0x59C2,0x59E2,
  0x6203,0x5A04,0x3921,0x3942,0x5A05,0x4182,0x3921,0x59C3,0x6204,0x59A3,0x61A5,0x40A2,
  0x3861,0x3041,0x3862,0x3882,0x3061,0x59E6,0x3902,0x38A1,0x40A1,0x48A1,0x48A1,0x48A1,
  0x48C1,0x50C1,0x50A1,0x5080,0x5080,0x5060,0x4860,0x4880,0x40A1,0x5143,0x6206,0x51E4,
  0x3101,0x20C0,0x3141,0x3982,0x3181,0x4203,0x4A23,0x41C2,0x39C2,0x41E3,0x3162,0x18C0,
  0x2900,0x20E0,0x2100,0x18A0,0x1080,0x20E0,0x18C0,0x18E1,0x20E1,0x2102,0x18E2,0x18C1,
  0x18E1,0x18C1,0x18E0,0x2101,0x3182,0x4204,0x41E3,0x39E3,0x4203,0x4203,0x41E4,0x41E4,
  0x3163,0x1880,0x20C1,0x20C2,0x20C2,0x2922,0x20E1,0x1080,0x2943,0x39A4,0x3143,0x18C1,
  0x1880,0x20C0,0x3122,0x41A3,0x3983,0x3162,0x2901,0x20E1,0x2902,0x2922,0x18C1,0x18A0,
  0x18C1,0x3143,0x2101,0x20E0,0x3182,0x3182,0x3182,0x2922,0x20E1,0x2921,0x20C0,0x41E4,
  0x4204,0x39A2,0x39E3,0x41E3,0x39E3,0x39C3,0x39C3,0x31A2,0x39E3,0x4203,0x4203,0x4203,
  0x39C3,0x39C2,0x39C3,0x31A2,0x3183,0x3183,0x2101,0x18C0,0x18A0,0x1080,0x1080,0x18E1,
  0x18A1,0x20C1,0x3164,0x3123,0x20C1,0x18A1,0x28E2,0x2902,0x3143,0x2902,0x2923,0x41E6,
  0x3984,0x49E6,0x4A06,0x41E6,0x3163,0x20C1,0x20C1,0x3963,0x5247,0x41A5,0x2902,0x3122,
  0x28E1,0x2902,0x2922,0x3122,0x3122,0x2902,0x2901,0x2902,0x2922,0x20C1,0x39A4,0x41E6,
  0x20C1,0x20E2,0x3143,0x2903,0x2903,0x2103,0x2903,0x3144,0x2923,0x20E2,0x2923,0x3123,
  0x2902,0x20C1,0x2080,0x2080,0x28C2,0x3923,0x30E1,0x4142,0x30A0,0x28A0,0x3921,0x30E0,
  0x3962,0x3962,0x30E0,0x4162,0x3941,0x3100,0x28A0,0x49C2,0x51E3,0x30C0,0x4162,0x49A3,
  0x3921,0x28C0,0x5A25,0x41A3,0x3942,0x4162,0x3101,0x49A3,0x28A0,0x3901,0x5183,0x4101,
  0x38C0,0x4100,0x5182,0x59C2,0x5182,0x5162,0x5962,0x5121,0x5121,0x5962,0x5982,0x5982,
  0x38E0,0x28C1,0x20C0,0x3983,0x39A3,0x41E5,0x49E5,0x30C1,0x4962,0x6225,0x61E3,0x59E3,
  0x4141,0x38E1,0x3902,0x2901,0x28E0,0x30E0,0x30E0,0x3920,0x5183,0x5984,0x5144,0x3861,
  0x4082,0x3001,0x3042,0x3862,0x2820,0x49A5,0x49A4,0x3080,0x48C2,0x4081,0x4081,0x48A1,
  0x4060,0x4080,0x4880,0x4880,0x5060,0x5060,0x4860,0x4881,0x4040,0x48E2,0x5163,0x59E5,
  0x49C4,0x28E0,0x3120,0x4A03,0x4A03,0x4203,0x41E3,0x39C2,0x39A2,0x41E3,0x3982,0x2921,
  0x39C3,0x39A3,0x39A3,0x3182,0x2942,0x18C0,0x18C0,0x18A0,0x18A0,0x18A0,0x18C0,0x18C0,
  0x18A0,0x2922,0x31A3,0x4225,0x4A45,0x41E3,0x41E3,0x4203,0x4204,0x41E3,0x4204,0x4205,
  0x39A3,0x18C0,0x18C2,0x20E2,0x18C2,0x2122,0x2943,0x2102,0x18E1,0x20E1,0x18C1,0x18A0,
  0x20C1,0x2901,0x3142,0x41E4,0x39A3,0x2922,0x1080,0x18A0,0x18C1,0x18A1,0x18A0,0x18C1,
  0x20C1,0x18A0,0x2922,0x3183,0x39A3,0x3182,0x3183,0x3983,0x3163,0x3142,0x3142,0x3162,
  0x3162,0x39C3,0x41E3,0x39C3,0x39C3,0x39C3,0x39A2,0x39C3,0x39C3,0x2941,0x2921,0x2962,
  0x31A3,0x4204,0x39C3,0x39A3,0x31A2,0x39C3,0x31A3,0x2121,0x2121,0x2942,0x2942,0x18C0,
  0x20C1,0x18A1,0x1040,0x20C1,0x2923,0x28E2,0x3123,0x2902,0x2902,0x2902,0x20E2,0x41E6,
  0x41C5,0x41C5,0x41E6,0x49E6,0x3143,0x3123,0x28E2,0x28E2,0x4A06,0x3143,0x20C1,0x28E2,
  0x28E1,0x2902,0x3122,0x3142,0x3143,0x3142,0x2902,0x2902,0x2902,0x20E2,0x20E2,0x3984,
  0x20E2,0x20C2,0x2923,0x2903,0x2903,0x2923,0x2924,0x2923,0x20E2,0x20C1,0x3123,0x3102,
  0x2060,0x2060,0x3902,0x4984,0x51A4,0x59E5,0x4942,0x4101,0x4142,0x30C0,0x28A0,0x4183,
  0x3921,0x3921,0x3101,0x4162,0x5A45,0x3940,0x4161,0x51C2,0x49A2,0x51C3,0x3921,0x4162,
  0x30E0,0x49A2,0x4162,0x30E0,0x3921,0x5A25,0x3921,0x30C0,0x4962,0x30A0,0x38C0,0x38C0,
  0x5162,0x59A2,0x5182,0x5182,0x5141,0x5121,0x5121,0x5962,0x5962,0x5962,0x5962,0x5182,
  0x38C0,0x3122,0x20A0,0x3142,0x41C4,0x41C4,0x4A06,0x3122,0x2880,0x51A3,0x59E4,0x5182,
  0x2880,0x30C1,0x4163,0x39A4,0x3142,0x3962,0x3101,0x2880,0x38E1,0x5184,0x4903,0x3841,
  0x3862,0x3822,0x3842,0x3842,0x3021,0x4144,0x5A47,0x2860,0x3860,0x4040,0x4040,0x4081,
  0x3840,0x3860,0x4060,0x4880,0x4880,0x4880,0x4880,0x50C2,0x4041,0x48A1,0x61A4,0x59C4,
  0x5A25,0x4183,0x1880,0x3161,0x41E3,0x41E2,0x41C2,0x39A2,0x39C2,0x4A24,0x39A3,0x2921,
  0x39A3,0x39C3,0x41E4,0x41E4,0x39A3,0x39C4,0x3183,0x2942,0x2101,0x2921,0x3183,0x39C4,
  0x4205,0x4204,0x4A45,0x4204,0x41E3,0x4224,0x39A2,0x31A2,0x41E3,0x41E4,0x4225,0x4204,
  0x39E4,0x2121,0x1080,0x20E3,0x2923,0x2102,0x20E2,0x2102,0x2102,0x2102,0x20C1,0x18C1,
  0x20E1,0x2901,0x2901,0x3983,0x3142,0x20E1,0x1080,0x18C1,0x18C1,0x18C1,0x18A1,0x18C1,
  0x2102,0x20E1,0x39A4,0x39A4,0x2922,0x18A0,0x18A0,0x20E1,0x20E1,0x18A0,0x2101,0x20C0,
  0x18C0,0x39C3,0x4204,0x4204,0x4224,0x3182,0x3182,0x4204,0x2941,0x31A3,0x5267,0x3183,
  0x20E0,0x39E4,0x3182,0x39C3,0x39E3,0x39C3,0x39C3,0x31C2,0x39E3,0x4225,0x4204,0x31A3,
  0x2923,0x2902,0x1880,0x2902,0x2902,0x20E2,0x2902,0x2902,0x2922,0x2902,0x20E2,0x41C5,
  0x5267,0x41E6,0x4A06,0x41C5,0x20A1,0x28E2,0x28E2,0x20C1,0x28E2,0x20A1,0x20A1,0x2902,
  0x2902,0x2902,0x28E1,0x2901,0x2922,0x3122,0x2922,0x2902,0x2902,0x28E2,0x1880,0x2902,
  0x20E2,0x20C1,0x2903,0x2903,0x2903,0x2923,0x2903,0x2903,0x2903,0x28E2,0x28C1,0x2880,
  0x28A0,0x4122,0x51A4,0x59A4,0x5183,0x5163,0x59C4,0x5162,0x51A3,0x4101,0x30C0,0x4983,
  0x30C1,0x3942,0x4163,0x3101,0x51E4,0x30E0,0x5A04,0x3921,0x3900,0x51E3,0x49A2,0x28C0,
  0x30C0,0x5A04,0x4182,0x30E0,0x4961,0x4961,0x38C0,0x40E0,0x5141,0x4900,0x5982,0x5983,
  0x5162,0x5142,0x5162,0x61A3,0x5982,0x5121,0x5101,0x61A3,0x5962,0x4921,0x5183,0x4942,
  0x2860,0x4183,0x3101,0x28E1,0x39A3,0x3983,0x49E5,0x49A5,0x2040,0x4962,0x6204,0x6224,
  0x3901,0x2060,0x3102,0x3963,0x39A4,0x2901,0x28E0,0x4142,0x40E1,0x5143,0x48C2,0x3861,
  0x3821,0x3862,0x3862,0x3842,0x3861,0x30C1,0x62E9,0x38E2,0x3040,0x48A1,0x50A2,0x50C2,
  0x48A1,0x4080,0x4881,0x4880,0x4060,0x4040,0x4040,0x4040,0x3840,0x40A1,0x5984,0x51C4,
  0x30E0,0x2900,0x3120,0x3161,0x41E3,0x41E2,0x41E2,0x41E2,0x39A2,0x4203,0x41E4,0x20E0,
  0x20E0,0x2942,0x39A3,0x39C4,0x41E4,0x4225,0x4204,0x4204,0x41E4,0x41E4,0x4204,0x4224,
  0x4204,0x4203,0x4224,0x4224,0x4224,0x39C3,0x18A0,0x18C0,0x3183,0x4205,0x41E4,0x39E4,
  0x4225,0x39C3,0x10A0,0x18A1,0x2103,0x2102,0x10A0,0x10A0,0x2922,0x2963,0x2102,0x20E2,
  0x20C1,0x20C1,0x18A0,0x20C1,0x18A0,0x1880,0x18A1,0x18C1,0x20E2,0x18E2,0x18E1,0x18A1,
  0x18C1,0x18C1,0x2943,0x2902,0x18A0,0x18C1,0x20E1,0x18C0,0x18A0,0x2942,0x2901,0x2101,
  0x2942,0x2942,0x41E4,0x4205,0x31A3,0x2941,0x39C3,0x4A45,0x3183,0x5AA8,0x630A,0x6B4B,
  0x3183,0x2942,0x41E4,0x41E4,0x39E3,0x3181,0x3182,0x31A2,0x31A2,0x39E3,0x39C3,0x39E4,
  0x3143,0x2923,0x20C1,0x20E1,0x20E2,0x2902,0x2902,0x2902,0x2922,0x2902,0x20E1,0x20E2,
  0x3984,0x39A4,0x41E6,0x3984,0x18A1,0x2923,0x3143,0x2902,0x20A0,0x28E1,0x20C1,0x2902,
  0x2902,0x2902,0x2902,0x2901,0x2901,0x2901,0x2902,0x2902,0x28E2,0x20E2,0x20C1,0x2902,
  0x20C2,0x20C1,0x2923,0x2923,0x2903,0x3123,0x28E2,0x20A1,0x20A1,0x20A0,0x2080,0x3902,
  0x51A4,0x59C4,0x5163,0x5142,0x5962,0x5983,0x5962,0x5983,0x5182,0x4101,0x30A0,0x2860,
  0x30E1,0x3102,0x2880,0x30E1,0x30E1,0x4163,0x51C4,0x38E0,0x4121,0x51A3,0x4962,0x30C0,
  0x30C0,0x3900,0x38E0,0x38E0,0x38C0,0x38A0,0x4921,0x5982,0x5141,0x5121,0x5142,0x5142,
  0x5142,0x4921,0x4901,0x4921,0x5142,0x5942,0x48E1,0x48E1,0x4901,0x5163,0x5183,0x38E1,
  0x2880,0x4183,0x3942,0x3121,0x41E4,0x41C4,0x41A5,0x49E6,0x30E1,0x4962,0x5A03,0x59E3,
  0x59E3,0x51C3,0x30E1,0x28C1,0x2901,0x3121,0x51E4,0x6225,0x4942,0x5143,0x4081,0x4082,
  0x3821,0x3842,0x3842,0x4062,0x3882,0x2080,0x62C7,0x51C4,0x3040,0x50A1,0x50A1,0x4880,
  0x4880,0x4880,0x4880,0x4860,0x4060,0x4060,0x4060,0x4080,0x3860,0x40C1,0x51A4,0x30E0,
  0x28E0,0x41C3,0x41E3,0x4203,0x41E3,0x39C2,0x41E3,0x4203,0x39A2,0x2941,0x18A0,0x20E1,
  0x2922,0x2942,0x2101,0x2921,0x39C3,0x39C3,0x39C3,0x41E3,0x41E3,0x41E3,0x39E3,0x39C2,
  0x39E2,0x4A44,0x39E2,0x4203,0x41E3,0x2921,0x20C0,0x2922,0x2922,0x3163,0x41E5,0x4225,
  0x4204,0x4224,0x2102,0x1881,0x18A1,0x18C1,0x20E1,0x2102,0x2922,0x2122,0x18E2,0x18C2,
  0x18C1,0x18C1,0x18C1,0x18E1,0x18C1,0x18A1,0x18C2,0x18C2,0x18C1,0x18E1,0x18C1,0x18C1,
  0x18E1,0x18A1,0x18C1,0x18A0,0x18A1,0x20C2,0x20C1,0x20C1,0x2902,0x39A4,0x2942,0x3162,
  0x3163,0x20E0,0x39C3,0x39C4,0x18A0,0x10A0,0x2921,0x3182,0x2121,0x3183,0x5287,0x5267,
  0x3183,0x41E4,0x4204,0x39C3,0x39C2,0x3182,0x31A2,0x39C3,0x31A2,0x3182,0x39A3,0x2962,
  0x2923,0x2923,0x2902,0x2922,0x2922,0x2922,0x2922,0x20E2,0x2902,0x2902,0x18A1,0x18A0,
  0x18A0,0x1060,0x18C1,0x18C1,0x2902,0x2102,0x20E1,0x2902,0x2922,0x3122,0x2922,0x2902,
  0x2902,0x2902,0x3122,0x3122,0x2901,0x28E1,0x2902,0x2902,0x20E1,0x20E1,0x20E2,0x2902,
  0x20E2,0x20C2,0x2923,0x2903,0x20C2,0x20A1,0x1860,0x2080,0x28C1,0x30E1,0x3901,0x4142,
  0x4942,0x5142,0x5142,0x61A3,0x69C3,0x61A3,0x5962,0x5982,0x5182,0x59C4,0x59C4,0x38E1,
  0x2860,0x30E2,0x30E2,0x2880,0x2881,0x30C1,0x30C1,0x38E1,0x30A1,0x2860,0x30A0,0x4943,
  0x5183,0x3901,0x4121,0x51A3,0x5162,0x5142,0x5121,0x5121,0x5921,0x5921,0x5942,0x4901,
  0x40E1,0x4901,0x5142,0x5142,0x4901,0x5121,0x5122,0x40C1,0x40A0,0x5163,0x5183,0x30C0,
  0x2880,0x4163,0x3101,0x3101,0x41C4,0x39A4,0x41A5,0x49C5,0x30C1,0x3901,0x51C2,0x51C2,
  0x59E3,0x51E3,0x5204,0x28C0,0x20A0,0x3922,0x4142,0x4962,0x5163,0x48E1,0x3820,0x3861,
  0x3841,0x3841,0x3841,0x3841,0x38A1,0x20A0,0x5285,0x6AA7,0x40C0,0x48A1,0x50A1,0x5081,
  0x5060,0x4860,0x4861,0x4881,0x4881,0x48A1,0x4081,0x40C1,0x40E1,0x4101,0x4142,0x28E0,
  0x41C3,0x4203,0x41C2,0x4203,0x39C2,0x39A2,0x41C2,0x41E3,0x39A1,0x2921,0x18C0,0x2942,
  0x2942,0x39C4,0x3162,0x2121,0x39C3,0x39E3,0x39E3,0x39C3,0x41E3,0x41E3,0x4203,0x4203,
  0x4202,0x4A64,0x4203,0x4203,0x4A24,0x3162,0x1880,0x2922,0x2102,0x2102,0x2942,0x39E4,
  0x39E3,0x4224,0x3163,0x18A1,0x18A1,0x20C1,0x18A0,0x18C1,0x18E1,0x18C1,0x18C1,0x2102,
  0x10C2,0x10C2,0x18C2,0x18C1,0x18C2,0x18C2,0x18C2,0x18C2,0x18A1,0x18C1,0x18C1,0x18C1,
  0x18E1,0x18C1,0x18A1,0x18A1,0x20C2,0x20E2,0x1080,0x20E1,0x3163,0x3163,0x20E1,0x3163,
  0x3983,0x18C0,0x18A0,0x2101,0x3162,0x2921,0x18C0,0x39C4,0x39C4,0x2101,0x2121,0x2101,
  0x2962,0x39A3,0x39C3,0x39C3,0x3182,0x39A3,0x39C3,0x39C3,0x39E4,0x39A3,0x39A3,0x3183,
  0x2902,0x2902,0x2922,0x2922,0x2902,0x2922,0x2922,0x2922,0x2922,0x2923,0x20C1,0x2102,
  0x2943,0x20E1,0x20E1,0x20E1,0x3143,0x2922,0x2902,0x2901,0x2922,0x2922,0x3143,0x2922,
  0x2922,0x20E1,0x2902,0x2902,0x2902,0x2902,0x2902,0x2902,0x28E2,0x20E2,0x2902,0x2903,
  0x28E2,0x20A1,0x20A1,0x2080,0x2060,0x2880,0x38E1,0x4963,0x51A3,0x4962,0x4942,0x4941,
  0x4901,0x4900,0x4900,0x40A0,0x40C0,0x5942,0x6182,0x5962,0x5121,0x5162,0x5183,0x5183,
  0x5184,0x38E1,0x30A0,0x3080,0x5184,0x4122,0x4122,0x5163,0x4942,0x4941,0x5183,0x4942,
  0x5143,0x5143,0x5142,0x4901,0x5141,0x5141,0x4900,0x5121,0x5122,0x5122,0x48C1,0x48E0,
  0x5983,0x61A3,0x5963,0x5963,0x5942,0x5122,0x5921,0x5142,0x40E0,0x4921,0x51A4,0x28C0,
  0x28C0,0x49C4,0x3922,0x28E1,0x3984,0x4184,0x4184,0x51E6,0x3122,0x28C0,0x51C2,0x51C2,
  0x59C2,0x5A04,0x4142,0x2901,0x41C4,0x3942,0x30C0,0x4122,0x4922,0x3880,0x3881,0x3040,
  0x3020,0x3861,0x3861,0x3020,0x3881,0x1860,0x39A3,0x6AC7,0x3080,0x4060,0x4860,0x5060,
  0x5060,0x4840,0x4860,0x4060,0x4060,0x4060,0x4040,0x3840,0x3860,0x4943,0x3921,0x3100,
  0x41C2,0x3160,0x41E2,0x41C2,0x39A2,0x41C2,0x41E3,0x41C2,0x39C2,0x20E0,0x18C0,0x20E2,
  0x20E1,0x2101,0x18C0,0x3162,0x39C4,0x39C4,0x3162,0x2941,0x2941,0x39C3,0x41E4,0x41E3,
  0x41E3,0x4203,0x4223,0x41E3,0x41E4,0x41C4,0x20C0,0x20C0,0x3163,0x2942,0x18A0,0x39A3,
  0x4224,0x4204,0x4205,0x2942,0x1080,0x18A0,0x2101,0x2102,0x18C1,0x18A1,0x1081,0x18C2,
  0x18E2,0x18C2,0x18C1,0x18E2,0x18E2,0x18A1,0x18A1,0x18C1,0x18C1,0x18C1,0x18C1,0x18C1,
  0x10A0,0x18C1,0x20E1,0x2943,0x39A4,0x39C5,0x39A4,0x4205,0x4A46,0x41E4,0x18C0,0x3183,
  0x4205,0x3183,0x4206,0x4A46,0x6309,0x39C4,0x2121,0x41E4,0x4A26,0x4205,0x4205,0x39A4,
  0x39A3,0x39C4,0x39A3,0x3182,0x39C3,0x39E4,0x39C3,0x41E4,0x39A4,0x2922,0x2101,0x3183,
  0x2922,0x2922,0x2902,0x2901,0x20E1,0x2922,0x2902,0x2922,0x2922,0x2922,0x20C1,0x2102,
  0x2943,0x18C1,0x2902,0x3122,0x3102,0x2901,0x2902,0x2922,0x2101,0x2102,0x2101,0x2902,
  0x2902,0x3122,0x3122,0x2902,0x2902,0x2902,0x28E2,0x20C2,0x20C2,0x20C2,0x28C2,0x20A1,
  0x2080,0x2060,0x20A0,0x30C1,0x4102,0x5183,0x59A4,0x5983,0x5141,0x4900,0x4920,0x5120,
  0x5141,0x5141,0x5121,0x4922,0x4902,0x40C1,0x5122,0x5942,0x5962,0x5942,0x5122,0x5142,
  0x5163,0x5983,0x4101,0x2840,0x4901,0x59A4,0x5962,0x5982,0x5961,0x5980,0x5981,0x5141,
  0x5101,0x5101,0x5121,0x5941,0x5120,0x5120,0x5120,0x5121,0x5142,0x48E2,0x4902,0x5982,
  0x61A2,0x5962,0x5121,0x5121,0x5121,0x5100,0x5100,0x5921,0x5121,0x4921,0x4162,0x28A0,
  0x3962,0x51E4,0x4184,0x28E2,0x3985,0x4185,0x4163,0x49C5,0x49E5,0x20A0,0x4182,0x5A03,
  0x59C2,0x59E4,0x30E1,0x3121,0x39A3,0x3101,0x30E1,0x4122,0x4943,0x3060,0x3060,0x30A1,
  0x2860,0x2860,0x3060,0x3881,0x40A1,0x2060,0x3121,0x6AC8,0x4122,0x3860,0x4880,0x4820,
  0x5040,0x4860,0x4881,0x40A1,0x4081,0x4081,0x4881,0x48A2,0x3861,0x3060,0x28A0,0x4182,
  0x4A03,0x39C2,0x41C2,0x3981,0x41A2,0x49C3,0x2901,0x20E0,0x3182,0x20E0,0x20C1,0x1880,
  0x20C1,0x2902,0x20E1,0x39C5,0x39A4,0x39A4,0x20E1,0x20E1,0x2101,0x3183,0x2922,0x2121,
  0x4204,0x4204,0x4204,0x41E3,0x41E4,0x4A05,0x20E1,0x20C0,0x3162,0x20E1,0x3183,0x4205,
  0x39C4,0x41E4,0x41E4,0x39C4,0x2942,0x18A0,0x18A0,0x2922,0x20E2,0x18C1,0x18C1,0x18C1,
  0x18E1,0x18C1,0x18A1,0x18C1,0x18E1,0x18C1,0x18C1,0x18C1,0x18E1,0x18C1,0x18C1,0x10A1,
  0x1080,0x1080,0x18A1,0x18C1,0x20E1,0x20E1,0x2921,0x2942,0x2921,0x2101,0x18C0,0x2102,
  0x2943,0x4206,0x6B4B,0x6B4B,0x5AA8,0x2101,0x39A4,0x41E4,0x39E4,0x3183,0x2922,0x2922,
  0x2101,0x2101,0x39A4,0x39C4,0x3162,0x2921,0x3162,0x4A05,0x3183,0x1060,0x18A0,0x20E1,
  0x3143,0x2922,0x2902,0x2101,0x2922,0x2902,0x20E1,0x2922,0x2922,0x2922,0x20E2,0x2102,
  0x2122,0x1080,0x20E1,0x2902,0x28E1,0x28E1,0x3122,0x2922,0x2901,0x2101,0x2101,0x2901,
  0x3102,0x30E1,0x28C1,0x20A0,0x2080,0x2080,0x2080,0x2080,0x2080,0x2060,0x28C1,0x3902,
  0x4143,0x4163,0x4984,0x51A4,0x5183,0x5142,0x4921,0x5141,0x5982,0x5961,0x5941,0x5120,
  0x5100,0x5121,0x5121,0x4901,0x4901,0x4922,0x5101,0x5921,0x5962,0x5941,0x5962,0x5162,
  0x4901,0x4921,0x5983,0x3060,0x38A0,0x4901,0x40E0,0x5142,0x5140,0x5140,0x5140,0x5120,
  0x5121,0x5941,0x5941,0x5120,0x5140,0x5120,0x48E0,0x5141,0x38A0,0x38A1,0x61A4,0x5961,
  0x5141,0x5961,0x5962,0x5141,0x5941,0x5921,0x5100,0x5941,0x5961,0x4941,0x30C0,0x3921,
  0x49E4,0x51E4,0x41A4,0x28E2,0x3964,0x4184,0x4184,0x49A4,0x5246,0x28E0,0x4141,0x5A03,
  0x59A2,0x59C3,0x3901,0x20C0,0x3142,0x28E1,0x3901,0x51C5,0x4943,0x2860,0x30C1,0x49A5,
  0x4984,0x28A1,0x2040,0x3060,0x3040,0x30C0,0x2080,0x62A8,0x51E5,0x3060,0x48A1,0x4840,
  0x5060,0x4860,0x4060,0x40A1,0x40A1,0x3840,0x3820,0x4081,0x40E3,0x2861,0x28A0,0x3142,
  0x2941,0x2961,0x3161,0x41C3,0x41C3,0x28E1,0x2901,0x20E0,0x2921,0x4225,0x39A4,0x2101,
  0x18A0,0x2942,0x2942,0x3183,0x4A26,0x2102,0x18A0,0x2101,0x2101,0x18E1,0x1080,0x18E1,
  0x2101,0x41C3,0x4A25,0x4A24,0x41E4,0x4205,0x20E0,0x20C0,0x18A0,0x2901,0x4A25,0x41E4,
  0x4A25,0x4205,0x39C4,0x3163,0x3184,0x2943,0x18A0,0x1080,0x20E1,0x18C1,0x20E2,0x2102,
  0x18C1,0x18C1,0x20E2,0x18C1,0x18C1,0x18C1,0x18C1,0x18C1,0x18C1,0x18A1,0x10A1,0x18A1,
  0x18C1,0x18C1,0x18E1,0x18C1,0x10A0,0x18A0,0x18E0,0x18C0,0x20E0,0x39A3,0x3183,0x2101,
  0x20E1,0x2101,0x2943,0x2942,0x3163,0x2962,0x39C4,0x4204,0x3183,0x2101,0x18A0,0x39A4,
  0x4206,0x18A0,0x41C4,0x4A05,0x20E1,0x20E1,0x20E0,0x2901,0x2901,0x2101,0x3183,0x2922,
  0x20E1,0x2902,0x3143,0x2902,0x2902,0x2902,0x2922,0x3143,0x2902,0x2902,0x20E2,0x2902,
  0x2943,0x20E1,0x2902,0x2902,0x28E1,0x2901,0x2901,0x2901,0x2922,0x3142,0x3142,0x28E1,
  0x28A0,0x2880,0x3901,0x3901,0x3902,0x4122,0x4963,0x4983,0x4963,0x5184,0x51A4,0x51A4,
  0x51A3,0x5183,0x5182,0x5162,0x5141,0x5121,0x5121,0x5121,0x5961,0x5941,0x5941,0x5120,
  0x5120,0x5141,0x5141,0x5121,0x48E0,0x40A0,0x5101,0x5961,0x5961,0x5120,0x5141,0x5962,
  0x5142,0x4901,0x5963,0x4922,0x3860,0x38A0,0x4902,0x5142,0x5141,0x5141,0x5140,0x5140,
  0x5141,0x5961,0x5961,0x5141,0x5141,0x5121,0x5141,0x38A0,0x3860,0x5983,0x61A3,0x5982,
  0x5141,0x5961,0x5962,0x5141,0x5121,0x5921,0x5921,0x5121,0x5161,0x4962,0x28A0,0x49A4,
  0x5226,0x49E4,0x41C4,0x2902,0x39A4,0x4183,0x41A3,0x49C4,0x5205,0x3101,0x4141,0x59C3,
  0x5982,0x61E3,0x4962,0x3962,0x3983,0x28E1,0x3922,0x3902,0x38E1,0x1820,0x30E1,0x49E5,
  0x41A4,0x3942,0x3943,0x4122,0x38E1,0x28C0,0x20A0,0x49C4,0x5A25,0x38E1,0x40C1,0x4881,
  0x4880,0x4860,0x4080,0x48C1,0x48C1,0x4061,0x4040,0x3000,0x3061,0x38C2,0x2080,0x1880,
  0x20E0,0x18A0,0x20E0,0x41C4,0x3962,0x3122,0x49E5,0x3983,0x18A0,0x41E4,0x4205,0x3162,
  0x18A0,0x18C0,0x2101,0x18C0,0x2922,0x1080,0x18A0,0x2101,0x18E1,0x18E1,0x18C1,0x20E1,
  0x20E0,0x20E0,0x2921,0x4204,0x4204,0x4204,0x2921,0x18A0,0x2942,0x41E4,0x39C4,0x41E4,
  0x3983,0x2922,0x2922,0x18E1,0x18A0,0x2102,0x3163,0x1080,0x18A1,0x18C1,0x18C1,0x18C1,
  0x18C2,0x18C2,0x18C2,0x18C1,0x18C1,0x18C1,0x18C1,0x18C1,0x18C2,0x18C1,0x18C1,0x18C1,
  0x18A1,0x10A1,0x18C1,0x18E1,0x20E1,0x18E1,0x20E1,0x2941,0x39E3,0x4204,0x41E4,0x39C4,
  0x39A3,0x39C4,0x3183,0x3162,0x2962,0x39A3,0x39E3,0x39E3,0x20E0,0x2922,0x5287,0x5AA8,
  0x6309,0x3163,0x18C1,0x39C4,0x20E1,0x2942,0x3983,0x2901,0x1880,0x20E0,0x39C4,0x39C4,
  0x18A0,0x2902,0x3143,0x2901,0x2902,0x2902,0x3143,0x3143,0x20E2,0x2922,0x20C1,0x18C1,
  0x20E1,0x2902,0x2922,0x28E1,0x20C1,0x2901,0x2922,0x2901,0x2922,0x3163,0x3102,0x2040,
  0x2860,0x4942,0x5183,0x59A3,0x59A3,0x5183,0x5183,0x5183,0x5183,0x5162,0x5162,0x5141,
  0x5141,0x5141,0x5140,0x5140,0x5121,0x5961,0x5961,0x5941,0x5941,0x5120,0x5121,0x5941,
  0x5961,0x5141,0x5141,0x5962,0x5962,0x4921,0x5120,0x5940,0x5961,0x5140,0x5121,0x5141,
  0x5121,0x5142,0x5963,0x5983,0x40C1,0x3880,0x4922,0x4943,0x5142,0x5962,0x5982,0x5981,
  0x5960,0x5160,0x5161,0x5962,0x5142,0x5142,0x40E1,0x40C0,0x5162,0x5982,0x5981,0x5961,
  0x5961,0x5961,0x5941,0x5941,0x5121,0x5121,0x5921,0x5100,0x5121,0x4941,0x2880,0x49C5,
  0x5205,0x49E4,0x3983,0x2901,0x41C4,0x41A3,0x49C3,0x51E4,0x51E5,0x30E1,0x3901,0x61E3,
  0x5161,0x5982,0x59C3,0x3942,0x2901,0x3963,0x4183,0x28A0,0x28C0,0x28E1,0x1880,0x3163,
  0x3983,0x3983,0x5225,0x5A46,0x51E5,0x30E1,0x30E1,0x3101,0x49A4,0x30C0,0x38A0,0x3840,
  0x3840,0x3820,0x3840,0x3840,0x4080,0x48A1,0x48C1,0x48E2,0x3861,0x3060,0x4963,0x4183,
  0x5204,0x3962,0x20A0,0x3101,0x28A0,0x4163,0x51E4,0x3942,0x1880,0x3982,0x39C3,0x39A2,
  0x2921,0x18A0,0x18E0,0x18A0,0x18C0,0x18C0,0x2101,0x2102,0x18C1,0x18E1,0x20E2,0x18C0,
  0x2941,0x2921,0x2941,0x4204,0x41E4,0x4A24,0x39C3,0x2941,0x4205,0x39C4,0x39A3,0x2942,
  0x18C0,0x18C0,0x1880,0x20E1,0x1080,0x18C1,0x3164,0x2102,0x1080,0x18C1,0x18C1,0x18C2,
  0x18C2,0x18C1,0x18C1,0x18C1,0x18C1,0x18A1,0x18A1,0x18C1,0x18C1,0x18C1,0x18E2,0x18E2,
  0x18A1,0x1081,0x18A1,0x18C1,0x18E1,0x18C1,0x18C0,0x10A0,0x2961,0x41E3,0x39E3,0x41E3,
  0x39E3,0x39E3,0x4224,0x4224,0x39C3,0x39A2,0x39C3,0x41E3,0x3162,0x2121,0x4205,0x5288,
  0x6309,0x5267,0x4A06,0x2102,0x1080,0x20E1,0x41C4,0x41E4,0x3162,0x2921,0x3162,0x3163,
  0x2922,0x3143,0x3143,0x2902,0x2922,0x2922,0x3143,0x2902,0x2922,0x3143,0x18A1,0x2902,
  0x2902,0x1880,0x2902,0x2922,0x2902,0x2902,0x2902,0x2902,0x3142,0x28E1,0x28C0,0x30C1,
  0x4122,0x5983,0x5982,0x5982,0x5962,0x5141,0x5121,0x5121,0x5141,0x5982,0x5961,0x5941,
  0x5940,0x5940,0x5920,0x5120,0x5120,0x5120,0x5120,0x5921,0x5941,0x5921,0x5921,0x5921,
  0x5121,0x5941,0x5941,0x5141,0x5141,0x5982,0x5140,0x5120,0x5140,0x5940,0x5120,0x5120,
  0x5941,0x5942,0x5942,0x5963,0x5143,0x3040,0x3060,0x4922,0x5122,0x5942,0x5941,0x5961,
  0x5981,0x5981,0x5161,0x5141,0x5143,0x4923,0x40C1,0x38A0,0x40E0,0x5140,0x5961,0x5141,
  0x5961,0x5141,0x5121,0x5941,0x5141,0x5121,0x5941,0x5141,0x5142,0x4101,0x28A0,0x49C5,
  0x49E5,0x4A05,0x3142,0x2101,0x41C3,0x41C3,0x49C3,0x5204,0x51E5,0x4143,0x30C0,0x5183,
  0x5162,0x5962,0x51A2,0x30C0,0x2080,0x4184,0x49A4,0x3942,0x20A0,0x20C0,0x1880,0x2942,
  0x39C3,0x41E4,0x41C3,0x3962,0x3942,0x30C0,0x2880,0x49C4,0x49C4,0x1840,0x2040,0x38A0,
  0x40C1,0x48A1,0x48A1,0x4060,0x4060,0x4881,0x4881,0x4881,0x4080,0x3040,0x5163,0x59E4,
  0x51C3,0x51C3,0x3900,0x38E1,0x4962,0x4983,0x51E5,0x30E0,0x3100,0x41C2,0x39C3,0x39C3,
  0x39C3,0x18E0,0x18C0,0x20E0,0x2942,0x2121,0x18E1,0x18C0,0x18C0,0x18C1,0x2102,0x2102,
  0x2921,0x20E0,0x2941,0x4204,0x4204,0x4204,0x41E4,0x4204,0x3182,0x2941,0x2901,0x18A0,
  0x2943,0x2922,0x18C1,0x2902,0x2102,0x18C1,0x2102,0x39C5,0x18C1,0x1080,0x18C1,0x20E2,
  0x18C1,0x18C1,0x20E2,0x18C2,0x18C1,0x18A1,0x18A1,0x18A1,0x18A1,0x18A1,0x18C2,0x18A1,
  0x1081,0x18A1,0x18A1,0x18A1,0x10A1,0x18C1,0x18C0,0x2941,0x4A25,0x4204,0x39C3,0x39C3,
  0x39C3,0x4203,0x39A2,0x39E3,0x4224,0x4224,0x39C3,0x31A2,0x39E3,0x4205,0x20E1,0x2122,
  0x5AA8,0x62E9,0x630A,0x4A06,0x2902,0x20E1,0x3163,0x3163,0x3983,0x39A3,0x3983,0x3163,
  0x2943,0x2922,0x2922,0x2902,0x2922,0x2922,0x2922,0x2902,0x2943,0x2922,0x20C1,0x49E6,
  0x4A06,0x28E2,0x2902,0x3143,0x2943,0x2922,0x2902,0x2922,0x3101,0x2080,0x38E1,0x5183,
  0x5163,0x5162,0x5941,0x5941,0x5141,0x5141,0x5121,0x5141,0x5961,0x5941,0x5941,0x5920,
  0x5940,0x6160,0x5940,0x5920,0x5920,0x5120,0x50E0,0x5100,0x5921,0x5121,0x5121,0x5921,
  0x5941,0x5121,0x5100,0x5961,0x5982,0x5140,0x5160,0x5961,0x5960,0x5140,0x5120,0x5120,
  0x5941,0x5941,0x5121,0x5142,0x5162,0x40E1,0x38A0,0x38E1,0x38A0,0x48C0,0x5141,0x5981,
  0x5160,0x5160,0x5181,0x5183,0x4922,0x3040,0x38A1,0x5983,0x5982,0x5981,0x5160,0x5981,
  0x5961,0x5141,0x5120,0x5141,0x5941,0x5121,0x5962,0x5962,0x5162,0x38C0,0x3901,0x49C5,
  0x5206,0x4A05,0x2901,0x1880,0x3962,0x5224,0x5204,0x5204,0x5205,0x51E5,0x30A0,0x4122,
  0x5182,0x5161,0x4962,0x51E5,0x28C1,0x20A0,0x28E2,0x3102,0x2901,0x20E1,0x2101,0x2942,
  0x2962,0x3183,0x2901,0x28E0,0x4183,0x4143,0x3902,0x3922,0x5205,0x3101,0x4983,0x38E1,
  0x38A0,0x40A1,0x48A1,0x48A1,0x48A1,0x4880,0x4880,0x4880,0x50C1,0x4080,0x3880,0x5182,
  0x4962,0x4962,0x51C4,0x51C4,0x59E4,0x49A3,0x2880,0x28C0,0x41A2,0x49E3,0x41E3,0x39E3,
  0x4204,0x39C3,0x31A2,0x2921,0x18E0,0x2121,0x20E1,0x2922,0x2942,0x20E1,0x20E1,0x20E1,
  0x20E1,0x2942,0x41E4,0x4204,0x4204,0x39E3,0x41E3,0x41E3,0x3182,0x18C0,0x1080,0x2922,
  0x20E2,0x18A1,0x20C1,0x20C1,0x20E1,0x18C1,0x20C1,0x3163,0x2943,0x18A1,0x18C1,0x18C1,
  0x18C1,0x18A1,0x18C1,0x18C1,0x18C1,0x18C2,0x18C1,0x18C2,0x18C2,0x18C2,0x18C2,0x18C1,
  0x18A1,0x18A1,0x18A1,0x18A1,0x18A1,0x18C1,0x20E1,0x2942,0x39E4,0x4204,0x39C3,0x39E3,
  0x39C2,0x39C2,0x39C2,0x4203,0x4203,0x39C2,0x4203,0x39C2,0x39C3,0x39C4,0x31A3,0x5287,
  0x630A,0x62E9,0x630A,0x6B2A,0x4206,0x18A0,0x3183,0x41C4,0x3983,0x3141,0x3162,0x2922,
  0x3143,0x2922,0x2922,0x2922,0x2902,0x2922,0x2922,0x2902,0x2922,0x20E1,0x2902,0x4A06,
  0x4A06,0x3122,0x20E2,0x2102,0x2902,0x2922,0x3142,0x2902,0x2080,0x28A0,0x4942,0x5163,
  0x5122,0x5962,0x5941,0x5121,0x5941,0x5121,0x5100,0x5100,0x5121,0x5941,0x5920,0x5120,
  0x5120,0x5920,0x5940,0x5920,0x5920,0x5100,0x5100,0x5920,0x5921,0x5941,0x5941,0x5921,
  0x5121,0x5121,0x5120,0x5120,0x5120,0x5961,0x5140,0x5120,0x5140,0x5961,0x5961,0x5941,
  0x5941,0x5941,0x5121,0x5121,0x5121,0x5983,0x5183,0x40E0,0x40A0,0x40C0,0x4900,0x4900,
  0x5141,0x5161,0x5182,0x4921,0x3060,0x40C1,0x5984,0x5983,0x5982,0x5160,0x5961,0x5982,
  0x5961,0x5141,0x5120,0x5120,0x5921,0x5121,0x5121,0x5162,0x4942,0x30A0,0x4142,0x5205,
  0x5206,0x49C5,0x28A1,0x2080,0x3101,0x5204,0x5A45,0x5205,0x5205,0x51E5,0x30A1,0x4122,
  0x4962,0x4941,0x59E4,0x5205,0x4184,0x28C1,0x2902,0x41C5,0x5267,0x630A,0x5AC8,0x4A67,
  0x4225,0x3983,0x28E1,0x3101,0x51C4,0x51C5,0x4143,0x28A0,0x3102,0x28C0,0x3102,0x4983,
  0x40E1,0x4080,0x4060,0x4881,0x4880,0x4860,0x4060,0x48A1,0x40A1,0x48C1,0x3880,0x4962,
  0x38E1,0x2860,0x30E0,0x2880,0x30E1,0x28E1,0x3962,0x4A25,0x41E3,0x3182,0x31A2,0x39C3,
  0x39A3,0x39C3,0x4204,0x39E4,0x39C4,0x4205,0x41E4,0x4225,0x4205,0x39E4,0x39E4,0x39E4,
  0x4205,0x4205,0x3183,0x20E0,0x39C3,0x4A25,0x4204,0x4204,0x39E4,0x18C0,0x18C1,0x2102,
  0x18C1,0x20E2,0x20C1,0x18C1,0x2101,0x2102,0x20E1,0x18A0,0x3183,0x39A4,0x2942,0x3183,
  0x3184,0x2922,0x10A0,0x18C1,0x20E1,0x18A1,0x10A1,0x18A1,0x18C1,0x18C1,0x10A1,0x18C2,
  0x20E2,0x18A1,0x18A1,0x18C1,0x18C2,0x18C1,0x18C1,0x18E0,0x18A0,0x10A0,0x3182,0x4204,
  0x39C2,0x4203,0x39C2,0x31A1,0x39C2,0x39E3,0x39E3,0x31A2,0x39E3,0x2962,0x4205,0x6B4A,
  0x5AC8,0x5AC8,0x4A47,0x41E6,0x3143,0x18C1,0x2922,0x2922,0x3162,0x3162,0x3982,0x3984,
  0x2923,0x2102,0x2922,0x2902,0x20E1,0x2902,0x2902,0x2102,0x2922,0x20E1,0x2923,0x4A06,
  0x4A06,0x3123,0x18A1,0x2902,0x2902,0x2902,0x2922,0x28E1,0x28A0,0x4122,0x5163,0x5162,
  0x5121,0x5942,0x5962,0x5941,0x5962,0x4900,0x4900,0x48C0,0x48E0,0x5121,0x5121,0x5141,
  0x5100,0x5120,0x5941,0x5940,0x5941,0x5100,0x5100,0x5921,0x5921,0x5921,0x5121,0x5101,
  0x5100,0x5100,0x5100,0x5120,0x5120,0x5120,0x5141,0x4921,0x5141,0x5961,0x5941,0x5941,
  0x5941,0x5941,0x5941,0x5141,0x5141,0x5141,0x5162,0x5162,0x5142,0x48E1,0x5121,0x4921,
  0x4921,0x4942,0x5162,0x3080,0x40E1,0x5183,0x5163,0x5982,0x5161,0x5140,0x5161,0x5141,
  0x5141,0x5120,0x5120,0x5120,0x5121,0x5141,0x4901,0x4942,0x4962,0x2880,0x4163,0x5A47,
  0x5206,0x51C6,0x28C1,0x3922,0x3100,0x49C3,0x6286,0x5225,0x49C4,0x51E5,0x3922,0x30E1,
  0x4984,0x51A3,0x4982,0x3963,0x49C6,0x62C9,0x6B0A,0x6B4C,0x6B2B,0x6B2A,0x6B2B,0x6B2A,
  0x6B4B,0x6B4B,0x62C9,0x49C4,0x3902,0x51A4,0x38C1,0x3922,0x3101,0x2080,0x1860,0x3922,
  0x4943,0x38A0,0x4060,0x4040,0x4860,0x4860,0x4060,0x4081,0x3881,0x4902,0x38C1,0x51A4,
  0x30C1,0x2060,0x28C1,0x20C1,0x20C1,0x3143,0x39E5,0x31C4,0x3A25,0x3A04,0x31A3,0x18C0,
  0x10A0,0x18E0,0x20E1,0x3183,0x39E4,0x39A3,0x3182,0x39C4,0x3162,0x2941,0x39C3,0x39C4,
  0x39C4,0x20E1,0x18A0,0x18C0,0x2941,0x2941,0x31A3,0x39E4,0x41E4,0x2922,0x18A0,0x20E2,
  0x18C1,0x20C2,0x18C1,0x20E1,0x2101,0x20E1,0x18C0,0x20E1,0x3183,0x39C4,0x4204,0x41E4,
  0x39C4,0x39C4,0x2101,0x1080,0x18C1,0x20E2,0x18C1,0x18E1,0x18C1,0x18C1,0x18C1,0x18A1,
  0x18A1,0x18C1,0x20E2,0x18A1,0x10A1,0x18A1,0x18A1,0x18C1,0x2963,0x2101,0x3183,0x4224,
  0x4204,0x39C2,0x39E3,0x4203,0x39A2,0x31A2,0x39A2,0x39C3,0x39C3,0x2941,0x18E0,0x3183,
  0x3183,0x2922,0x2943,0x2102,0x3163,0x3163,0x2922,0x2921,0x20E0,0x18A0,0x2101,0x3143,
  0x20C1,0x20C1,0x20C1,0x20E1,0x20E1,0x2902,0x2902,0x2902,0x2902,0x2102,0x2922,0x4A06,
  0x4A06,0x3984,0x18A1,0x18A1,0x2922,0x3163,0x2902,0x2080,0x3902,0x51A4,0x5142,0x5142,
  0x5942,0x5962,0x5962,0x5962,0x4900,0x5121,0x5142,0x40C0,0x48E0,0x4901,0x4901,0x5121,
  0x5101,0x5121,0x5141,0x5141,0x5100,0x5121,0x5120,0x5121,0x5121,0x5101,0x5941,0x5121,
  0x5101,0x5121,0x5141,0x5141,0x5120,0x4920,0x4921,0x5141,0x5162,0x5141,0x5121,0x5941,
  0x5921,0x5961,0x5961,0x5141,0x5141,0x5141,0x5161,0x5161,0x5162,0x5121,0x48E1,0x5163,
  0x5162,0x4901,0x3880,0x38C0,0x5162,0x5162,0x5162,0x5962,0x5962,0x5141,0x5121,0x5141,
  0x5120,0x5100,0x5100,0x5120,0x5120,0x5121,0x5141,0x4942,0x4983,0x28A0,0x4183,0x5A46,
  0x5206,0x4985,0x30C2,0x4122,0x3101,0x41A3,0x5A46,0x5225,0x5A26,0x5205,0x3943,0x2080,
  0x41A4,0x4162,0x49A3,0x4A26,0x6B4B,0x4A27,0x3164,0x39C5,0x3164,0x39A4,0x5AE9,0x6B4B,
  0x62C9,0x4A06,0x5247,0x49C5,0x30C1,0x4122,0x30C1,0x4964,0x30C1,0x2080,0x2080,0x30E1,
  0x4984,0x40E1,0x4080,0x4060,0x4860,0x4860,0x48A1,0x4081,0x3040,0x3060,0x4102,0x51C5,
  0x4142,0x2080,0x1860,0x20C0,0x20E1,0x2102,0x1901,0x10E0,0x2162,0x3A05,0x39E4,0x18A0,
  0x18E1,0x2942,0x18C0,0x39C4,0x39A4,0x18C0,0x18C0,0x2101,0x18C0,0x20E0,0x39E3,0x4225,
  0x3183,0x1080,0x18A0,0x2121,0x2921,0x18E0,0x2101,0x3162,0x39A4,0x2102,0x18A0,0x20E2,
  0x20E2,0x20E2,0x20E1,0x2101,0x2101,0x3183,0x39A3,0x39C3,0x41E4,0x39C3,0x31A2,0x20E0,
  0x2100,0x3182,0x39C4,0x18C0,0x10A0,0x20E1,0x2101,0x2101,0x20E1,0x18E1,0x18C1,0x18C1,
  0x18A1,0x18C1,0x18C1,0x18E2,0x18C1,0x18A1,0x18C1,0x20E2,0x2102,0x3163,0x39C4,0x39C3,
  0x4204,0x39C3,0x4204,0x4204,0x31A2,0x39C3,0x31A2,0x39A3,0x39E3,0x39C3,0x2962,0x2962,
  0x3162,0x3183,0x4225,0x39C5,0x2942,0x2101,0x2922,0x39A3,0x39C3,0x3162,0x2921,0x20C1,
  0x20C1,0x20E2,0x20C1,0x20E1,0x2902,0x20E1,0x2902,0x2902,0x2902,0x2902,0x2902,0x41E6,
  0x41C5,0x41C5,0x41C5,0x20E2,0x2923,0x2922,0x28E1,0x2080,0x4122,0x59A3,0x5142,0x5141,
  0x5941,0x5941,0x5161,0x5141,0x5162,0x5162,0x5142,0x4921,0x40C0,0x40C0,0x4901,0x4921,
  0x5121,0x4921,0x5121,0x5141,0x4900,0x5141,0x5121,0x5121,0x5942,0x5121,0x4901,0x5121,
  0x48E0,0x4900,0x5141,0x5962,0x5961,0x5962,0x5142,0x4901,0x4921,0x5962,0x5942,0x5141,
  0x5941,0x5961,0x5941,0x5141,0x5141,0x5161,0x5161,0x5161,0x5162,0x5162,0x40E1,0x4922,
  0x40C1,0x3880,0x38A0,0x4942,0x5142,0x5161,0x5961,0x5141,0x5961,0x5962,0x5141,0x4900,
  0x4900,0x5120,0x5120,0x5920,0x5120,0x5121,0x4941,0x4942,0x4963,0x3101,0x49C5,0x5A46,
  0x5206,0x30C2,0x2880,0x4143,0x30E1,0x3122,0x5205,0x5226,0x5205,0x5205,0x41A4,0x28E1,
  0x20C1,0x5205,0x6B4A,0x6B4C,0x41E6,0x18A1,0x18C1,0x18A1,0x20E1,0x2923,0x5AC9,0x5267,
  0x3963,0x2080,0x2880,0x3902,0x4163,0x3922,0x3902,0x4163,0x1820,0x28A0,0x28C1,0x28C0,
  0x49A4,0x3902,0x3880,0x4881,0x4880,0x4860,0x4880,0x4080,0x38A1,0x3080,0x3080,0x4963,
  0x51A4,0x4162,0x28A0,0x1860,0x1060,0x1080,0x10C0,0x10A0,0x10A0,0x1901,0x2122,0x1080,
  0x20E1,0x2102,0x2102,0x3184,0x1080,0x18A0,0x18C0,0x18A0,0x2100,0x31A3,0x4204,0x39E4,
  0x31A4,0x18C1,0x18C1,0x18C1,0x18E1,0x20E1,0x18E1,0x2101,0x2943,0x2102,0x18A0,0x18E1,
  0x18E2,0x18C1,0x2102,0x20E1,0x3162,0x4205,0x4204,0x39C3,0x39C3,0x4204,0x2961,0x10A0,
  0x2920,0x2941,0x4225,0x3182,0x18E0,0x18A0,0x10A0,0x1080,0x10A0,0x18C0,0x1080,0x18A0,
  0x18A0,0x10A0,0x18E1,0x1080,0x1080,0x18C1,0x1080,0x18A1,0x1080,0x2922,0x3184,0x3183,
  0x3183,0x2941,0x3182,0x39C3,0x39E3,0x39C3,0x39C3,0x39C3,0x39C3,0x41E4,0x39C3,0x39C3,
  0x39E4,0x3183,0x39A3,0x31A3,0x20E1,0x4205,0x2942,0x20E1,0x39A3,0x3182,0x39A3,0x2902,
  0x2902,0x2922,0x20C1,0x20E1,0x2902,0x2902,0x2902,0x2922,0x2902,0x20E2,0x2902,0x49E6,
  0x49E6,0x41E6,0x4A47,0x2902,0x2922,0x2902,0x28C1,0x30C1,0x4963,0x5142,0x5142,0x5141,
  0x5941,0x5141,0x5141,0x5141,0x5982,0x5141,0x4921,0x5142,0x40E0,0x40C0,0x4922,0x5142,
  0x5142,0x4942,0x4922,0x5142,0x4901,0x4921,0x5142,0x5121,0x5142,0x5962,0x5141,0x5141,
  0x4921,0x5121,0x5141,0x5121,0x5121,0x5121,0x5962,0x4901,0x4901,0x5962,0x5941,0x5141,
  0x5982,0x5961,0x5941,0x5941,0x5941,0x5961,0x5962,0x5962,0x5183,0x5163,0x4922,0x40E1,
  0x3060,0x40C1,0x4922,0x5122,0x5141,0x5141,0x5961,0x5141,0x5941,0x5962,0x5121,0x4900,
  0x5121,0x5941,0x5941,0x5940,0x5941,0x5121,0x4921,0x4983,0x30E1,0x3942,0x5226,0x5A26,
  0x5226,0x3943,0x2880,0x4963,0x3901,0x3122,0x5246,0x4A05,0x51E4,0x51E4,0x5205,0x41A3,
  0x1880,0x5226,0x6288,0x3983,0x28E2,0x39A4,0x18C1,0x3184,0x39A4,0x2922,0x20E1,0x28E1,
  0x3963,0x28E1,0x2080,0x3122,0x3922,0x28E1,0x3101,0x49A4,0x4983,0x30C1,0x3101,0x20A0,
  0x3943,0x4142,0x3080,0x48C1,0x4060,0x4880,0x4880,0x48C1,0x40E2,0x38A0,0x38A0,0x51A3,
  0x51A3,0x51C4,0x49A3,0x49A3,0x3142,0x18A0,0x1060,0x18E0,0x20E1,0x18C0,0x18C0,0x10A1,
  0x2122,0x18E2,0x18C1,0x18A1,0x1080,0x2102,0x2101,0x18E0,0x20E0,0x2962,0x41E4,0x41E4,
  0x3163,0x18A1,0x18E1,0x20E2,0x18C1,0x18E1,0x20E1,0x18E1,0x2102,0x18E1,0x18E1,0x18E2,
  0x18C1,0x20E2,0x2102,0x2901,0x4A05,0x39C4,0x41E4,0x39C3,0x41E3,0x41E3,0x4204,0x2941,
  0x18C0,0x2961,0x4204,0x39C3,0x39C3,0x3182,0x2942,0x2121,0x2962,0x31A3,0x3182,0x2921,
  0x2122,0x31A4,0x39A4,0x20E1,0x1080,0x18C1,0x18C1,0x18A1,0x18A1,0x18A1,0x1080,0x18A0,
  0x18C0,0x3183,0x2942,0x2921,0x39C3,0x3182,0x4204,0x39C3,0x3182,0x31A2,0x3182,0x39A3,
  0x39A3,0x3182,0x3162,0x39C4,0x3182,0x39C3,0x2942,0x2921,0x3183,0x2962,0x2942,0x20E1,
  0x2102,0x2902,0x20E1,0x2902,0x2922,0x2902,0x2902,0x2922,0x2902,0x18C1,0x2902,0x49E6,
  0x49E6,0x49E6,0x41C5,0x20E2,0x2923,0x3123,0x2060,0x3902,0x5184,0x5122,0x5121,0x5120,
  0x5140,0x5140,0x5961,0x5982,0x5141,0x5141,0x4921,0x4901,0x4921,0x40E1,0x4922,0x40E1,
  0x40E1,0x40E1,0x4901,0x5162,0x5142,0x5142,0x5162,0x40E1,0x38A0,0x40E0,0x40C0,0x3880,
  0x38A0,0x48E0,0x5121,0x5142,0x5142,0x5142,0x48E0,0x4901,0x5142,0x5141,0x5121,0x5961,
  0x5981,0x5961,0x5961,0x5941,0x5121,0x5141,0x5962,0x5983,0x5983,0x5184,0x38A1,0x2840,
  0x40E2,0x40C1,0x40C0,0x4901,0x5121,0x5100,0x5120,0x5141,0x5962,0x5942,0x5121,0x5121,
  0x5942,0x5961,0x5941,0x5920,0x5120,0x5121,0x5162,0x4983,0x28A0,0x4183,0x5A46,0x5A26,
  0x5A26,0x49C4,0x30E1,0x4983,0x3901,0x30E1,0x5226,0x4A05,0x5224,0x5A44,0x5224,0x5266,
  0x3984,0x1880,0x20A0,0x28E1,0x39A4,0x3984,0x1080,0x2922,0x39C4,0x3183,0x2942,0x39A4,
  0x3983,0x2901,0x3122,0x3122,0x3121,0x3162,0x2921,0x28E1,0x4163,0x2880,0x2080,0x20A0,
  0x2901,0x3122,0x30A0,0x40C1,0x40A1,0x48A1,0x4060,0x38A1,0x30A1,0x2880,0x3080,0x51A3,
  0x59E4,0x59E4,0x51E4,0x5A25,0x5246,0x4A05,0x3143,0x1880,0x1080,0x20E1,0x18C1,0x18E1,
  0x2102,0x20E2,0x18C1,0x1080,0x20E2,0x18C1,0x1080,0x2101,0x18C0,0x18C0,0x4A45,0x41E5,
  0x18C1,0x10A1,0x18E2,0x20E2,0x18C1,0x18E2,0x18E2,0x18E2,0x18C1,0x18C1,0x2102,0x20E2,
  0x18C1,0x2102,0x2922,0x2901,0x4A25,0x39A3,0x39C3,0x39E3,0x41E3,0x39C2,0x4224,0x39C3,
  0x2961,0x39E3,0x39E4,0x39C3,0x41E4,0x4204,0x4204,0x39E3,0x39E3,0x4204,0x4204,0x39C4,
  0x4205,0x39C4,0x2122,0x3163,0x20E2,0x1060,0x18A1,0x18A1,0x18A1,0x1880,0x18A0,0x20E1,
  0x3184,0x632A,0x4205,0x18C0,0x39A3,0x39E3,0x39E3,0x31A2,0x39E3,0x39A3,0x39A3,0x39C3,
  0x3182,0x39C3,0x3182,0x3182,0x3182,0x2100,0x10A0,0x2121,0x31A3,0x2962,0x2963,0x2942,
  0x2922,0x2902,0x2902,0x3143,0x2902,0x20E1,0x20E2,0x2902,0x2902,0x1880,0x3164,0x41E6,
  0x41A5,0x4A06,0x39A4,0x20E2,0x2923,0x3123,0x2060,0x30C1,0x5143,0x5122,0x5121,0x5120,
  0x5161,0x5140,0x5961,0x5981,0x5120,0x5141,0x5141,0x5141,0x4921,0x38C0,0x4922,0x40E1,
  0x40C0,0x40E1,0x40C0,0x38A0,0x40E1,0x38A0,0x3080,0x40E0,0x4942,0x4941,0x40C0,0x40E0,
  0x4921,0x5141,0x5142,0x5142,0x4901,0x40A0,0x40A0,0x4900,0x5141,0x5141,0x5140,0x5161,
  0x5140,0x5140,0x5961,0x5961,0x5120,0x5101,0x5942,0x5122,0x4902,0x3080,0x2020,0x38A1,
  0x4922,0x48E1,0x4901,0x4901,0x5121,0x5100,0x5100,0x5941,0x5941,0x5121,0x5142,0x5142,
  0x5942,0x5941,0x5920,0x5120,0x5120,0x5141,0x5183,0x4142,0x30C0,0x51E5,0x5A46,0x5A46,
  0x5205,0x3942,0x3121,0x4142,0x3101,0x28C1,0x41A4,0x5225,0x49E3,0x5203,0x5244,0x4A04,
  0x4A26,0x49E5,0x49A4,0x5226,0x4A05,0x20E1,0x3142,0x18C1,0x20E1,0x39A3,0x3183,0x3163,
  0x20E1,0x3142,0x39A3,0x2921,0x3182,0x4225,0x39C3,0x2080,0x28C0,0x4122,0x4143,0x3122,
  0x2901,0x2901,0x30E1,0x3080,0x4902,0x5102,0x40A1,0x38A1,0x2060,0x20A1,0x2880,0x28A0,
  0x3942,0x4163,0x3942,0x3942,0x49E5,0x5AC9,0x5268,0x20E2,0x1080,0x18C1,0x18E1,0x18E1,
  0x18E1,0x20E2,0x2102,0x18C2,0x18C1,0x18E2,0x18A1,0x20E2,0x20E1,0x18C0,0x3183,0x20E1,
  0x1080,0x18E1,0x18C1,0x18A1,0x18C2,0x2102,0x20E2,0x20E2,0x18E2,0x18E2,0x20E2,0x18E1,
  0x18C1,0x2102,0x18C1,0x2101,0x2942,0x20E0,0x2100,0x39E3,0x39C3,0x39C2,0x39A2,0x39C3,
  0x4A24,0x4204,0x39E4,0x39C3,0x39C3,0x39E3,0x39E3,0x39E3,0x39E3,0x39E3,0x39C3,0x39E3,
  0x39E4,0x2121,0x1080,0x18E1,0x18E1,0x1080,0x18C1,0x20E2,0x18C1,0x20E2,0x2102,0x20E1,
  0x20E1,0x2942,0x2101,0x2942,0x41E4,0x39C3,0x31A2,0x31A2,0x39C2,0x3182,0x39A2,0x39C3,
  0x39A2,0x39A2,0x39A2,0x3182,0x31A3,0x39C3,0x2121,0x2962,0x31A4,0x2122,0x2122,0x2922,
  0x2902,0x20E1,0x2102,0x2902,0x2902,0x2902,0x20C1,0x20C1,0x20E2,0x18A0,0x41C5,0x41E6,
  0x41C5,0x49E6,0x39A5,0x18C1,0x2923,0x3123,0x28A1,0x2880,0x4922,0x5142,0x5121,0x5161,
  0x5981,0x5161,0x5140,0x5120,0x5140,0x5141,0x5141,0x5962,0x40C0,0x40E1,0x4942,0x40E1,
  0x40E1,0x4922,0x3880,0x38A0,0x38A0,0x40E1,0x4901,0x4921,0x5162,0x4921,0x4921,0x4921,
  0x5162,0x5962,0x5142,0x5142,0x4921,0x40C0,0x5162,0x5161,0x4921,0x4920,0x4920,0x5140,
  0x5140,0x4920,0x5120,0x5141,0x5121,0x5121,0x5101,0x48E1,0x3060,0x30A1,0x4101,0x4101,
  0x5142,0x4921,0x4901,0x5101,0x5121,0x5121,0x5121,0x5100,0x48E0,0x4900,0x5141,0x5142,
  0x5121,0x5121,0x5120,0x5120,0x5120,0x4921,0x5183,0x38E1,0x30E1,0x5226,0x5A26,0x5A46,
  0x49C4,0x20C0,0x28C0,0x3101,0x3983,0x2902,0x2922,0x41C4,0x49C3,0x5203,0x5224,0x5225,
  0x5A67,0x5226,0x5A26,0x5A67,0x3963,0x1880,0x39A4,0x39C4,0x18A0,0x18C0,0x2942,0x2942,
  0x2942,0x2942,0x18C0,0x18A0,0x2101,0x2122,0x2922,0x3963,0x4163,0x4163,0x3983,0x41A4,
  0x39A4,0x3963,0x3902,0x2840,0x40C2,0x48E2,0x4080,0x40E2,0x2881,0x1820,0x2060,0x1840,
  0x20A0,0x1880,0x1880,0x18A0,0x18A0,0x1880,0x18C1,0x18A1,0x2102,0x20E2,0x2101,0x1901,
  0x2102,0x18C1,0x18C1,0x18C1,0x10A1,0x18A1,0x18E2,0x18A1,0x20E2,0x18C1,0x18A1,0x1080,
  0x18C1,0x18A1,0x18A1,0x18E2,0x18C2,0x18A1,0x2103,0x2103,0x20E2,0x18C2,0x18C1,0x18C1,
  0x18C1,0x18C1,0x1080,0x1880,0x18A0,0x3162,0x2121,0x3182,0x39E3,0x39C2,0x39E3,0x39E3,
  0x39E3,0x39C3,0x39C3,0x39C3,0x4203,0x39E3,0x39C2,0x39E3,0x4203,0x39E3,0x39C3,0x39C3,
  0x2121,0x10A0,0x10A0,0x1080,0x18C1,0x20E2,0x18C1,0x18C1,0x18A1,0x18C1,0x20C1,0x20E1,
  0x20E1,0x18C0,0x39A3,0x39C4,0x39C3,0x39C3,0x39C3,0x39C2,0x31A2,0x39C3,0x39A2,0x39C3,
  0x39C3,0x2941,0x39A3,0x39C3,0x39A3,0x3183,0x3183,0x2962,0x2963,0x2983,0x2963,0x3163,
  0x20E2,0x2102,0x20E2,0x20E1,0x39A4,0x4A06,0x3163,0x20E2,0x18A1,0x20C1,0x41E6,0x41E5,
  0x49E6,0x41E6,0x3164,0x18C2,0x2923,0x2923,0x28A1,0x2880,0x5162,0x5982,0x5141,0x5161,
  0x5141,0x5981,0x5160,0x5160,0x5140,0x5120,0x5121,0x4921,0x40A0,0x40C1,0x4102,0x4123,
  0x3902,0x38E1,0x38E1,0x4962,0x4921,0x5142,0x5141,0x4900,0x5100,0x5141,0x5100,0x48E0,
  0x5941,0x5121,0x4901,0x4921,0x4901,0x5983,0x5161,0x4920,0x4940,0x4920,0x4900,0x5120,
  0x5120,0x5120,0x4900,0x5141,0x5142,0x5122,0x3880,0x40A0,0x5121,0x4921,0x5141,0x4921,
  0x4900,0x4901,0x5101,0x5121,0x5101,0x5100,0x5121,0x5100,0x4900,0x5121,0x5141,0x4921,
  0x4920,0x5120,0x5140,0x5140,0x5120,0x4921,0x59C4,0x4142,0x3102,0x5A26,0x5A26,0x6267,
  0x49C4,0x2080,0x2901,0x4A06,0x6B0A,0x4A06,0x28E1,0x4A05,0x51E5,0x51E4,0x5A05,0x5205,
  0x5A25,0x5A05,0x5205,0x5206,0x3142,0x18A0,0x3163,0x2922,0x2963,0x31A4,0x4247,0x5AC9,
  0x6B4C,0x5AEA,0x4A47,0x4A68,0x4A47,0x4A28,0x41C6,0x3964,0x2902,0x20C1,0x20E1,0x2101,
  0x2922,0x20A0,0x2880,0x2840,0x3020,0x4081,0x4040,0x40A1,0x38A1,0x2880,0x2881,0x2080,
  0x18A0,0x18A1,0x10A0,0x10A0,0x18E1,0x18C1,0x18C1,0x18C0,0x18C1,0x18E1,0x18C0,0x18E1,
  0x18E1,0x18A0,0x10A0,0x18C1,0x18A1,0x18C2,0x18C2,0x18C2,0x18C2,0x18C2,0x18C2,0x18C2,
  0x18A1,0x18A1,0x18C1,0x18C2,0x18C2,0x18C2,0x18C1,0x20E2,0x2102,0x18C1,0x18C1,0x18C1,
  0x18E1,0x18E1,0x18C1,0x20E2,0x2922,0x2922,0x3183,0x39E3,0x39C3,0x39C2,0x39C2,0x39E3,
  0x39E3,0x39E3,0x39C3,0x39C3,0x39C3,0x39C2,0x39C2,0x39C3,0x39C3,0x3182,0x2962,0x1901,
  0x0880,0x18C0,0x18C1,0x1080,0x1080,0x18A1,0x20C2,0x18C2,0x18A1,0x20E2,0x18C1,0x18C0,
  0x18E1,0x2942,0x39C4,0x39C3,0x39C3,0x31A3,0x39C3,0x31A3,0x39C3,0x39C3,0x31A2,0x31A2,
  0x39C3,0x3183,0x3183,0x2922,0x2102,0x20C1,0x3163,0x3163,0x3163,0x2942,0x2962,0x2963,
  0x2102,0x2102,0x2922,0x2923,0x39A4,0x4A06,0x41E6,0x39A5,0x3143,0x3143,0x41E5,0x41C5,
  0x41A4,0x41C5,0x2923,0x20E2,0x2903,0x2902,0x28C1,0x30A0,0x5183,0x5982,0x5141,0x5161,
  0x5141,0x5141,0x5140,0x5981,0x5961,0x5120,0x5100,0x5101,0x40E1,0x4102,0x4102,0x4943,
  0x30E1,0x4163,0x5A06,0x5183,0x5162,0x5982,0x5162,0x5141,0x5141,0x5141,0x5121,0x5121,
  0x5121,0x40E0,0x4900,0x5142,0x5142,0x5162,0x5162,0x5120,0x4900,0x5100,0x5100,0x5120,
  0x5120,0x5120,0x4921,0x5142,0x4922,0x40C0,0x3880,0x4922,0x4901,0x4900,0x5100,0x5100,
  0x5101,0x5101,0x5121,0x5121,0x5101,0x5101,0x5121,0x5100,0x4900,0x5120,0x5121,0x4920,
  0x5121,0x5140,0x5120,0x5941,0x5141,0x5162,0x5183,0x30E1,0x3943,0x5A67,0x5226,0x5A46,
  0x3943,0x28E1,0x5A67,0x49E6,0x2922,0x3122,0x1880,0x3943,0x5226,0x5A25,0x5205,0x51E4,
  0x5A05,0x5A25,0x5225,0x5226,0x2902,0x2922,0x20E1,0x20E1,0x5AC9,0x632B,0x632C,0x632A,
  0x4A47,0x5288,0x632B,0x62EA,0x62CA,0x5248,0x5A48,0x5A88,0x4A06,0x39A4,0x4A25,0x20C0,
  0x3121,0x3962,0x30C1,0x38A1,0x3060,0x3840,0x4040,0x4080,0x38A1,0x38C2,0x51E6,0x49C5,
  0x18C1,0x10A0,0x18E1,0x18C1,0x18C1,0x2102,0x2102,0x18C0,0x18C0,0x2921,0x18E0,0x18E0,
  0x2101,0x2101,0x18C1,0x18C1,0x18C2,0x18C2,0x18C2,0x18C2,0x18C2,0x18C2,0x18C2,0x18C2,
  0x18C2,0x18C1,0x18A1,0x18A1,0x18A1,0x18C1,0x18C2,0x20E2,0x20E2,0x18C1,0x18C1,0x18C1,
  0x18C1,0x18C1,0x18A0,0x18C0,0x20E1,0x2962,0x39A3,0x39C3,0x31A2,0x31C2,0x39C2,0x39C2,
  0x39E3,0x39E3,0x39C3,0x39E3,0x41E3,0x39E3,0x39C2,0x4204,0x31A3,0x3182,0x2963,0x2142,
  0x18C0,0x18C1,0x18C1,0x18C1,0x18C1,0x18A1,0x1081,0x18A1,0x18A1,0x18C2,0x18C1,0x18A0,
  0x18C0,0x2942,0x39C4,0x3183,0x39E4,0x39A3,0x3182,0x2962,0x39C3,0x31A3,0x31A2,0x31A3,
  0x39E4,0x39A4,0x3163,0x18C1,0x41E5,0x2943,0x18C1,0x2942,0x3183,0x3183,0x2962,0x2942,
  0x2922,0x2923,0x39A5,0x41E6,0x39C5,0x3984,0x41C5,0x41C5,0x39A5,0x41A5,0x41C5,0x41C5,
  0x41C5,0x41C5,0x2903,0x2923,0x2903,0x2902,0x28C1,0x30A0,0x4962,0x5182,0x5141,0x5161,
  0x5141,0x5141,0x5141,0x5141,0x5141,0x5121,0x5121,0x4921,0x40C1,0x38C1,0x4964,0x3902,
  0x28A1,0x3902,0x30E1,0x28A0,0x30A0,0x3901,0x4962,0x51A3,0x51A3,0x5162,0x4941,0x4921,
  0x4941,0x4941,0x5162,0x5183,0x4942,0x4921,0x5142,0x5921,0x5921,0x5100,0x50E0,0x5100,
  0x5120,0x5120,0x4921,0x4901,0x4942,0x38A0,0x40E1,0x4942,0x4901,0x4900,0x4900,0x5121,
  0x5121,0x5121,0x5141,0x5121,0x5100,0x5101,0x5121,0x5101,0x48E0,0x4900,0x5101,0x4900,
  0x5941,0x5941,0x5941,0x5941,0x5141,0x5162,0x4963,0x2880,0x4184,0x6288,0x5A47,0x49E5,
  0x28A0,0x49E5,0x49C5,0x2080,0x3143,0x41A4,0x28C1,0x28E1,0x5205,0x5A26,0x5205,0x5205,
  0x5225,0x5225,0x5226,0x5226,0x2901,0x2922,0x2922,0x39A4,0x6309,0x5AC9,0x4206,0x39C5,
  0x2943,0x20C1,0x3123,0x28E2,0x28E2,0x28A1,0x30E2,0x28E1,0x3142,0x39A3,0x3141,0x3161,
  0x4A04,0x51E4,0x30C0,0x30A0,0x40A1,0x40A1,0x4081,0x3881,0x38C1,0x2040,0x3943,0x5247,
  0x20C1,0x10A0,0x2943,0x18C1,0x18E1,0x2102,0x2101,0x2942,0x3163,0x3183,0x3183,0x39C4,
  0x4205,0x39C5,0x2122,0x18C1,0x18C1,0x18C1,0x18A1,0x18A1,0x18A1,0x18C2,0x18C2,0x18A1,
  0x18E2,0x18C1,0x18C1,0x18C1,0x18C1,0x18C2,0x2102,0x2123,0x18C1,0x10A1,0x18E1,0x18C1,
  0x10A0,0x18C1,0x2101,0x2121,0x2962,0x39A3,0x39C3,0x31A2,0x39C2,0x39E3,0x39C2,0x39C2,
  0x39E3,0x39C3,0x39C3,0x41E4,0x4224,0x39C2,0x39C3,0x39C3,0x2962,0x2101,0x39C4,0x39C4,
  0x18E1,0x1080,0x18C1,0x20E2,0x18A1,0x18A1,0x18C1,0x18A1,0x1881,0x18A1,0x18C1,0x1080,
  0x10A0,0x18C0,0x2921,0x3183,0x39E4,0x39A3,0x18E0,0x2941,0x2941,0x31C3,0x31A3,0x3183,
  0x2922,0x2942,0x2943,0x3163,0x630A,0x632A,0x2942,0x18E1,0x3183,0x3183,0x2942,0x2942,
  0x20E1,0x2902,0x3984,0x3984,0x20E2,0x18A1,0x3164,0x41C5,0x41A5,0x41A5,0x41C5,0x41C5,
  0x41C5,0x3164,0x20E2,0x3144,0x28E2,0x2902,0x28C1,0x30C0,0x4962,0x5162,0x5141,0x5961,
  0x5141,0x5141,0x5961,0x5141,0x5141,0x5941,0x5962,0x4901,0x40C1,0x38C1,0x4964,0x4164,
  0x2080,0x1860,0x3102,0x3102,0x28C1,0x28C0,0x30E1,0x3101,0x3922,0x4162,0x51A4,0x4962,
  0x4983,0x5183,0x5183,0x4983,0x4982,0x5183,0x5142,0x5101,0x5101,0x5100,0x50E0,0x5100,
  0x5100,0x4921,0x4921,0x4101,0x4921,0x38A0,0x4942,0x4921,0x4900,0x4900,0x48E0,0x5100,
  0x5100,0x5100,0x5120,0x5121,0x5120,0x5121,0x5141,0x5121,0x4901,0x4901,0x5121,0x5921,
  0x5942,0x5941,0x5121,0x5141,0x5182,0x59C3,0x4983,0x28A0,0x49C5,0x5A67,0x5A88,0x5226,
  0x20A0,0x30E2,0x28E2,0x20A1,0x3103,0x41A5,0x28E2,0x1860,0x4183,0x5225,0x5225,0x5225,
  0x5225,0x5225,0x5246,0x4A26,0x20C1,0x2902,0x41E5,0x5AC9,0x632A,0x52A8,0x2943,0x2922,
  0x3164,0x3143,0x3123,0x28C2,0x2081,0x3902,0x28A1,0x3101,0x28C0,0x3140,0x3981,0x3981,
  0x49C3,0x51E3,0x3901,0x2860,0x3880,0x3860,0x4081,0x40A1,0x28A0,0x2080,0x2080,0x20C1,
  0x20E1,0x2943,0x2102,0x18C0,0x2102,0x2102,0x2101,0x39C4,0x39E4,0x31A3,0x31A3,0x39C4,
  0x39C4,0x39C4,0x31A4,0x18E1,0x18A1,0x18C1,0x18C1,0x18A1,0x18A1,0x18C1,0x18C1,0x18A1,
  0x18C1,0x18C1,0x18C1,0x18C1,0x18C2,0x18C2,0x20E2,0x20E2,0x18C1,0x18C1,0x20E2,0x18E1,
  0x2102,0x39C4,0x39C4,0x4205,0x4205,0x39E4,0x39A3,0x39C2,0x39C2,0x4203,0x39E3,0x39C2,
  0x39C3,0x39C3,0x31A2,0x39C3,0x41E4,0x39C3,0x39E3,0x39C3,0x18E0,0x18C0,0x2942,0x3183,
  0x2922,0x18C1,0x10A1,0x18A1,0x18C1,0x18C1,0x18A1,0x18C2,0x18A1,0x18C1,0x18C1,0x10A0,
  0x18C1,0x2942,0x2101,0x3183,0x39C4,0x2942,0x41E5,0x3183,0x20E1,0x39C3,0x4205,0x2121,
  0x18C0,0x3163,0x18C1,0x4206,0x62E9,0x39A4,0x2101,0x2942,0x3163,0x2942,0x2942,0x2942,
  0x2102,0x18A0,0x18C1,0x20C1,0x20E1,0x18A1,0x2902,0x3984,0x41C5,0x41E6,0x41C5,0x41C5,
  0x41C5,0x3123,0x20A1,0x2923,0x28E2,0x3123,0x28C1,0x30C0,0x4962,0x5142,0x5121,0x5120,
  0x5121,0x5121,0x5961,0x5161,0x5141,0x5942,0x5121,0x40E1,0x38C1,0x4102,0x4964,0x2081,
  0x1860,0x3102,0x3943,0x3963,0x3163,0x3163,0x3122,0x2901,0x20C0,0x28C0,0x3101,0x3101,
  0x3101,0x30E1,0x30E0,0x30E0,0x3101,0x3901,0x4922,0x4902,0x4901,0x4921,0x4900,0x4901,
  0x5141,0x5141,0x4921,0x4942,0x38C0,0x38C0,0x4921,0x4921,0x5121,0x4900,0x4900,0x4900,
  0x5100,0x5100,0x5100,0x5120,0x5121,0x5141,0x5141,0x5142,0x4901,0x4901,0x5122,0x5922,
  0x5942,0x5942,0x5141,0x5162,0x51A3,0x51C3,0x3101,0x3101,0x5247,0x5247,0x5A88,0x4A06,
  0x20A1,0x2080,0x28C2,0x3943,0x28E2,0x1880,0x20A1,0x20C1,0x3942,0x5225,0x5205,0x5205,
  0x4A05,0x4A25,0x5246,0x41E5,0x18A0,0x4A06,0x632A,0x632A,0x632A,0x632B,0x41C5,0x20C1,
  0x3964,0x4185,0x30E2,0x30E2,0x30C1,0x3923,0x28A0,0x4162,0x49C3,0x49C2,0x49C2,0x3980,
  0x41A1,0x49A2,0x51A3,0x3080,0x3880,0x3860,0x40A1,0x38C1,0x20A0,0x3963,0x28E1,0x18A0,
  0x2943,0x39C4,0x2102,0x18C1,0x2102,0x2102,0x18E0,0x2942,0x39C4,0x39C4,0x39E4,0x39C4,
  0x39A4,0x39C4,0x39C4,0x18E1,0x10A0,0x18C1,0x18C1,0x18C1,0x18C1,0x18C1,0x18C1,0x18C1,
  0x18C1,0x18C1,0x18C1,0x18C1,0x18C1,0x18C1,0x18C2,0x18C1,0x20E2,0x18C1,0x18C1,0x2943,
  0x39C5,0x4226,0x41E4,0x41E4,0x41E4,0x39C3,0x39E3,0x4203,0x41E3,0x39C2,0x39C2,0x39A2,
  0x39C3,0x39C3,0x39C3,0x39C3,0x4204,0x4A25,0x4225,0x3182,0x18C0,0x2101,0x18C0,0x18A0,
  0x20E2,0x18C1,0x10A1,0x1080,0x18C1,0x18C1,0x1080,0x18A1,0x18C1,0x18A1,0x18A1,0x18A0,
  0x2963,0x5287,0x4A46,0x20E1,0x20E1,0x4205,0x630A,0x5287,0x3163,0x2101,0x2101,0x2122,
  0x41E5,0x62E9,0x4A47,0x5AA9,0x41E6,0x18A0,0x3163,0x39A4,0x2963,0x2121,0x2962,0x2963,
  0x2923,0x2102,0x20E2,0x20E2,0x20C1,0x2902,0x39A4,0x41E6,0x39A5,0x41C5,0x41A5,0x41A5,
  0x41A5,0x3164,0x20C1,0x2923,0x2902,0x3123,0x28C1,0x30C0,0x4963,0x5162,0x5121,0x4900,
  0x5121,0x5120,0x5121,0x5142,0x5141,0x5142,0x4901,0x40C0,0x40E1,0x4943,0x4144,0x20A1,
  0x1881,0x20E2,0x3143,0x2943,0x2943,0x2963,0x3163,0x2943,0x2922,0x2902,0x28E1,0x28E1,
  0x20C0,0x28A0,0x28A0,0x28A0,0x28C0,0x28A0,0x2080,0x30A0,0x4142,0x51A4,0x4983,0x4942,
  0x4962,0x4142,0x4942,0x4122,0x3080,0x40E1,0x4901,0x5142,0x5121,0x5101,0x5121,0x5120,
  0x5100,0x5100,0x5120,0x5120,0x5121,0x5141,0x5121,0x5122,0x48E1,0x40C1,0x4902,0x4901,
  0x5122,0x5963,0x5983,0x4962,0x4121,0x3921,0x20A0,0x3122,0x5A88,0x5267,0x5A88,0x3984,
  0x1860,0x20A1,0x28C2,0x20A1,0x20A1,0x20A1,0x49E6,0x49E5,0x3122,0x5226,0x5205,0x5225,
  0x5205,0x5225,0x5246,0x41C5,0x3184,0x5AC9,0x4206,0x41E5,0x4206,0x3184,0x20E1,0x2902,
  0x3123,0x3963,0x20A1,0x28C1,0x3923,0x28A0,0x4162,0x4982,0x49C2,0x49C2,0x41A1,0x49C1,
  0x41A1,0x49A2,0x51A3,0x30C0,0x3080,0x38A1,0x3881,0x2880,0x3122,0x3983,0x3163,0x3183,
  0x2963,0x3183,0x3183,0x1080,0x18A0,0x20C0,0x18C0,0x2101,0x39C4,0x39E4,0x31A4,0x39C4,
  0x31A4,0x3184,0x2963,0x1080,0x18C1,0x18C1,0x18C1,0x18C1,0x18C1,0x18C1,0x18C1,0x18A1,
  0x18C1,0x18C1,0x18C1,0x18C2,0x18C2,0x18A1,0x18C1,0x18C2,0x20E2,0x10A1,0x18C1,0x2122,
  0x3184,0x2122,0x3162,0x39A2,0x39A2,0x41E3,0x4204,0x4203,0x39E3,0x39C2,0x39A2,0x39C3,
  0x39C3,0x39C4,0x39C4,0x3983,0x2921,0x2101,0x2941,0x18C0,0x18E0,0x2101,0x2101,0x18C1,
  0x1080,0x1080,0x18C1,0x18C1,0x1080,0x10A1,0x18C2,0x18C2,0x18C2,0x18A1,0x18A0,0x1080,
  0x2122,0x5267,0x5AC8,0x18E1,0x2922,0x62E9,0x5AC9,0x62E9,0x62E9,0x39E5,0x18E1,0x18C1,
  0x4206,0x5AC9,0x62EA,0x5AA9,0x2923,0x2943,0x31A4,0x2922,0x3183,0x2962,0x3183,0x31A4,
  0x20E2,0x18A1,0x18A1,0x18A1,0x2902,0x3984,0x41C5,0x41A5,0x3164,0x41C5,0x41A5,0x41A5,
  0x3984,0x3985,0x20E2,0x2923,0x2902,0x3122,0x28E1,0x28C0,0x4983,0x5183,0x5142,0x5121,
  0x5961,0x5961,0x5121,0x5142,0x5142,0x5962,0x5121,0x40E1,0x4922,0x51A5,0x30C2,0x20A1,
  0x20C1,0x20E2,0x2963,0x2943,0x2923,0x2943,0x2943,0x2943,0x2943,0x3143,0x2922,0x2902,
  0x2902,0x2902,0x2902,0x2902,0x3122,0x3122,0x2902,0x20C1,0x28E1,0x3122,0x3921,0x3101,
  0x30E1,0x30E1,0x4163,0x30C1,0x3080,0x4922,0x5122,0x5142,0x5101,0x5101,0x5121,0x5120,
  0x4900,0x5120,0x5120,0x5120,0x5141,0x5141,0x4921,0x4922,0x40E1,0x40E1,0x4922,0x4902,
  0x4922,0x4963,0x4983,0x3901,0x20A0,0x28C0,0x28E1,0x3122,0x5A67,0x5267,0x5A88,0x3143,
  0x2081,0x3123,0x20C1,0x2902,0x41C5,0x62C9,0x632B,0x4A06,0x3101,0x5226,0x5205,0x5A45,
  0x5225,0x5225,0x5246,0x39A4,0x18C1,0x2923,0x18A0,0x20E1,0x1080,0x18C1,0x2943,0x3143,
  0x18A1,0x20A0,0x20C1,0x4184,0x3943,0x3101,0x49A3,0x49C3,0x4181,0x41A1,0x41A1,0x49E2,
  0x49C2,0x49E3,0x51C3,0x30E1,0x2860,0x38C1,0x3081,0x2060,0x3183,0x3183,0x31A3,0x2942,
  0x2101,0x2963,0x39C4,0x3162,0x3163,0x3183,0x3183,0x31A3,0x39C4,0x2942,0x18C0,0x18A0,
  0x18A0,0x18E1,0x18C1,0x1060,0x20E2,0x18C1,0x18C1,0x18E2,0x18C2,0x18C1,0x18C1,0x18C1,
  0x18C1,0x18A1,0x18A1,0x18C1,0x18C1,0x18A1,0x18C1,0x18A1,0x18C1,0x18C1,0x20E2,0x10A0,
  0x1080,0x1080,0x18C0,0x20E0,0x2941,0x39E3,0x41E3,0x39C2,0x39C2,0x39C3,0x39C3,0x39C3,
  0x39C3,0x39A3,0x2942,0x18C0,0x20E0,0x2942,0x2942,0x3183,0x2962,0x18E1,0x18C1,0x2101,
  0x18C1,0x18C1,0x18E2,0x18C1,0x10A1,0x10A1,0x18A1,0x18A1,0x1081,0x1080,0x18C1,0x18C1,
  0x20E1,0x41E5,0x630A,0x39A4,0x39A4,0x5AA8,0x5AC9,0x5AA9,0x5AC9,0x62EA,0x4A47,0x2102,
  0x5288,0x5AA9,0x5268,0x5AC9,0x3164,0x20E1,0x3184,0x2943,0x2942,0x2121,0x3162,0x3183,
  0x20E2,0x20C1,0x20C1,0x18A1,0x2923,0x3164,0x3984,0x39A5,0x41A5,0x41A5,0x39A5,0x41A5,
  0x39A5,0x3984,0x20E2,0x28E2,0x2902,0x3102,0x3102,0x2080,0x3902,0x5183,0x5162,0x5162,
  0x5961,0x5941,0x5141,0x5141,0x5962,0x5121,0x5121,0x5142,0x4942,0x4143,0x30E2,0x28C2,
  0x18A1,0x18C1,0x2964,0x2943,0x3163,0x2922,0x3184,0x3164,0x2923,0x2943,0x2923,0x2923,
  0x2923,0x20C2,0x20C2,0x18A1,0x18A1,0x18A1,0x20C2,0x18C1,0x20E2,0x39A4,0x39A4,0x3163,
  0x3963,0x3963,0x3963,0x28C1,0x30C1,0x38E1,0x38C1,0x4102,0x4901,0x5101,0x5101,0x5121,
  0x5120,0x5120,0x4920,0x4920,0x4921,0x5142,0x4921,0x4122,0x4102,0x5164,0x4122,0x4143,
  0x3922,0x3102,0x28C0,0x1880,0x20C0,0x3122,0x18A0,0x3984,0x5A68,0x5A88,0x5247,0x20C2,
  0x28E2,0x20E2,0x18A1,0x5288,0x632B,0x630A,0x630A,0x3984,0x3963,0x5205,0x5A25,0x5A25,
  0x5205,0x5205,0x5246,0x3163,0x20C1,0x39A4,0x3184,0x3184,0x2943,0x20E1,0x20E1,0x2942,
  0x2922,0x20E1,0x18A0,0x2902,0x2902,0x3122,0x4183,0x41A3,0x41C2,0x49E2,0x41C2,0x41C2,
  0x41C2,0x41A2,0x3941,0x28C0,0x28C1,0x30E2,0x28A1,0x2080,0x2942,0x39C4,0x2962,0x2142,
  0x2982,0x31A3,0x31A3,0x3183,0x3983,0x41C4,0x3183,0x39A4,0x2122,0x10A0,0x2102,0x18C1,
  0x20E2,0x2943,0x18E1,0x10A0,0x20E2,0x18C1,0x18A1,0x20E2,0x18E2,0x18C2,0x18C2,0x18C1,
  0x18C1,0x18A1,0x18A1,0x18C2,0x18C2,0x18C1,0x18C1,0x18A1,0x18C2,0x18E2,0x18C1,0x18C1,
  0x20E1,0x2101,0x2100,0x2920,0x3182,0x39C3,0x39E3,0x39A2,0x39A2,0x39E3,0x39A3,0x39C3,
  0x39C4,0x3162,0x1080,0x18C0,0x20E1,0x20E1,0x39C4,0x2942,0x2963,0x3163,0x1080,0x18E1,
  0x18E1,0x20E2,0x18C1,0x20E2,0x18C2,0x10A1,0x1081,0x1081,0x18A1,0x18C1,0x18C1,0x20E1,
  0x18E1,0x4205,0x632A,0x4A47,0x3184,0x5267,0x5AC9,0x5AA9,0x5AA9,0x5A88,0x5AA9,0x5AA9,
  0x5AA9,0x5288,0x5AA9,0x5AC9,0x39C5,0x18C1,0x3163,0x3184,0x2922,0x1080,0x2101,0x2122,
  0x20E1,0x20E1,0x2902,0x3143,0x3984,0x39A5,0x3984,0x3984,0x3984,0x41A5,0x41A5,0x39A5,
  0x3985,0x3985,0x20E2,0x2902,0x2902,0x2902,0x28E1,0x1860,0x2880,0x51A4,0x51A3,0x5162,
  0x5962,0x5100,0x5141,0x5141,0x5962,0x5121,0x5121,0x5162,0x4963,0x38E1,0x28A1,0x28C1,
  0x18C1,0x20E2,0x3184,0x2963,0x3184,0x3984,0x3163,0x2902,0x3163,0x3144,0x2923,0x2903,
  0x18A1,0x3144,0x3185,0x39C6,0x39C6,0x39C6,0x41E7,0x5268,0x630B,0x632C,0x632B,0x632B,
  0x630A,0x5AC9,0x5247,0x4A06,0x49E5,0x49E5,0x3902,0x30A0,0x4921,0x5141,0x5141,0x5141,
  0x5121,0x4900,0x5141,0x5162,0x4941,0x4121,0x4122,0x38E1,0x3902,0x30A1,0x2060,0x28E1,
  0x2080,0x20A1,0x1880,0x2922,0x3143,0x20E1,0x20E1,0x5247,0x5267,0x5A68,0x41E6,0x1881,
  0x1881,0x2102,0x5288,0x632B,0x632A,0x5AEA,0x4A06,0x28E1,0x49E5,0x5A66,0x5205,0x5205,
  0x5205,0x5205,0x5205,0x2902,0x20C1,0x3984,0x2922,0x2943,0x3183,0x2942,0x18C0,0x2101,
  0x2963,0x2101,0x20E1,0x20E1,0x3163,0x3963,0x20C0,0x3141,0x3982,0x3141,0x2920,0x28E0,
  0x3141,0x3141,0x28E0,0x3102,0x3963,0x3963,0x41A5,0x2922,0x18E1,0x3183,0x31A3,0x31A3,
  0x31A3,0x31A3,0x31A3,0x3183,0x3163,0x3983,0x39C4,0x2942,0x18C0,0x18C1,0x2102,0x20E2,
  0x18C1,0x18E1,0x2102,0x18A1,0x18C1,0x18A1,0x18A1,0x18C1,0x1081,0x18A1,0x18C2,0x18C2,
  0x18C2,0x18C1,0x18C2,0x18C2,0x18C2,0x18C1,0x18C2,0x18C1,0x18C1,0x18C1,0x18E1,0x18E1,
  0x18E1,0x18C1,0x2121,0x3182,0x41E4,0x39C3,0x31A2,0x39A3,0x39C3,0x39A3,0x39A3,0x20E0,
  0x2921,0x18C0,0x20C0,0x18C1,0x18C0,0x1080,0x2922,0x3183,0x20E1,0x41E5,0x2101,0x18A1,
  0x18C1,0x18C1,0x2102,0x18C1,0x18C1,0x18E2,0x18C2,0x18C1,0x18A1,0x18C1,0x18C1,0x18C1,
  0x20E1,0x4226,0x630A,0x4206,0x3984,0x5A88,0x5A88,0x5A89,0x5AA9,0x5AA9,0x5AC9,0x5AA9,
  0x5AA9,0x5289,0x5AA9,0x5ACA,0x39C5,0x20E1,0x39A4,0x3984,0x20E1,0x18A0,0x2101,0x18C0,
  0x20E1,0x3163,0x4206,0x39A5,0x41A5,0x41C5,0x3984,0x3964,0x3984,0x41C5,0x41C5,0x39A5,
  0x39A5,0x39A4,0x20C1,0x2902,0x2902,0x2902,0x2902,0x28E2,0x28C1,0x3922,0x5183,0x5162,
  0x5121,0x4901,0x5141,0x5141,0x5141,0x5121,0x5121,0x5142,0x5162,0x3902,0x2080,0x20A1,
  0x18A1,0x18C1,0x31A4,0x3164,0x2922,0x2902,0x2922,0x3143,0x3164,0x20E2,0x20C2,0x3164,
  0x5268,0x5268,0x5AA9,0x5AEA,0x632C,0x632C,0x632C,0x62EB,0x5268,0x4A27,0x5248,0x630A,
  0x632B,0x630A,0x632B,0x630A,0x632B,0x62EA,0x630A,0x5205,0x30A0,0x4901,0x5121,0x4901,
  0x5141,0x5141,0x4921,0x5162,0x51A3,0x3901,0x30C1,0x2880,0x2080,0x2080,0x20C1,0x20C1,
  0x2923,0x2922,0x2923,0x3164,0x2123,0x20E1,0x3143,0x5A88,0x5226,0x5A68,0x3984,0x1060,
  0x3164,0x630A,0x5AC8,0x4226,0x4A67,0x2122,0x20E1,0x20E1,0x41C4,0x5A46,0x5225,0x5205,
  0x5205,0x5A26,0x5205,0x2901,0x20E1,0x3163,0x2943,0x2963,0x3163,0x3163,0x2963,0x10C0,
  0x2122,0x2122,0x2122,0x2963,0x2122,0x3163,0x28E1,0x3142,0x2921,0x20E0,0x2922,0x3162,
  0x3162,0x39A3,0x41E5,0x41C5,0x41C5,0x41C5,0x3984,0x2101,0x2122,0x2962,0x2983,0x31A3,
  0x31A3,0x3183,0x3183,0x31A3,0x39A3,0x3183,0x31A3,0x18C0,0x10A0,0x2102,0x18C1,0x20E2,
  0x18C1,0x20E2,0x20E2,0x18C1,0x20E1,0x20E1,0x18C1,0x20E2,0x18C2,0x18C2,0x18C1,0x18C1,
  0x18C1,0x18C1,0x18C1,0x18C1,0x18A1,0x18A1,0x18C1,0x18C1,0x18C1,0x18A1,0x18A1,0x18A1,
  0x20E2,0x2943,0x39E4,0x39C4,0x39C4,0x39A3,0x31A3,0x39E4,0x31A3,0x39C4,0x2921,0x1080,
  0x18A0,0x1080,0x18C1,0x20E1,0x20E1,0x18C1,0x1080,0x2943,0x3163,0x2943,0x41E5,0x1060,
  0x18C1,0x20E1,0x18A0,0x2102,0x2102,0x18A1,0x18C2,0x18C2,0x18A1,0x18C1,0x18C1,0x18C1,
  0x20E1,0x4A26,0x62E9,0x41E5,0x39A4,0x5AA8,0x5AA9,0x5268,0x5AA9,0x5A89,0x5A88,0x5A89,
  0x5A89,0x5289,0x5268,0x5AC9,0x4206,0x2102,0x3184,0x1880,0x20E1,0x3163,0x3183,0x20E1,
  0x2102,0x2923,0x3984,0x3984,0x41C5,0x41E5,0x41A5,0x3984,0x41A5,0x49E6,0x41C5,0x39A5,
  0x41C5,0x3984,0x20C1,0x20E1,0x2902,0x2902,0x20C1,0x3143,0x3143,0x2080,0x3922,0x4942,
  0x4901,0x4921,0x5141,0x5121,0x5121,0x5121,0x5121,0x5141,0x4962,0x4963,0x2080,0x20A0,
  0x20C1,0x20E1,0x2964,0x2923,0x2923,0x2902,0x3123,0x3164,0x20E2,0x3164,0x5268,0x632B,
  0x4A27,0x3164,0x2923,0x2123,0x4207,0x39C6,0x3985,0x2923,0x20C2,0x2923,0x2103,0x18C2,
  0x39A5,0x5AEA,0x5AEA,0x5AC9,0x5AC9,0x62EA,0x630A,0x49A4,0x38A0,0x5121,0x5121,0x48E0,
  0x4921,0x4942,0x4101,0x4142,0x4963,0x28C0,0x2060,0x20A1,0x3123,0x3123,0x3984,0x3164,
  0x2102,0x20E2,0x2943,0x2964,0x3184,0x18C1,0x39A4,0x5A87,0x5246,0x5A88,0x3143,0x18A0,
  0x5268,0x4A26,0x2101,0x18C0,0x18C1,0x2122,0x2963,0x18C0,0x3142,0x4A05,0x5225,0x5205,
  0x51E5,0x5205,0x49E5,0x20C1,0x18C1,0x3143,0x3163,0x3184,0x2943,0x2963,0x3183,0x2122,
  0x18E1,0x2101,0x2122,0x2942,0x18C0,0x1880,0x2922,0x41C4,0x39A4,0x41C3,0x4204,0x2942,
  0x18A0,0x20C0,0x2902,0x3183,0x2943,0x20E1,0x2101,0x3163,0x39C4,0x31A4,0x3183,0x3183,
  0x3183,0x3183,0x31A3,0x31A3,0x39A3,0x31A3,0x31A3,0x2101,0x18E1,0x10A0,0x20E2,0x20E2,
  0x20E1,0x18C1,0x18C1,0x18A0,0x2102,0x20E1,0x1080,0x1080,0x18A1,0x18C1,0x18A1,0x18C2,
  0x18C1,0x18C1,0x18C1,0x18C1,0x18A1,0x18A1,0x18A1,0x18C1,0x18C1,0x18C1,0x18E1,0x18E1,
  0x2102,0x3184,0x31A4,0x2922,0x2101,0x20E1,0x2101,0x3183,0x39E4,0x31A3,0x1080,0x2101,
  0x18E1,0x20E1,0x18C1,0x20E1,0x20E1,0x18C1,0x18C1,0x18A0,0x2943,0x3163,0x39C4,0x2102,
  0x18C0,0x2922,0x20E1,0x18C1,0x20E2,0x18E1,0x18A1,0x18C1,0x18C2,0x18C1,0x18C1,0x20E1,
  0x20E1,0x4A26,0x62E9,0x39C5,0x2923,0x4A06,0x5AA9,0x5AA9,0x5AA9,0x5AA9,0x62EA,0x62EA,
  0x5AA9,0x62EA,0x5AA9,0x5288,0x5288,0x2943,0x20C1,0x2102,0x3163,0x3983,0x2922,0x1080,
  0x20E2,0x3143,0x39A5,0x39A5,0x41C5,0x39A5,0x39A5,0x3985,0x41A5,0x41C6,0x41C5,0x39A5,
  0x39A5,0x3163,0x20E1,0x20E1,0x2902,0x2102,0x20C1,0x3964,0x3984,0x20A1,0x2880,0x38E1,
  0x5142,0x4921,0x4941,0x5120,0x5120,0x5141,0x5161,0x5141,0x4962,0x4983,0x28A0,0x2080,
  0x20C1,0x20E1,0x2943,0x2102,0x2902,0x2923,0x2923,0x2102,0x3164,0x5AC9,0x632C,0x4207,
  0x1080,0x2923,0x2943,0x18A1,0x18C2,0x18C1,0x20E2,0x2103,0x18A1,0x20E2,0x20E2,0x20E2,
  0x4206,0x5AEB,0x5ACA,0x62EA,0x630A,0x5247,0x3923,0x30C1,0x4101,0x5141,0x4921,0x4901,
  0x4921,0x4122,0x4983,0x5A05,0x3902,0x1840,0x28E1,0x3123,0x2943,0x3143,0x2923,0x2943,
  0x2122,0x2102,0x2943,0x20E2,0x2943,0x2922,0x5A67,0x5A67,0x5226,0x5A67,0x3142,0x1060,
  0x2102,0x18C0,0x2942,0x2942,0x18C1,0x2963,0x2942,0x18C0,0x41C4,0x5225,0x5226,0x5225,
  0x5205,0x5226,0x41C4,0x18A0,0x2101,0x3163,0x3163,0x39A4,0x2963,0x2122,0x2942,0x3183,
  0x18E1,0x20E1,0x2922,0x3163,0x20E1,0x3163,0x41E5,0x3984,0x41C4,0x3163,0x18A0,0x20E1,
  0x2943,0x3163,0x2102,0x18E1,0x18C1,0x2121,0x31A3,0x31A3,0x3183,0x3183,0x2963,0x3183,
  0x31A3,0x3183,0x31A3,0x39C3,0x3183,0x3183,0x3183,0x3183,0x31A4,0x18A0,0x18C1,0x20E2,
  0x18E1,0x2102,0x3163,0x2102,0x18E1,0x2922,0x2942,0x2102,0x18A0,0x18A0,0x1080,0x1080,
  0x18A1,0x18C1,0x18C1,0x18C1,0x18C1,0x18C1,0x18C1,0x18A1,0x10A1,0x18A1,0x18C1,0x18E1,
  0x18C1,0x18C1,0x18A0,0x1080,0x20E1,0x2101,0x18A0,0x18A0,0x20E1,0x18C0,0x1080,0x2102,
  0x2102,0x18C1,0x18C1,0x18C1,0x10A0,0x20E1,0x18C1,0x18A0,0x18A0,0x2922,0x39A4,0x3163,
  0x18A0,0x18A0,0x20E1,0x18C1,0x10A0,0x18C1,0x18C1,0x18C1,0x20E2,0x18E1,0x18C1,0x20E2,
  0x20E1,0x4205,0x5AC9,0x39A4,0x2102,0x39A4,0x5AA9,0x5AA9,0x5AA9,0x5248,0x4A07,0x41C6,
  0x41C6,0x4A47,0x5268,0x5AC9,0x5AC9,0x41E6,0x18A0,0x3143,0x3143,0x3143,0x3143,0x2102,
  0x20E2,0x2922,0x39A5,0x39A5,0x39A5,0x3984,0x3984,0x39A5,0x41A5,0x41C5,0x41C5,0x41C5,
  0x39A5,0x2922,0x20E1,0x28E1,0x2902,0x2102,0x20E2,0x39A5,0x39A5,0x28E2,0x2060,0x2880,
  0x4942,0x4921,0x4941,0x5141,0x5140,0x5161,0x5161,0x5141,0x5162,0x4983,0x3901,0x2080,
  0x1880,0x20C1,0x2923,0x2922,0x2102,0x2943,0x2923,0x2103,0x5268,0x632B,0x4227,0x20E2,
  0x20E2,0x20E2,0x2943,0x2923,0x20C1,0x20E1,0x3164,0x2943,0x18C1,0x3184,0x5288,0x630B,
  0x630B,0x62EA,0x630B,0x62EA,0x6289,0x30E2,0x30A1,0x4943,0x4922,0x4921,0x4900,0x4921,
  0x4922,0x4962,0x51C5,0x49A4,0x2080,0x20A1,0x28E2,0x20E2,0x2943,0x2964,0x2102,0x2943,
  0x2923,0x1081,0x20E2,0x18C2,0x18A0,0x3983,0x62A7,0x5A66,0x5225,0x4A04,0x20E0,0x2963,
  0x31A3,0x39A4,0x41C4,0x3983,0x41C5,0x2922,0x18C0,0x2901,0x5246,0x5246,0x5225,0x5225,
  0x5226,0x5226,0x39A4,0x18A0,0x2922,0x2942,0x2942,0x3163,0x2122,0x18C0,0x3163,0x3163,
  0x20E1,0x20E1,0x18C0,0x3143,0x20E1,0x20C1,0x3984,0x39C5,0x39C4,0x2102,0x18C1,0x3164,
  0x3184,0x3164,0x3164,0x3163,0x3183,0x31A3,0x31C3,0x3183,0x3183,0x2943,0x2942,0x31A3,
  0x31A3,0x31A3,0x2982,0x2121,0x2121,0x3183,0x3183,0x3183,0x31A4,0x18C0,0x10A0,0x2943,
  0x2942,0x39A4,0x4205,0x39C4,0x3163,0x39A3,0x39A4,0x3183,0x39A4,0x4226,0x3163,0x1080,
  0x18A1,0x18C1,0x18C1,0x18C1,0x18C2,0x18C2,0x18C1,0x18C2,0x18C1,0x18A1,0x18C1,0x18C1,
  0x18C1,0x10A0,0x18A1,0x18A1,0x18C1,0x18C1,0x18C1,0x18A1,0x18A1,0x18A0,0x2122,0x20E2,
  0x20E2,0x18A1,0x18C1,0x18E2,0x18C1,0x18C1,0x18C1,0x20E1,0x18A0,0x18A0,0x3163,0x3163,
  0x3184,0x3183,0x18A0,0x18A0,0x18E1,0x18C1,0x18C1,0x18C1,0x20E2,0x18C1,0x18C1,0x20E1,
  0x2102,0x4205,0x5AC8,0x41C5,0x3143,0x3984,0x5267,0x5A88,0x5268,0x3143,0x2923,0x3964,
  0x3144,0x20E2,0x20E2,0x4A07,0x5AA9,0x5A88,0x3984,0x2902,0x3122,0x2902,0x2922,0x2943,
  0x2102,0x2923,0x39A5,0x41C5,0x41E6,0x41C5,0x41C5,0x41C6,0x41C5,0x41A5,0x41C5,0x41E6,
  0x39A5,0x20E2,0x20E1,0x20E1,0x2902,0x2923,0x20E1,0x3164,0x39A5,0x28E2,0x28E1,0x2880,
  0x30A0,0x4942,0x4941,0x5161,0x5141,0x5141,0x5140,0x5140,0x5161,0x4962,0x4983,0x30E1,
  0x1880,0x20C1,0x2902,0x2102,0x2923,0x2923,0x2923,0x20E2,0x5248,0x41E6,0x18A1,0x2923,
  0x3163,0x2922,0x20C1,0x2922,0x20E1,0x20E1,0x2923,0x18C1,0x2943,0x4A47,0x4206,0x4206,
  0x5248,0x5268,0x5227,0x4185,0x30C2,0x30C1,0x4923,0x5143,0x5142,0x5142,0x4941,0x4101,
  0x4942,0x4984,0x3922,0x2080,0x20A1,0x28E2,0x20E2,0x2943,0x2923,0x2102,0x2943,0x2923,
  0x2922,0x18C1,0x18A1,0x2943,0x2902,0x49E5,0x5A87,0x5246,0x5A66,0x4A05,0x1080,0x39E5,
  0x39C4,0x39C4,0x3142,0x20E1,0x2101,0x18A0,0x20C1,0x2922,0x5A67,0x5266,0x5A66,0x5A66,
  0x5A67,0x5A67,0x4A05,0x20E1,0x2943,0x2963,0x3183,0x3183,0x2922,0x2922,0x2942,0x3163,
  0x2902,0x20E1,0x20E1,0x3143,0x3984,0x20C1,0x20E1,0x39A4,0x3143,0x18C0,0x2902,0x2902,
  0x20E2,0x3143,0x3163,0x3163,0x2963,0x2962,0x3182,0x31A3,0x3143,0x18A0,0x10A0,0x18C0,
  0x10C0,0x10A0,0x18E0,0x2121,0x18C0,0x2942,0x31A3,0x31A4,0x31A4,0x2101,0x10A0,0x2102,
  0x2942,0x3183,0x31A3,0x31A3,0x39E4,0x3183,0x39A3,0x31A3,0x39E4,0x4205,0x2922,0x1080,
  0x18A1,0x18C1,0x18C1,0x18C1,0x18E1,0x2102,0x20E2,0x1080,0x18C1,0x18E2,0x18C1,0x18A1,
  0x18C1,0x18C1,0x18C1,0x18E2,0x18C1,0x18C1,0x18E1,0x18E1,0x10A0,0x10A0,0x18C1,0x18A0,
  0x18C1,0x18E1,0x18E1,0x20E1,0x18A1,0x18A1,0x18E1,0x18C1,0x18A0,0x18C1,0x2902,0x2942,
  0x20E1,0x39A4,0x41E5,0x3163,0x10A0,0x1080,0x18C1,0x18E2,0x18E2,0x18C1,0x18A1,0x18C1,
  0x20E1,0x4A26,0x62C9,0x4A06,0x2902,0x3164,0x3984,0x5A68,0x5247,0x3144,0x3123,0x3143,
  0x2903,0x3143,0x2902,0x3184,0x5AA8,0x4A27,0x2922,0x2902,0x3142,0x3142,0x2922,0x2922,
  0x2903,0x2943,0x39A5,0x41C5,0x41E6,0x41E6,0x41C6,0x41C5,0x41A5,0x41C5,0x39A5,0x39A5,
  0x2102,0x18C1,0x20E2,0x20E2,0x2902,0x2902,0x20E2,0x3143,0x41E6,0x28E2,0x28E2,0x28E1,
  0x2060,0x3922,0x5142,0x5121,0x5141,0x5141,0x5941,0x5141,0x5141,0x4941,0x4962,0x4163,
  0x28C1,0x1880,0x20C2,0x2903,0x2902,0x3143,0x2923,0x20E2,0x20E2,0x18A1,0x3143,0x20E1,
  0x2922,0x3183,0x20E1,0x20E2,0x3143,0x20C1,0x2923,0x2943,0x18C1,0x18A1,0x18A1,0x1881,
  0x18A1,0x2081,0x28A1,0x30E1,0x4122,0x4922,0x4942,0x4901,0x4901,0x4901,0x38C0,0x3901,
  0x49A4,0x3102,0x1880,0x28E2,0x2923,0x2902,0x2902,0x2903,0x28E2,0x20E2,0x2903,0x2903,
  0x2923,0x2102,0x2923,0x20E1,0x2902,0x5247,0x5246,0x5267,0x5AA8,0x41C4,0x18A0,0x2102,
  0x39A4,0x3143,0x18A0,0x20C1,0x2922,0x3123,0x28E2,0x20E1,0x5226,0x5A67,0x5246,0x5A67,
  0x5AA8,0x5AA8,0x41C5,0x18A0,0x2922,0x3184,0x2942,0x2922,0x2942,0x3163,0x2942,0x3163,
  0x20E1,0x18C1,0x20E1,0x2942,0x20E1,0x20C1,0x3163,0x3984,0x20E1,0x18A0,0x20E1,0x20E1,
  0x18C0,0x20E1,0x3163,0x3163,0x2962,0x3183,0x2962,0x2901,0x20C0,0x3162,0x3162,0x2942,
  0x2942,0x31A3,0x4205,0x39C4,0x2101,0x2962,0x39C4,0x3183,0x3183,0x3183,0x2102,0x2102,
  0x3163,0x39C4,0x31A3,0x31A3,0x39C4,0x31A3,0x31A3,0x39C4,0x31A3,0x2942,0x10A0,0x10A0,
  0x18A1,0x18C1,0x2102,0x20E1,0x18E0,0x39E4,0x4A66,0x20E1,0x10A0,0x20E2,0x18C2,0x18A1,
  0x18E2,0x18A1,0x18A1,0x18C1,0x18C1,0x18C1,0x18C1,0x2922,0x3163,0x3163,0x2962,0x2942,
  0x18A0,0x18C0,0x3162,0x3183,0x1080,0x18A1,0x18C1,0x10A1,0x18C1,0x20E2,0x18C1,0x2122,
  0x2102,0x18A1,0x2922,0x41E5,0x41E5,0x2962,0x1080,0x18C1,0x18A1,0x1080,0x18C1,0x20E1,
  0x2922,0x5A87,0x62E9,0x5247,0x3163,0x3163,0x2902,0x5247,0x5A88,0x41E6,0x3185,0x3985,
  0x3165,0x3164,0x3164,0x4A27,0x5A88,0x41E6,0x20E2,0x3143,0x2942,0x3142,0x3163,0x3163,
  0x20E2,0x3144,0x41E6,0x3985,0x3143,0x20E2,0x20C1,0x3164,0x41C6,0x41C6,0x41A5,0x39A5,
  0x20E2,0x18C1,0x20E2,0x20E2,0x2102,0x2902,0x20C1,0x3143,0x4A06,0x28E2,0x20A1,0x2923,
  0x20C1,0x2080,0x4942,0x5141,0x4921,0x5161,0x5141,0x4900,0x5121,0x4921,0x4101,0x4963,
  0x4142,0x2080,0x1860,0x20A1,0x2902,0x2922,0x2923,0x3164,0x20E2,0x2903,0x3143,0x2902,
  0x18A0,0x20E1,0x2922,0x2102,0x2923,0x2102,0x3143,0x2943,0x18A1,0x2903,0x3164,0x2923,
  0x2902,0x28A1,0x3902,0x4963,0x5162,0x4922,0x4901,0x4921,0x4901,0x40E1,0x4122,0x4984,
  0x3922,0x1860,0x18A1,0x2943,0x2943,0x2923,0x20E2,0x20E2,0x2903,0x2903,0x28E3,0x2903,
  0x2102,0x20E2,0x20E2,0x28E2,0x28E1,0x5246,0x5267,0x5267,0x5A88,0x2922,0x1040,0x2102,
  0x3184,0x18A0,0x2902,0x39A4,0x3984,0x3984,0x3143,0x1880,0x41A4,0x5246,0x5A67,0x5267,
  0x5A67,0x5A88,0x39A4,0x1880,0x20E1,0x20E1,0x18C1,0x18A0,0x1080,0x2922,0x3163,0x31A4,
  0x2942,0x18C1,0x20E1,0x2102,0x18A0,0x3143,0x41C4,0x3984,0x3963,0x41C4,0x4205,0x4A26,
  0x3163,0x20E0,0x2942,0x3163,0x3183,0x39A4,0x18E1,0x20E1,0x41C4,0x41E4,0x4205,0x41E4,
  0x41E4,0x4A46,0x4A26,0x2962,0x18E0,0x31A3,0x31A3,0x3183,0x39C4,0x39C4,0x39C4,0x20E1,
  0x18C0,0x2942,0x39A3,0x31A3,0x3183,0x39A3,0x31A3,0x31A3,0x31A3,0x3183,0x20E1,0x1080,
  0x18C2,0x18C2,0x10A0,0x2942,0x4204,0x4204,0x41E4,0x2941,0x10A0,0x18A1,0x18C1,0x18C1,
  0x18C1,0x18E2,0x18C2,0x10A1,0x18C1,0x18A1,0x2943,0x2122,0x4205,0x4A25,0x41E4,0x4A25,
  0x4204,0x4204,0x4A45,0x39C3,0x1080,0x18A1,0x2102,0x10A1,0x18E1,0x18C1,0x18C1,0x1080,
  0x18C1,0x2102,0x18E1,0x20E1,0x31A3,0x5266,0x39A4,0x18C2,0x20E2,0x18A0,0x18A0,0x20E1,
  0x2922,0x41E5,0x4A26,0x4A06,0x3984,0x41E5,0x20E1,0x4A06,0x62C9,0x5288,0x5289,0x5ACA,
  0x62EA,0x5AC9,0x4206,0x41C6,0x5AA9,0x39C5,0x18A1,0x3163,0x3163,0x3143,0x3163,0x2943,
  0x20E2,0x18C1,0x20E2,0x20E2,0x20C1,0x1880,0x18A1,0x39A5,0x41E6,0x41A5,0x39A5,0x41C5,
  0x2922,0x18C1,0x20E1,0x2102,0x20E1,0x20E2,0x20E1,0x3143,0x39A5,0x2902,0x20C2,0x20C1,
  0x28E2,0x2080,0x38E1,0x5162,0x4921,0x5161,0x5161,0x5141,0x5121,0x5121,0x4921,0x4942,
  0x4983,0x4984,0x3922,0x2080,0x1880,0x18A1,0x2923,0x2923,0x3164,0x3164,0x2923,0x2943,
  0x2102,0x2102,0x20E2,0x1080,0x18C2,0x20E2,0x20C2,0x2943,0x2102,0x2102,0x2923,0x2902,
  0x20A1,0x2080,0x3902,0x4942,0x4922,0x5142,0x4921,0x4921,0x5122,0x4901,0x4102,0x51A4,
  0x3102,0x1880,0x20E2,0x2943,0x2923,0x2923,0x2102,0x2102,0x2103,0x2102,0x2102,0x20E2,
  0x20E2,0x2923,0x3143,0x20E1,0x3122,0x5A67,0x5267,0x5246,0x5267,0x2902,0x18C1,0x2102,
  0x18A0,0x2102,0x39A4,0x3143,0x3123,0x3984,0x28E2,0x20C1,0x49E5,0x5246,0x5A67,0x5266,
  0x5267,0x62C8,0x3984,0x20E1,0x2943,0x20E1,0x20E1,0x2943,0x2122,0x2922,0x3183,0x2943,
  0x2102,0x20E1,0x20E1,0x18C1,0x2943,0x41C5,0x3984,0x3983,0x39A4,0x41E5,0x41E5,0x41E5,
  0x3142,0x18A0,0x2922,0x39A4,0x3163,0x20E1,0x2922,0x41E4,0x41E4,0x3983,0x3983,0x41C4,
  0x41C4,0x3162,0x2921,0x18C0,0x18C0,0x2121,0x3183,0x3183,0x3183,0x39E4,0x39C4,0x20E1,
  0x10A0,0x2101,0x31A3,0x31A3,0x31A3,0x39A3,0x39A4,0x3183,0x3183,0x39C4,0x2943,0x18A0,
  0x18C1,0x18C1,0x2122,0x39C4,0x4204,0x4204,0x4204,0x39E4,0x2101,0x18C0,0x18A0,0x18A1,
  0x10A0,0x18C1,0x18E2,0x18C2,0x1081,0x18C1,0x18C1,0x2101,0x2941,0x41E4,0x4204,0x4204,
  0x41E4,0x4204,0x4A25,0x3183,0x0860,0x20E2,0x2102,0x18C1,0x10A0,0x10A1,0x18E1,0x10A1,
  0x18C1,0x1080,0x2102,0x2101,0x18C0,0x2922,0x3184,0x39C6,0x41E6,0x39A5,0x3163,0x2942,
  0x2901,0x3142,0x2901,0x20C1,0x41C5,0x5267,0x3143,0x2902,0x5247,0x5A89,0x5AA9,0x5289,
  0x5288,0x5A89,0x5268,0x5268,0x5AC9,0x39A5,0x1880,0x2923,0x3143,0x2902,0x3143,0x2922,
  0x20E2,0x18C1,0x18A1,0x20C2,0x20E2,0x20C2,0x3143,0x41C5,0x3964,0x3164,0x39A5,0x3164,
  0x18C1,0x20C1,0x2102,0x2102,0x20E1,0x2902,0x20E2,0x3143,0x41A5,0x2902,0x20E2,0x20A1,
  0x2902,0x3102,0x28A0,0x4962,0x4962,0x4941,0x5162,0x5161,0x4920,0x5141,0x5982,0x5182,
  0x4962,0x4962,0x51A4,0x51E5,0x3943,0x20A1,0x1860,0x20A1,0x20C2,0x20E2,0x3164,0x2923,
  0x2943,0x2943,0x2943,0x2102,0x18C2,0x18A1,0x1881,0x18A1,0x18A1,0x20C2,0x2923,0x28E2,
  0x20A1,0x2080,0x3901,0x4922,0x4921,0x4921,0x4901,0x4921,0x5122,0x4902,0x4943,0x4964,
  0x28A1,0x20A1,0x2903,0x2923,0x2103,0x20E2,0x2102,0x20E2,0x20E2,0x20E2,0x2103,0x2923,
  0x2903,0x2102,0x2923,0x20A1,0x41C4,0x5A67,0x5246,0x5A67,0x5267,0x2901,0x2922,0x2923,
  0x18A1,0x3984,0x39A4,0x3163,0x3964,0x3984,0x28E2,0x2902,0x5267,0x5246,0x5246,0x5266,
  0x5267,0x62C8,0x41C5,0x18A1,0x2922,0x2922,0x3143,0x3163,0x2943,0x2942,0x2943,0x3163,
  0x2922,0x18A0,0x2922,0x2922,0x20C1,0x3184,0x41A4,0x3984,0x3984,0x41A4,0x41A4,0x41C5,
  0x41C5,0x20E1,0x1080,0x2101,0x18C0,0x2922,0x41E5,0x39A4,0x39A4,0x39A4,0x39A4,0x39A4,
  0x3162,0x18A0,0x2922,0x2942,0x2963,0x3183,0x31A4,0x39A4,0x31A4,0x31A3,0x39A4,0x3163,
  0x2942,0x2942,0x3183,0x39C3,0x39C3,0x39A3,0x3183,0x39A4,0x39E5,0x3163,0x18C1,0x1080,
  0x18C1,0x2122,0x2101,0x2942,0x4204,0x41E4,0x39E4,0x4A25,0x39C3,0x3182,0x2942,0x2942,
  0x20E1,0x1080,0x10A1,0x18C2,0x1081,0x18C1,0x18C0,0x2962,0x2100,0x39C3,0x4A45,0x4224,
  0x4204,0x4204,0x4205,0x2922,0x18A0,0x2122,0x18C0,0x31A4,0x3184,0x18C1,0x18C1,0x18E2,
  0x18E2,0x18A1,0x18A1,0x18C1,0x20E1,0x2101,0x20E1,0x2103,0x2923,0x2943,0x2922,0x2102,
  0x2922,0x3143,0x2922,0x3163,0x20C1,0x3984,0x5247,0x2101,0x3163,0x5A88,0x41E6,0x3164,
  0x4206,0x5AA9,0x5A89,0x5AA9,0x5AA9,0x41E6,0x1880,0x20C1,0x20E1,0x20E1,0x2922,0x3143,
  0x20E2,0x2903,0x20E2,0x20E2,0x18C1,0x20C1,0x2903,0x20C2,0x1881,0x2903,0x39A5,0x2943,
  0x18C1,0x2102,0x20E2,0x18A1,0x20E2,0x20E1,0x18A0,0x3984,0x41E6,0x20E2,0x20E2,0x28E2,
  0x28E2,0x28E2,0x2080,0x30E1,0x4983,0x4962,0x4941,0x5141,0x5120,0x5141,0x5161,0x5161,
  0x5182,0x5182,0x5182,0x51A3,0x51C4,0x49A4,0x28C1,0x3102,0x20C1,0x1060,0x1061,0x20E2,
  0x2923,0x2943,0x2102,0x2943,0x20E2,0x20E2,0x2923,0x20C1,0x18A1,0x20C1,0x2923,0x20C1,
  0x2060,0x28C0,0x4942,0x4942,0x4921,0x4901,0x48E0,0x4901,0x4901,0x4102,0x4963,0x30E2,
  0x2080,0x20A1,0x18C1,0x1081,0x18C2,0x18E2,0x18C1,0x18C2,0x18E2,0x18E2,0x10A1,0x18A1,
  0x20C2,0x2902,0x2923,0x1880,0x41C5,0x5A87,0x5246,0x62A8,0x5226,0x1880,0x2902,0x3164,
  0x3163,0x3984,0x39A4,0x3984,0x3964,0x3163,0x2902,0x3122,0x5246,0x4A26,0x5246,0x5267,
  0x5247,0x5AA8,0x4A06,0x18A0,0x2102,0x3184,0x3184,0x2943,0x2943,0x2943,0x3163,0x3184,
  0x2922,0x18A1,0x2922,0x2943,0x20E2,0x3163,0x3984,0x3963,0x3143,0x3984,0x41A4,0x41C5,
  0x39A4,0x41C4,0x20E1,0x18A0,0x39A4,0x41E5,0x41E5,0x41C4,0x41C4,0x39A4,0x39A4,0x39A4,
  0x20E1,0x2922,0x3184,0x3183,0x39A4,0x39C4,0x3183,0x31A4,0x39C4,0x3163,0x31A3,0x39C4,
  0x39A3,0x31A3,0x3183,0x31A3,0x31A3,0x39C4,0x3183,0x3183,0x3184,0x18E1,0x1060,0x18C1,
  0x18C1,0x18C0,0x2102,0x18E1,0x2101,0x39C4,0x4204,0x39E3,0x4204,0x4204,0x4204,0x4205,
  0x3184,0x18E1,0x1081,0x18C2,0x18C1,0x1080,0x2101,0x2141,0x2941,0x39C3,0x4203,0x4224,
  0x4224,0x4225,0x41E4,0x20E1,0x10A0,0x18E0,0x18E1,0x4A46,0x4205,0x1080,0x10A1,0x18A1,
  0x18A1,0x18A1,0x18C2,0x18A1,0x1080,0x18A0,0x18A1,0x18A1,0x1081,0x18C1,0x18C1,0x18A0,
  0x3183,0x4A06,0x41E5,0x5A88,0x4A06,0x18C1,0x3163,0x39C5,0x2102,0x5268,0x2943,0x18A1,
  0x39C5,0x5A89,0x5289,0x5A89,0x5AC9,0x4A27,0x1880,0x18A0,0x20E1,0x2102,0x2923,0x2943,
  0x18C1,0x20E2,0x20E2,0x20E2,0x20C1,0x18C1,0x20C1,0x1060,0x18A1,0x3143,0x39A5,0x3143,
  0x20C1,0x18C1,0x20C1,0x1880,0x2902,0x20E2,0x20E2,0x3985,0x3984,0x2902,0x2902,0x2902,
  0x20C1,0x28E2,0x28C1,0x2080,0x4143,0x51A3,0x4962,0x5161,0x5962,0x5961,0x5982,0x5141,
  0x5141,0x5182,0x5162,0x4921,0x4121,0x51A3,0x4983,0x3902,0x4184,0x3123,0x20C1,0x1880,
  0x18A0,0x2902,0x20E1,0x2922,0x3122,0x2902,0x2902,0x2943,0x2902,0x18A1,0x20A1,0x2080,
  0x2060,0x3901,0x4942,0x4100,0x4900,0x4901,0x4901,0x4901,0x4101,0x4943,0x4163,0x28A1,
  0x2081,0x2903,0x3185,0x39C5,0x4A27,0x5288,0x5288,0x5288,0x5289,0x4A68,0x4207,0x39C5,
  0x2102,0x20C1,0x2922,0x20C1,0x3983,0x5267,0x5A67,0x62A8,0x41C4,0x1880,0x3143,0x3143,
  0x3143,0x3163,0x41C5,0x3964,0x3984,0x3984,0x20C1,0x2902,0x4A06,0x5226,0x5267,0x5A67,
  0x5267,0x5A88,0x4A26,0x1880,0x20E1,0x2922,0x20E1,0x20E2,0x2922,0x20E2,0x18C1,0x2102,
  0x20C1,0x1060,0x1060,0x20E2,0x2923,0x3964,0x3964,0x3163,0x3143,0x3984,0x3964,0x3143,
  0x2922,0x3983,0x41C4,0x3984,0x3142,0x20E1,0x2901,0x3142,0x3983,0x41E5,0x4A26,0x39A4,
  0x18A0,0x2922,0x3163,0x3163,0x39A4,0x2963,0x3163,0x2963,0x2942,0x31A3,0x3183,0x3183,
  0x3183,0x31A3,0x31A3,0x31A3,0x3183,0x3183,0x2963,0x18C0,0x1060,0x1060,0x18A1,0x18C1,
  0x18E1,0x10A0,0x18A0,0x20E2,0x20E1,0x18E1,0x41E4,0x4204,0x39E3,0x39E3,0x39C3,0x31A3,
  0x18E1,0x1060,0x1081,0x18C2,0x18C1,0x10A1,0x2101,0x2121,0x3183,0x4A66,0x4225,0x4204,
  0x39E4,0x41E4,0x41E4,0x2942,0x2100,0x2962,0x4204,0x4225,0x2963,0x1080,0x18E2,0x18C1,
  0x10A1,0x10A1,0x18C1,0x18A1,0x18A1,0x18A1,0x18C1,0x10A1,0x18A1,0x18C1,0x20E1,0x18C0,
  0x39C4,0x5AA8,0x5A88,0x5AA8,0x62C9,0x5247,0x2102,0x2943,0x2102,0x4A47,0x5288,0x4A27,
  0x5268,0x5288,0x5268,0x5AA9,0x5AC9,0x4A47,0x1881,0x1881,0x2102,0x2902,0x2923,0x2923,
  0x18C1,0x20E2,0x18C1,0x18C1,0x2923,0x2923,0x3143,0x3143,0x39A5,0x39A5,0x39A5,0x3143,
  0x18A1,0x20C1,0x39A5,0x2923,0x20C1,0x20C1,0x3164,0x3964,0x3143,0x2923,0x2902,0x2902,
  0x20E2,0x28E2,0x28E2,0x2080,0x30E1,0x4983,0x5183,0x5162,0x5141,0x5141,0x5121,0x5121,
  0x5162,0x4941,0x4100,0x5162,0x5182,0x5162,0x4921,0x4122,0x4143,0x49C5,0x49E5,0x3984,
  0x1880,0x18A0,0x3143,0x2901,0x3142,0x3122,0x2922,0x2943,0x3143,0x2902,0x20A0,0x1860,
  0x3901,0x4962,0x4921,0x4900,0x4901,0x48E0,0x48E0,0x5142,0x4942,0x4163,0x3922,0x3943,
  0x4A27,0x5AC9,0x62EA,0x630B,0x630B,0x630B,0x630B,0x630B,0x630B,0x630B,0x630B,0x62EA,
  0x5AC9,0x3143,0x18A0,0x20E1,0x39A4,0x5267,0x5A67,0x62A8,0x3984,0x20C1,0x3984,0x3143,
  0x3984,0x39A4,0x2922,0x2923,0x3964,0x3143,0x20C1,0x2902,0x5226,0x5267,0x5246,0x5267,
  0x5A67,0x5A88,0x41E5,0x1880,0x20E1,0x20E2,0x18C1,0x20E1,0x18A0,0x2923,0x3164,0x2102,
  0x2923,0x4A06,0x3184,0x18A1,0x20E2,0x3143,0x3163,0x3143,0x3964,0x39A4,0x3984,0x3984,
  0x3984,0x2922,0x39A4,0x2902,0x0820,0x18A0,0x18A0,0x1880,0x1880,0x2102,0x3143,0x20E1,
  0x18C1,0x18C1,0x2943,0x3184,0x3163,0x3163,0x2102,0x10A0,0x18C0,0x2962,0x31A3,0x3182,
  0x3182,0x31A3,0x39C3,0x31A3,0x3183,0x31A3,0x2101,0x1080,0x18C1,0x18A1,0x1081,0x10A1,
  0x18A0,0x18E1,0x18A1,0x18A1,0x20E2,0x18A1,0x2963,0x4A25,0x39E3,0x39E3,0x4204,0x3183,
  0x1080,0x10A1,0x18C2,0x10C1,0x10A1,0x18C1,0x18E2,0x2963,0x4205,0x31A4,0x2121,0x18C0,
  0x18C0,0x2962,0x4224,0x4204,0x41E4,0x4204,0x41E4,0x4205,0x2122,0x1080,0x18C1,0x18C2,
  0x10A1,0x18C1,0x18C1,0x18A1,0x18C2,0x18C1,0x18A1,0x18A1,0x18C1,0x18A1,0x18C1,0x18C0,
  0x39C4,0x5AA8,0x5A88,0x5A88,0x5A88,0x62C9,0x39A5,0x3163,0x2922,0x3184,0x62C9,0x5A88,
  0x5288,0x5A89,0x5268,0x5268,0x5A89,0x4A48,0x18A1,0x18A1,0x20E2,0x20E2,0x2903,0x2102,
  0x20E2,0x20E2,0x18A1,0x2923,0x39A5,0x39A5,0x39A5,0x3984,0x41E6,0x39A5,0x3984,0x20C1,
  0x20C1,0x39A5,0x4A06,0x2923,0x18A1,0x20E2,0x3984,0x3964,0x39A5,0x2902,0x18A1,0x2902,
  0x20E2,0x20C1,0x3102,0x28A1,0x2880,0x4142,0x5183,0x5162,0x5121,0x5121,0x4901,0x4901,
  0x5142,0x4942,0x40E1,0x4101,0x5162,0x5162,0x4922,0x4122,0x30A1,0x2060,0x28C1,0x3122,
  0x3143,0x20A0,0x2901,0x3122,0x2902,0x2902,0x2923,0x2923,0x3143,0x3122,0x20A0,0x1840,
  0x3921,0x5162,0x4921,0x4921,0x4900,0x48E0,0x4921,0x4942,0x4142,0x3122,0x5227,0x62EA,
  0x62EA,0x630B,0x52A9,0x2964,0x18E2,0x2903,0x3144,0x3164,0x39C6,0x5ACA,0x62EA,0x630A,
  0x5288,0x20E1,0x20E1,0x2101,0x5226,0x5246,0x5267,0x62A8,0x2922,0x20C1,0x3984,0x3984,
  0x3984,0x2922,0x20C1,0x20A1,0x20A1,0x3123,0x20E1,0x3122,0x5246,0x5267,0x5266,0x5246,
  0x5246,0x5AA8,0x39A4,0x1080,0x18A1,0x20E2,0x3163,0x20E2,0x18A1,0x20E1,0x3143,0x3143,
  0x2923,0x62EA,0x630A,0x39C5,0x1080,0x2902,0x20C1,0x2923,0x3164,0x39A5,0x39A5,0x39A4,
  0x3984,0x3143,0x3143,0x3143,0x20C1,0x1080,0x1880,0x18A0,0x18A0,0x1880,0x1880,0x1880,
  0x20C1,0x18C1,0x1880,0x20E2,0x2943,0x20E1,0x1080,0x20E1,0x2101,0x18E0,0x31A3,0x31A3,
  0x31A3,0x3182,0x31A3,0x39C4,0x31A4,0x31A4,0x20E1,0x1060,0x18C1,0x18C1,0x1081,0x1081,
  0x1080,0x10A0,0x10A1,0x10A1,0x18A1,0x18C1,0x18C1,0x39C4,0x39E4,0x4204,0x4204,0x39E4,
  0x18E1,0x1081,0x18C1,0x10A1,0x18C1,0x2102,0x2102,0x2102,0x18C1,0x1060,0x18A0,0x18C1,
  0x2121,0x20E0,0x39E3,0x39E3,0x39E3,0x39E3,0x41E4,0x39C3,0x10A0,0x18C1,0x18A1,0x18C2,
  0x10A1,0x18A1,0x18A1,0x18A1,0x18A1,0x18A1,0x18A2,0x18A1,0x18A1,0x18C1,0x18A0,0x20E1,
  0x4A26,0x5267,0x5AA8,0x5AA9,0x5268,0x5AC9,0x5267,0x2902,0x39A4,0x2922,0x4A06,0x5AA9,
  0x5288,0x5A88,0x5A89,0x5268,0x5268,0x5248,0x20E2,0x1881,0x20C2,0x18A1,0x18A1,0x2102,
  0x18C1,0x20E2,0x20E2,0x18A1,0x20E2,0x20E2,0x20E2,0x2902,0x2923,0x1881,0x1881,0x1060,
  0x2923,0x41C5,0x3984,0x3143,0x20C1,0x20E2,0x3984,0x39A5,0x39A5,0x2923,0x18A1,0x20E2,
  0x2902,0x28E2,0x28C2,0x28C1,0x2880,0x3902,0x4922,0x5142,0x5122,0x4921,0x5142,0x5142,
  0x5163,0x5142,0x4101,0x4101,0x40E0,0x4921,0x5163,0x3902,0x30C1,0x3923,0x28E2,0x20C1,
  0x20E1,0x2902,0x20E1,0x2922,0x3143,0x2902,0x2903,0x2902,0x2923,0x2902,0x1860,0x28A0,
  0x4142,0x4942,0x4921,0x5141,0x4900,0x40E0,0x4901,0x4942,0x4143,0x5226,0x630A,0x5AC9,
  0x4A47,0x39E6,0x2103,0x20E2,0x2943,0x18A1,0x3144,0x2923,0x41C6,0x4A27,0x39A5,0x41E6,
  0x20C1,0x2102,0x3143,0x3163,0x5246,0x5267,0x5A87,0x5267,0x20E1,0x3122,0x41C5,0x3144,
  0x20A1,0x20E1,0x39A5,0x3123,0x2902,0x3143,0x20C1,0x39A4,0x5226,0x5266,0x5A67,0x5246,
  0x5246,0x5A67,0x2922,0x18C1,0x2102,0x3143,0x3984,0x2902,0x2102,0x3184,0x18A1,0x1060,
  0x2943,0x5A88,0x62EA,0x630A,0x41C5,0x3984,0x3143,0x3143,0x3984,0x3984,0x41C5,0x39A5,
  0x3163,0x3163,0x2922,0x3984,0x41E5,0x3183,0x20C1,0x20C1,0x18A0,0x1880,0x1080,0x18A1,
  0x1880,0x18C1,0x2102,0x18A1,0x1080,0x18C0,0x20E1,0x2101,0x2101,0x2942,0x39C3,0x3183,
  0x39A3,0x39C4,0x31A3,0x3183,0x39C4,0x3163,0x18C1,0x10A1,0x10A1,0x18A1,0x18A1,0x18A1,
  0x10A1,0x10A1,0x18A1,0x18C2,0x18C2,0x18C2,0x18A1,0x18C1,0x2942,0x39C4,0x39E5,0x39E5,
  0x2943,0x18C2,0x18C1,0x18A1,0x10A0,0x18E2,0x18C2,0x1081,0x18C2,0x18A1,0x2102,0x2101,
  0x2101,0x2100,0x39C3,0x41E3,0x39E2,0x39E2,0x4204,0x3183,0x1080,0x10A1,0x18A1,0x18A1,
  0x18C1,0x18C1,0x18A1,0x18A1,0x18A1,0x18A1,0x10A1,0x10A1,0x10A1,0x18A1,0x18A1,0x20E1,
  0x4A47,0x5A88,0x5AA8,0x5AC9,0x5AA8,0x4A27,0x41C5,0x20E1,0x2102,0x3164,0x20C1,0x4A27,
  0x5AA9,0x5A88,0x5AA9,0x5AA9,0x5AA9,0x5248,0x20C2,0x1881,0x20E2,0x18C1,0x18A1,0x2102,
  0x18C1,0x2102,0x2102,0x18A0,0x18A1,0x18C1,0x18A1,0x1080,0x1880,0x20C1,0x2902,0x20E2,
  0x3164,0x39A5,0x39A5,0x3984,0x18A1,0x20E2,0x3164,0x39A5,0x3984,0x3964,0x20C1,0x20C1,
  0x2902,0x2902,0x28C2,0x28C2,0x2080,0x30A0,0x4122,0x5142,0x5122,0x5142,0x5122,0x4921,
  0x5142,0x5162,0x4122,0x38E1,0x4101,0x4101,0x4943,0x4123,0x28A1,0x2060,0x28E2,0x3964,
  0x20C1,0x2102,0x2902,0x2923,0x2103,0x2103,0x2923,0x2902,0x3143,0x28E2,0x2080,0x3922,
  0x5183,0x4941,0x5141,0x5121,0x48E0,0x5142,0x5143,0x38E1,0x49C5,0x62EA,0x5AC9,0x3985,
  0x18C2,0x18C2,0x2123,0x39E6,0x41C6,0x28E2,0x20C1,0x3985,0x49E6,0x2903,0x20A1,0x3143,
  0x3984,0x3164,0x1880,0x3983,0x5267,0x5246,0x5A87,0x4A26,0x20E1,0x3163,0x3984,0x2923,
  0x1881,0x3164,0x3164,0x1880,0x1060,0x1880,0x2902,0x4A05,0x5226,0x5266,0x5266,0x5246,
  0x5247,0x5267,0x20E1,0x20C1,0x20E2,0x2923,0x2902,0x18A1,0x3984,0x630B,0x5AC9,0x39C5,
  0x3164,0x5AA9,0x41E5,0x4A26,0x5AE9,0x4206,0x20C2,0x3164,0x39A5,0x3144,0x3143,0x3143,
  0x2902,0x2102,0x20C1,0x3984,0x41E5,0x41E5,0x39A4,0x39A4,0x3163,0x2943,0x2943,0x18A0,
  0x18A0,0x18C1,0x18A0,0x18C1,0x20E1,0x20E1,0x18C0,0x18E0,0x2942,0x39A4,0x39A3,0x39A4,
  0x3183,0x3183,0x31A4,0x3183,0x31A4,0x2102,0x1060,0x18C1,0x18A1,0x18A1,0x18A1,0x18C1,
  0x10A1,0x1081,0x1081,0x10A1,0x18C2,0x18C2,0x18A1,0x2102,0x18C1,0x18C1,0x20E1,0x2963,
  0x2943,0x10A1,0x0860,0x18C1,0x1080,0x1081,0x18C2,0x10A1,0x1081,0x1081,0x18C1,0x18A0,
  0x2101,0x41E4,0x4204,0x39E2,0x4203,0x4203,0x39E3,0x39A3,0x18C1,0x1081,0x18C2,0x10A1,
  0x18C1,0x18A1,0x18A1,0x18A1,0x10A1,0x10A1,0x1081,0x10A1,0x10A1,0x18A1,0x18C1,0x20C1,
  0x4206,0x5AA8,0x4A26,0x3164,0x2923,0x20E2,0x3143,0x2943,0x20E1,0x20E2,0x20E2,0x2943,
  0x5288,0x5288,0x5268,0x5288,0x5A89,0x5268,0x2102,0x18A2,0x20E2,0x20C2,0x20E2,0x2903,
  0x20E2,0x18E1,0x18C1,0x20E2,0x2102,0x20C1,0x20E2,0x2902,0x18C1,0x18A1,0x20C2,0x2923,
  0x3984,0x39A5,0x41C5,0x3143,0x18A1,0x3143,0x3163,0x3984,0x3164,0x39A5,0x2902,0x18A1,
  0x20E2,0x20E2,0x28E2,0x28E2,0x2080,0x2880,0x4102,0x4942,0x4942,0x5142,0x4921,0x4901,
  0x4901,0x4942,0x4942,0x4122,0x38C1,0x38C1,0x3902,0x4143,0x4143,0x3943,0x28A1,0x20A1,
  0x20C1,0x1880,0x2902,0x3164,0x2923,0x2103,0x2903,0x2903,0x2923,0x20A1,0x28C1,0x4122,
  0x4962,0x4921,0x5121,0x5121,0x4921,0x4901,0x38C1,0x4964,0x5A68,0x4A47,0x3164,0x20C2,
  0x41E6,0x3185,0x2103,0x3185,0x3985,0x3144,0x28E2,0x28E2,0x2903,0x20C2,0x3985,0x3984,
  0x3984,0x3143,0x20C1,0x41E5,0x5246,0x5246,0x5267,0x39A4,0x18A0,0x3163,0x3164,0x3123,
  0x20E2,0x3163,0x2902,0x3143,0x2923,0x18A0,0x39A4,0x5226,0x5226,0x5246,0x5246,0x4A25,
  0x5247,0x5247,0x20E2,0x2902,0x2902,0x20E2,0x20E2,0x18A1,0x3144,0x4A47,0x62EA,0x630A,
  0x4A27,0x39A4,0x4A26,0x41E5,0x41C5,0x41E6,0x39C6,0x2102,0x18A1,0x3164,0x3143,0x2943,
  0x41E6,0x5267,0x4A26,0x3984,0x39A4,0x41E5,0x41E5,0x41E5,0x41E5,0x39C5,0x39C5,0x3183,
  0x20E1,0x18C0,0x18E1,0x18E1,0x2101,0x2122,0x3163,0x39C4,0x31A3,0x3163,0x39A4,0x39A4,
  0x31A3,0x39C4,0x3184,0x2943,0x3184,0x2943,0x18A1,0x18A1,0x18C1,0x18A1,0x1081,0x18A1,
  0x18C1,0x18C2,0x18A1,0x10A1,0x10A1,0x18A1,0x18A1,0x18A1,0x18A1,0x18C1,0x18C1,0x18A1,
  0x18C1,0x10A1,0x10A1,0x18E1,0x18C1,0x18C1,0x18A1,0x18A1,0x18C1,0x20E1,0x2902,0x2942,
  0x41E4,0x4A44,0x41E3,0x41E3,0x4A23,0x4203,0x39C3,0x39E4,0x2122,0x1080,0x18C2,0x10A1,
  0x10A1,0x10A1,0x10A1,0x18A1,0x18A1,0x18A2,0x10A2,0x10A1,0x10A1,0x10A1,0x18A1,0x18A1,
  0x41C5,0x5267,0x3143,0x18C1,0x2923,0x3143,0x3164,0x3164,0x2102,0x1880,0x2943,0x20C1,
  0x20E2,0x4A06,0x5268,0x5A89,0x5A89,0x5248,0x20E2,0x20E2,0x2923,0x20E2,0x20E2,0x20E2,
  0x18C1,0x18C1,0x20E2,0x18C1,0x18C1,0x20E1,0x18C1,0x18A1,0x18A1,0x3164,0x3184,0x3184,
  0x39A5,0x41C5,0x3984,0x3164,0x3143,0x3984,0x3984,0x3984,0x3984,0x39A5,0x3143,0x1880,
  0x20E2,0x20C1,0x28E2,0x2902,0x28C1,0x2060,0x30A0,0x4101,0x4942,0x4921,0x5142,0x5141,
  0x4921,0x4942,0x5162,0x4962,0x4122,0x30C0,0x4102,0x38E1,0x38E2,0x4984,0x4984,0x3922,
  0x3122,0x28C1,0x20A1,0x20C2,0x2923,0x2103,0x2903,0x2943,0x28E2,0x2080,0x3922,0x3901,
  0x4962,0x4921,0x48E0,0x48E0,0x5142,0x4922,0x3080,0x3902,0x4164,0x28C1,0x20A1,0x20E2,
  0x3164,0x39A6,0x3164,0x3144,0x3164,0x3164,0x3143,0x20A1,0x2902,0x2903,0x3164,0x3164,
  0x3964,0x3964,0x20C1,0x4A06,0x5287,0x5287,0x5A87,0x2902,0x1880,0x3163,0x3984,0x3164,
  0x20E2,0x1880,0x2923,0x41C5,0x3984,0x1880,0x3984,0x5267,0x5226,0x5246,0x4A26,0x4A26,
  0x5267,0x4A26,0x20C1,0x2943,0x2923,0x20C2,0x3164,0x2923,0x2923,0x20E2,0x3164,0x5AA9,
  0x62C9,0x39A4,0x5247,0x4A06,0x3183,0x5AC9,0x630C,0x5AA9,0x41C6,0x5268,0x630A,0x4A27,
  0x39A5,0x4A67,0x4A47,0x2922,0x39A4,0x4206,0x41E5,0x39C4,0x41E5,0x39C4,0x39C4,0x41E5,
  0x20E1,0x18C0,0x39C4,0x3184,0x3183,0x31A4,0x31A3,0x3183,0x3183,0x31A3,0x3183,0x2963,
  0x2943,0x3163,0x2102,0x10A0,0x2102,0x31A5,0x20E2,0x1060,0x18C1,0x18A1,0x1081,0x18A1,
  0x10A1,0x18C1,0x18C1,0x10A0,0x10A0,0x18A1,0x18A1,0x18A1,0x1081,0x1081,0x18A1,0x18A1,
  0x18C1,0x18C1,0x18C1,0x18A1,0x18A1,0x18C1,0x18A0,0x2922,0x41E5,0x41E4,0x39C3,0x41E4,
  0x41E3,0x41E3,0x4203,0x41E3,0x39C2,0x41E3,0x4204,0x39E4,0x20E2,0x1081,0x18C2,0x10A1,
  0x10A1,0x18A1,0x18A1,0x18A1,0x10A1,0x10A1,0x1081,0x10A1,0x10A1,0x10A1,0x18A1,0x18A1,
  0x41C5,0x5267,0x4A27,0x4A27,0x4A27,0x4A06,0x39C5,0x39A5,0x4A06,0x3984,0x20E2,0x3984,
  0x18A1,0x41E6,0x5268,0x5248,0x5AA9,0x4A27,0x18A1,0x20E2,0x2923,0x20E2,0x18C1,0x18A1,
  0x18E2,0x18C1,0x20E1,0x1080,0x1080,0x18A1,0x20E2,0x20E2,0x18C1,0x2102,0x3164,0x39A5,
  0x3984,0x39A5,0x39A5,0x41C5,0x39A5,0x3143,0x39A5,0x39A5,0x39A5,0x3984,0x3164,0x18A0,
  0x20E2,0x20E2,0x2102,0x2902,0x2902,0x2080,0x2060,0x38E1,0x4942,0x5142,0x4921,0x5121,
  0x4921,0x4941,0x4941,0x4100,0x4942,0x4922,0x4101,0x4922,0x4922,0x40E1,0x4101,0x4963,
  0x4983,0x49C4,0x4163,0x2080,0x20A1,0x2903,0x2903,0x2103,0x18A1,0x20A1,0x4143,0x30A0,
  0x4922,0x4901,0x4900,0x4900,0x40C0,0x40E1,0x4102,0x2881,0x3923,0x28E2,0x2903,0x3985,
  0x20C2,0x4A07,0x5AA9,0x3144,0x20E2,0x3984,0x2922,0x2902,0x20E2,0x3164,0x3984,0x3984,
  0x3964,0x3163,0x20C0,0x4A05,0x5267,0x5246,0x4A26,0x20C0,0x20E1,0x3984,0x3964,0x3144,
  0x2902,0x18C1,0x3984,0x3964,0x3143,0x1880,0x3143,0x5A67,0x5246,0x5246,0x5246,0x5246,
  0x5A67,0x4A06,0x18A1,0x3143,0x3143,0x20C2,0x3144,0x3164,0x3144,0x2943,0x20E2,0x2902,
  0x39A5,0x39A4,0x39A4,0x41E5,0x4A26,0x5267,0x41E6,0x3985,0x4A27,0x5268,0x41C5,0x2943,
  0x20E2,0x20E1,0x2102,0x20E1,0x20E1,0x2102,0x3183,0x3163,0x3163,0x3183,0x3183,0x2122,
  0x2101,0x2942,0x3183,0x3183,0x3163,0x3163,0x3183,0x31A3,0x31A3,0x3183,0x3184,0x2943,
  0x18C1,0x1080,0x1080,0x10A0,0x18A1,0x18C1,0x1080,0x0860,0x18C1,0x18C1,0x18A1,0x18A1,
  0x10A1,0x18A1,0x18A0,0x10A0,0x18A0,0x18A0,0x1080,0x1060,0x18A2,0x18A2,0x18A2,0x1081,
  0x1080,0x18A1,0x18A1,0x18A1,0x1080,0x18C0,0x2922,0x41E4,0x4204,0x39C2,0x41E3,0x4A24,
  0x4203,0x39C2,0x41E3,0x41E3,0x39A2,0x39E2,0x4204,0x3183,0x1080,0x18A1,0x18C2,0x18A1,
  0x18C1,0x18C1,0x10C1,0x10A1,0x10A1,0x10A1,0x1081,0x1081,0x10A1,0x18A1,0x18A1,0x18E1,
  0x4A06,0x5288,0x5A88,0x5AC9,0x5AA9,0x5AA9,0x5AA9,0x5AA9,0x5AC9,0x5247,0x20E2,0x2902,
  0x2903,0x3985,0x5268,0x5A89,0x5289,0x4A27,0x18A1,0x18C2,0x18C2,0x18A1,0x18C1,0x18A1,
  0x2102,0x1080,0x18A0,0x3164,0x3184,0x20E2,0x1080,0x18A0,0x20E1,0x20E1,0x18A1,0x3164,
  0x3984,0x41C5,0x41C5,0x2923,0x3964,0x2923,0x3143,0x39A4,0x39A5,0x39A5,0x3164,0x18A1,
  0x20C1,0x2102,0x2103,0x20E2,0x20E2,0x28E1,0x2080,0x4122,0x4942,0x4941,0x4921,0x5141,
  0x5141,0x4920,0x4941,0x4921,0x4901,0x4921,0x4921,0x5162,0x5983,0x5162,0x4942,0x4962,
  0x5183,0x4983,0x49C4,0x49C4,0x28E1,0x20A1,0x2903,0x20E2,0x1880,0x3123,0x4984,0x30A0,
  0x4101,0x4901,0x48E0,0x4901,0x4901,0x4102,0x4102,0x30C2,0x3923,0x3103,0x28E2,0x3144,
  0x49E6,0x41E6,0x3144,0x2903,0x2902,0x2902,0x3984,0x20E2,0x2943,0x2943,0x2943,0x3144,
  0x3984,0x20E1,0x2902,0x4A26,0x5246,0x5246,0x41C4,0x1880,0x3142,0x3984,0x3164,0x3143,
  0x3164,0x3984,0x39A4,0x2923,0x3143,0x20C1,0x2922,0x5247,0x5246,0x4A25,0x5226,0x5246,
  0x5267,0x41E5,0x1880,0x3143,0x3164,0x20C1,0x3143,0x3984,0x3144,0x3164,0x3984,0x20E2,
  0x3163,0x41C4,0x3142,0x2922,0x3142,0x2102,0x3164,0x2943,0x20E2,0x3164,0x2923,0x3184,
  0x39A5,0x39A4,0x3164,0x20E1,0x1080,0x1080,0x18A0,0x18A0,0x1080,0x10A0,0x18C0,0x10A0,
  0x2101,0x3163,0x2963,0x3183,0x3183,0x3183,0x3183,0x2962,0x3182,0x31A3,0x3184,0x20E2,
  0x10A0,0x1080,0x18A1,0x18C1,0x18C1,0x1080,0x1060,0x18C2,0x18A1,0x18A1,0x18A1,0x1060,
  0x1080,0x18A0,0x2101,0x31A3,0x41E4,0x3183,0x20E1,0x1060,0x20C2,0x18A2,0x18A2,0x18C2,
  0x18C1,0x18A1,0x1081,0x18A2,0x18A1,0x2922,0x41E4,0x41E4,0x39A2,0x3181,0x31A1,0x39C2,
  0x4A24,0x4A24,0x41E3,0x4204,0x4203,0x39C2,0x31A3,0x2922,0x0840,0x18C2,0x10A2,0x10A1,
  0x18C1,0x10A1,0x10A0,0x18A1,0x10A1,0x10A1,0x18A2,0x1081,0x1081,0x18A1,0x10A0,0x20E2,
  0x5247,0x5A88,0x5268,0x5268,0x4A27,0x5268,0x5268,0x5268,0x5268,0x5268,0x39C5,0x2923,
  0x2102,0x3144,0x5268,0x5268,0x5A89,0x4A27,0x1081,0x18C2,0x18C2,0x18A1,0x18C2,0x2103,
  0x20E2,0x18A1,0x18C1,0x3164,0x39C5,0x39A5,0x3164,0x2102,0x18A1,0x20C1,0x2923,0x39A5,
  0x41C6,0x39A5,0x2102,0x1040,0x20E2,0x3984,0x3984,0x3984,0x39C5,0x3984,0x3164,0x20C1,
  0x20C1,0x2902,0x2903,0x20E2,0x20E1,0x2902,0x2080,0x30C1,0x4142,0x4942,0x5141,0x5141,
  0x4920,0x4920,0x5162,0x5162,0x4961,0x4941,0x4941,0x4962,0x4941,0x4942,0x4983,0x3942,
  0x3101,0x20A0,0x20C1,0x2902,0x3143,0x20A1,0x2902,0x20A1,0x28C1,0x51C5,0x4964,0x38E1,
  0x4101,0x4901,0x4900,0x4921,0x4101,0x4102,0x38C1,0x3080,0x30C1,0x28E2,0x3123,0x3103,
  0x2902,0x3143,0x2903,0x20E2,0x2923,0x2902,0x2102,0x20E2,0x2943,0x2923,0x2923,0x3143,
  0x3143,0x18A0,0x39A4,0x5AA7,0x5266,0x5267,0x3984,0x1880,0x3143,0x39A4,0x3984,0x3143,
  0x3143,0x3964,0x3163,0x3163,0x2922,0x20C1,0x3143,0x5226,0x5226,0x5246,0x5246,0x5246,
  0x5267,0x3143,0x20C1,0x3984,0x3143,0x20C1,0x2902,0x3984,0x2923,0x2943,0x3163,0x2101,
  0x4A05,0x4A25,0x2901,0x3183,0x3983,0x20E0,0x41E5,0x41E5,0x3984,0x2923,0x2923,0x3984,
  0x39C5,0x39C5,0x3984,0x18A0,0x1060,0x18A0,0x18A0,0x18A1,0x10A0,0x1080,0x18A1,0x1080,
  0x18A0,0x18A0,0x18E0,0x31A3,0x3183,0x2942,0x3183,0x3183,0x2942,0x3184,0x2923,0x10A1,
  0x18C1,0x18A1,0x1080,0x18C1,0x18A1,0x18A1,0x1081,0x18A1,0x18A1,0x18A0,0x2922,0x2942,
  0x2921,0x39C3,0x4204,0x4204,0x4225,0x4205,0x2922,0x1880,0x18C1,0x1081,0x1081,0x18C2,
  0x18C2,0x18A1,0x18C2,0x18C2,0x18A1,0x18C2,0x18C1,0x18A1,0x18A0,0x18C0,0x10A0,0x1080,
  0x3163,0x31A3,0x39A3,0x3162,0x41E4,0x31A3,0x18E1,0x1080,0x18A2,0x18A2,0x1082,0x18A2,
  0x1081,0x10A1,0x18C1,0x1080,0x10A1,0x18C1,0x1081,0x10A2,0x18A1,0x10A1,0x10A0,0x20E1,
  0x4A67,0x5AA8,0x5288,0x5247,0x5AA9,0x5268,0x5268,0x5AA9,0x5248,0x5289,0x5248,0x3164,
  0x2923,0x20E2,0x5268,0x5288,0x5288,0x4A07,0x1081,0x18A1,0x20E2,0x18E2,0x18C1,0x20E2,
  0x20E2,0x20E2,0x20C1,0x1880,0x2923,0x39C5,0x41E6,0x39C5,0x2943,0x3164,0x39C5,0x3184,
  0x20E2,0x18A1,0x1080,0x1080,0x20C2,0x3184,0x39A5,0x3984,0x3984,0x3984,0x41C5,0x20C1,
  0x20C1,0x28E2,0x20C1,0x20C1,0x20C1,0x20E2,0x2081,0x2880,0x4122,0x4942,0x5121,0x5141,
  0x5121,0x5141,0x5182,0x5182,0x4961,0x5181,0x4941,0x4120,0x4961,0x4162,0x30E1,0x2060,
  0x20A0,0x20E1,0x20E2,0x20C1,0x18A1,0x18A1,0x28E2,0x20A0,0x4143,0x51A4,0x4122,0x38A1,
  0x4102,0x4901,0x4921,0x4941,0x4101,0x4102,0x4102,0x3880,0x28A1,0x20A1,0x3123,0x41A5,
  0x3164,0x3964,0x39A5,0x2923,0x2923,0x2923,0x2922,0x2923,0x20E2,0x2902,0x3164,0x3143,
  0x20E1,0x20C1,0x4A26,0x5A87,0x5246,0x5267,0x2922,0x1880,0x3164,0x3984,0x3964,0x3943,
  0x3963,0x3143,0x3143,0x3143,0x2902,0x1880,0x41C5,0x5246,0x4A05,0x5246,0x5246,0x5246,
  0x5267,0x2902,0x20C1,0x39A4,0x3163,0x20C1,0x20C1,0x3164,0x3143,0x3163,0x2942,0x2942,
  0x4A05,0x41C4,0x2901,0x39A3,0x41C4,0x3142,0x41C4,0x41C4,0x41A4,0x41E5,0x3143,0x1860,
  0x3164,0x41C5,0x39A5,0x39A4,0x20C1,0x1080,0x1880,0x1080,0x1081,0x10A1,0x18A1,0x1080,
  0x10A1,0x18E1,0x18C0,0x2942,0x31A3,0x2962,0x3183,0x31A4,0x3183,0x2943,0x18A1,0x10A1,
  0x18E1,0x18A1,0x1080,0x18A1,0x18A1,0x18A2,0x1081,0x1060,0x18A1,0x2942,0x4205,0x4203,
  0x4203,0x4A23,0x4203,0x41E3,0x4203,0x4204,0x2962,0x1080,0x18C0,0x2101,0x18C1,0x1080,
  0x1080,0x1080,0x1080,0x1080,0x10A1,0x1081,0x1081,0x1081,0x1061,0x1081,0x10A1,0x10A1,
  0x10A0,0x1080,0x10A0,0x10A0,0x2101,0x39C4,0x2102,0x1060,0x10A1,0x18C2,0x20E3,0x18A2,
  0x18C1,0x10A1,0x10A0,0x18C1,0x18C1,0x10A1,0x18C2,0x18A1,0x1060,0x18E2,0x10A0,0x18E1,
  0x4A47,0x5267,0x5268,0x5A88,0x5268,0x5288,0x5A89,0x5A88,0x5A88,0x5A89,0x5289,0x3164,
  0x2923,0x2102,0x3984,0x5288,0x5A89,0x4207,0x1081,0x18A1,0x20E2,0x18C1,0x18C1,0x18C1,
  0x20C1,0x20E2,0x2102,0x20C1,0x1880,0x18C1,0x2923,0x2902,0x18A1,0x18A1,0x18A1,0x18A1,
  0x20C1,0x18A1,0x18A1,0x20E2,0x3984,0x41C5,0x39A5,0x39C5,0x3984,0x3964,0x41C5,0x2902,
  0x20E2,0x2902,0x20C1,0x2102,0x20E2,0x20E2,0x20C1,0x2080,0x3922,0x4942,0x5141,0x5141,
  0x5141,0x5141,0x4961,0x4941,0x5141,0x5141,0x4921,0x4900,0x4921,0x4942,0x4142,0x2060,
  0x28A1,0x28C2,0x20C2,0x2923,0x20C1,0x20C1,0x28E2,0x28C1,0x4984,0x4943,0x4923,0x38C1,
  0x4102,0x4921,0x40C0,0x38A0,0x38E1,0x38E1,0x38E2,0x4102,0x30C1,0x20A1,0x2902,0x3143,
  0x3964,0x3984,0x20E1,0x2102,0x39C5,0x4A47,0x4A47,0x41E6,0x41C5,0x20C1,0x20E2,0x3984,
  0x20C1,0x2902,0x5246,0x5266,0x5267,0x5267,0x2922,0x18A0,0x3984,0x3984,0x3984,0x3963,
  0x3143,0x3143,0x3143,0x3964,0x2902,0x28E2,0x5247,0x5247,0x5226,0x5246,0x5246,0x5247,
  0x5247,0x2902,0x2902,0x39A4,0x3163,0x20C1,0x20C1,0x3143,0x2922,0x3163,0x2101,0x3183,
  0x39A3,0x3162,0x2921,0x3983,0x41E4,0x3142,0x3963,0x41C4,0x3964,0x2923,0x2923,0x3164,
  0x20C1,0x3984,0x3183,0x3183,0x39A4,0x3984,0x3163,0x2943,0x2923,0x20E2,0x18C1,0x1080,
  0x18A0,0x20E1,0x20E1,0x2942,0x2962,0x2942,0x3163,0x3183,0x2943,0x20E2,0x1080,0x10A1,
  0x20E2,0x18C1,0x1080,0x10A1,0x1081,0x18C2,0x18C2,0x18A1,0x18A0,0x20E1,0x31A3,0x39E3,
  0x41E2,0x39E1,0x41E2,0x4202,0x4202,0x4223,0x4203,0x2940,0x39C2,0x4A25,0x39C4,0x2921,
  0x2101,0x2922,0x2101,0x18C0,0x1080,0x1080,0x18A1,0x18C1,0x18C1,0x10A1,0x18C2,0x18A1,
  0x20E2,0x18A1,0x20E1,0x10A0,0x18C0,0x2942,0x18E1,0x18E1,0x2122,0x18A1,0x10A0,0x10A0,
  0x18C0,0x2101,0x18E1,0x2101,0x18E1,0x1080,0x1060,0x1081,0x10A1,0x10A1,0x18A0,0x2101,
  0x2102,0x2942,0x4A47,0x5AA9,0x5268,0x5268,0x5288,0x5248,0x5248,0x5248,0x5AA9,0x39A5,
  0x20E2,0x3984,0x2102,0x4A27,0x5AA9,0x39C6,0x1061,0x20C2,0x18C2,0x10A1,0x18C1,0x18A1,
  0x18C1,0x18A1,0x20C1,0x20E2,0x20E2,0x18C1,0x1880,0x18A1,0x18C1,0x2102,0x20E2,0x20E2,
  0x18C1,0x20C2,0x3164,0x3984,0x3984,0x39A5,0x3164,0x3143,0x3984,0x3984,0x3984,0x2902,
  0x20C2,0x20E2,0x20C1,0x2102,0x2102,0x20E2,0x2902,0x2080,0x30E1,0x4942,0x4921,0x5141,
  0x5141,0x4921,0x4921,0x4921,0x5141,0x5121,0x5101,0x48E1,0x48E1,0x4901,0x4102,0x4143,
  0x3102,0x20A1,0x2081,0x1880,0x1860,0x2902,0x20A1,0x3101,0x4983,0x4942,0x4943,0x38C1,
  0x38C1,0x3880,0x3860,0x38C0,0x4922,0x3902,0x38E1,0x4102,0x30A1,0x20C1,0x3143,0x3964,
  0x3143,0x3984,0x3143,0x2923,0x3163,0x3164,0x4A47,0x5AC9,0x5AEA,0x4A27,0x20E2,0x2923,
  0x20E1,0x2922,0x5246,0x4A46,0x5267,0x5267,0x20E1,0x20E1,0x39A4,0x3984,0x3984,0x3963,
  0x3143,0x3143,0x3143,0x3164,0x18A1,0x3123,0x4A26,0x5226,0x5246,0x5246,0x5246,0x5246,
  0x4A26,0x20E2,0x3164,0x3984,0x3164,0x2902,0x20C1,0x3164,0x3143,0x2942,0x20E1,0x3162,
  0x2921,0x3142,0x2921,0x3983,0x41C4,0x3122,0x3143,0x39A4,0x3964,0x20A1,0x4A47,0x5AA9,
  0x20C1,0x2902,0x3163,0x3162,0x3163,0x3983,0x41C4,0x3183,0x2943,0x3164,0x2943,0x18A1,
  0x1080,0x18E1,0x2101,0x2942,0x2921,0x18C0,0x1080,0x2922,0x2922,0x10A1,0x10A1,0x10A1,
  0x18C1,0x18C1,0x18C1,0x18C1,0x1081,0x18A1,0x18A1,0x18A1,0x18A1,0x18A0,0x2101,0x39C3,
  0x4203,0x4202,0x4202,0x4222,0x4202,0x4202,0x4222,0x4A43,0x4203,0x4203,0x41E3,0x39E3,
  0x4204,0x41E4,0x4204,0x2962,0x10A0,0x1080,0x10A0,0x10A0,0x10A1,0x18A1,0x1080,0x1080,
  0x18A1,0x18A1,0x18A0,0x20E1,0x2101,0x18E0,0x10A0,0x10A0,0x18E0,0x10A0,0x18E0,0x39C3,
  0x31A2,0x31A2,0x39E3,0x39C3,0x39E4,0x2963,0x0860,0x1080,0x18C1,0x18A0,0x2101,0x2962,
  0x2922,0x4206,0x5AA8,0x5248,0x5268,0x5268,0x5248,0x5248,0x5248,0x4A27,0x5288,0x4206,
  0x20C1,0x39A5,0x2922,0x41C5,0x5A88,0x39A5,0x1060,0x18C2,0x18C2,0x10A1,0x18C1,0x18A1,
  0x20E2,0x20C1,0x18C1,0x20E2,0x20E2,0x20E2,0x2102,0x2923,0x2102,0x20E2,0x20E2,0x18A1,
  0x18A1,0x3164,0x39C5,0x3984,0x3984,0x3984,0x2902,0x1880,0x3143,0x3984,0x3985,0x20C1,
  0x20C1,0x20C1,0x18A1,0x18C1,0x20E2,0x20C1,0x2902,0x2080,0x28A0,0x4101,0x4921,0x4921,
  0x5141,0x5141,0x4921,0x5141,0x4921,0x5121,0x5101,0x5101,0x5122,0x5122,0x4902,0x4123,
  0x4164,0x41A5,0x49E6,0x3123,0x20A1,0x28E1,0x20A0,0x4162,0x4962,0x5163,0x4122,0x30A0,
  0x2860,0x38C0,0x4921,0x5162,0x4922,0x38C1,0x3902,0x4122,0x4143,0x3102,0x20A1,0x3964,
  0x3963,0x3163,0x3163,0x3163,0x39A5,0x3164,0x2922,0x4A26,0x5AEA,0x5268,0x3984,0x20E2,
  0x20C1,0x2902,0x5267,0x5246,0x5267,0x4A26,0x1880,0x2902,0x39A5,0x3163,0x3963,0x3963,
  0x3143,0x28E2,0x3144,0x3123,0x1880,0x2902,0x4A05,0x5246,0x5246,0x5266,0x5266,0x5266,
  0x41E5,0x20C1,0x3143,0x3984,0x3984,0x3143,0x18C1,0x3164,0x3143,0x2943,0x2922,0x3162,
  0x2921,0x3162,0x2901,0x3983,0x3983,0x2902,0x3984,0x41A5,0x18A1,0x4A27,0x5AEA,0x5AC9,
  0x3984,0x2901,0x3183,0x39A3,0x3983,0x3983,0x39A3,0x2101,0x1060,0x1080,0x18A1,0x18A0,
  0x18A0,0x18C1,0x18A0,0x18C0,0x2101,0x2101,0x1080,0x1080,0x18A1,0x1080,0x10A1,0x10A1,
  0x10A1,0x10A1,0x18C2,0x18C2,0x18A1,0x18A1,0x1081,0x1080,0x10A0,0x18C0,0x18C0,0x2101,
  0x39E3,0x41E2,0x39E2,0x4202,0x4202,0x4202,0x4201,0x39E1,0x39E2,0x4223,0x4203,0x39C3,
  0x39C3,0x41E4,0x39C4,0x2121,0x1080,0x18A0,0x18C1,0x10A0,0x18C1,0x10A1,0x18C1,0x18C1,
  0x18E1,0x18A0,0x18C0,0x20E1,0x18E0,0x2121,0x2961,0x2121,0x2941,0x2961,0x39E2,0x4243,
  0x39E2,0x4203,0x4203,0x3182,0x2121,0x18E1,0x18A0,0x18C0,0x10A0,0x2101,0x39C4,0x39A3,
  0x18C0,0x3183,0x5267,0x5268,0x5268,0x5268,0x5248,0x5248,0x5268,0x5248,0x5247,0x5268,
  0x2922,0x2902,0x2922,0x3143,0x5268,0x39A5,0x1081,0x18C2,0x18C2,0x18A1,0x18A1,0x18C2,
  0x20C1,0x20E2,0x20E2,0x20E2,0x20E2,0x20E2,0x20E2,0x20C1,0x1880,0x1880,0x18A1,0x18C1,
  0x20E1,0x20E2,0x18C1,0x20E2,0x39A5,0x3143,0x18A1,0x20C1,0x2902,0x3985,0x3984,0x1881,
  0x20E2,0x2102,0x20C1,0x18A1,0x20E2,0x20E1,0x20E1,0x20A1,0x2060,0x38E1,0x4121,0x4922,
  0x5141,0x5121,0x4921,0x4921,0x4900,0x48E0,0x4901,0x5121,0x48E1,0x40E1,0x4943,0x5184,
  0x49A5,0x3923,0x3102,0x2922,0x2901,0x1880,0x3101,0x5183,0x4921,0x5162,0x4963,0x38C1,
  0x2860,0x4101,0x5142,0x4922,0x4101,0x30C1,0x30A0,0x30A0,0x3923,0x4184,0x28C1,0x3143,
  0x3143,0x3143,0x3163,0x3143,0x3163,0x3164,0x39A4,0x39A4,0x4206,0x39A4,0x3143,0x3984,
  0x18A1,0x3143,0x5267,0x5246,0x5246,0x4A05,0x18A0,0x3123,0x3164,0x3143,0x3964,0x3143,
  0x2902,0x1860,0x2902,0x2923,0x20C1,0x2902,0x4A26,0x5246,0x4A45,0x5245,0x5246,0x5266,
  0x41E5,0x18A1,0x2902,0x3164,0x3164,0x3164,0x20E2,0x2102,0x18A0,0x2922,0x2922,0x2942,
  0x3142,0x3182,0x20E0,0x39A3,0x3983,0x2922,0x3143,0x3984,0x2902,0x3164,0x5AA9,0x5AC9,
  0x3143,0x3983,0x41E4,0x3162,0x39A3,0x39A3,0x39A3,0x3163,0x20C1,0x1880,0x1880,0x1880,
  0x18A0,0x18C1,0x18C0,0x2922,0x3183,0x3163,0x18A0,0x1060,0x18A1,0x18A1,0x18A1,0x18C2,
  0x10A1,0x10A1,0x10A1,0x10A1,0x18A1,0x18C1,0x18C2,0x18C1,0x10A0,0x18C1,0x18A0,0x18E0,
  0x3183,0x39C3,0x39C3,0x4203,0x4202,0x39E2,0x4202,0x4202,0x4202,0x4203,0x4204,0x39E4,
  0x39A3,0x39A4,0x2102,0x1080,0x1080,0x18C1,0x18E1,0x10A1,0x10A1,0x10A1,0x10A0,0x18C1,
  0x20E1,0x2942,0x3183,0x3182,0x3182,0x4204,0x41E3,0x4224,0x4A44,0x4203,0x4A43,0x3A02,
  0x4202,0x4222,0x39E2,0x3182,0x18C0,0x1080,0x18E0,0x18C0,0x2941,0x41E4,0x39C3,0x39A3,
  0x2962,0x18E0,0x2943,0x5AA9,0x5289,0x5248,0x5269,0x5248,0x5248,0x5A88,0x5247,0x5AA9,
  0x4A26,0x2902,0x3143,0x2923,0x5268,0x39A5,0x1081,0x18C2,0x18A2,0x18C1,0x18A1,0x18A1,
  0x18C1,0x20E2,0x2102,0x20E2,0x1060,0x18A1,0x2902,0x20C1,0x18A1,0x2102,0x2943,0x2102,
  0x18A1,0x1880,0x1880,0x20E2,0x3984,0x2943,0x18A1,0x20C2,0x20C1,0x3985,0x2903,0x20C1,
  0x20E2,0x20E2,0x18C1,0x1080,0x2102,0x20E2,0x20C1,0x28E2,0x2060,0x28A0,0x4102,0x4922,
  0x4921,0x4921,0x4100,0x40E0,0x4100,0x4100,0x4921,0x4901,0x4101,0x40C0,0x38A0,0x30C1,
  0x30C1,0x2080,0x20A0,0x2901,0x1880,0x20C0,0x4963,0x4962,0x4921,0x4921,0x4942,0x30C1,
  0x30A1,0x4122,0x4922,0x4942,0x4122,0x4964,0x4143,0x38E1,0x2880,0x3964,0x3122,0x3123,
  0x3943,0x3123,0x3964,0x3964,0x3163,0x2902,0x2902,0x3143,0x3123,0x2902,0x3163,0x3143,
  0x20C1,0x41E5,0x5287,0x5246,0x5247,0x39A4,0x20C1,0x3984,0x3164,0x3144,0x3144,0x3143,
  0x2923,0x20E2,0x18A1,0x2902,0x1880,0x2922,0x5246,0x4A25,0x4A25,0x4A25,0x4A25,0x5266,
  0x4A06,0x20E1,0x2923,0x3163,0x3184,0x2902,0x20C1,0x3184,0x3163,0x20C1,0x2101,0x3142,
  0x3142,0x2942,0x20E0,0x41A4,0x3983,0x28E1,0x3143,0x3984,0x3163,0x3143,0x4A06,0x3163,
  0x2942,0x41C4,0x41C4,0x3983,0x39A3,0x3163,0x3163,0x41C4,0x3163,0x2922,0x2923,0x3143,
  0x3163,0x3163,0x3984,0x41E5,0x3163,0x3163,0x3143,0x20E2,0x18A1,0x1081,0x10A1,0x10A1,
  0x10A1,0x18C1,0x10A1,0x1081,0x10A1,0x1081,0x10A0,0x18C1,0x18C1,0x18E1,0x18A0,0x2942,
  0x4206,0x3184,0x2101,0x3162,0x39A2,0x31A2,0x39E2,0x41E3,0x41E3,0x39C3,0x31A3,0x2942,
  0x1880,0x1060,0x18A1,0x18A1,0x18C1,0x18A1,0x10A1,0x10A1,0x10A1,0x18A1,0x10A0,0x20E1,
  0x3183,0x41E4,0x39E3,0x4204,0x4204,0x39E3,0x39C3,0x4203,0x39E3,0x4203,0x39C2,0x39C1,
  0x39E2,0x39E2,0x39C2,0x3182,0x39A3,0x39A3,0x3182,0x39C3,0x39E3,0x39C3,0x39C3,0x39C3,
  0x4204,0x39C4,0x2101,0x3143,0x4A47,0x5A89,0x5268,0x5268,0x5248,0x5248,0x4A06,0x39A5,
  0x4A26,0x2922,0x3143,0x2922,0x5248,0x3164,0x1060,0x18C2,0x18A1,0x18A1,0x18C1,0x18C2,
  0x20E2,0x20E2,0x18C1,0x18A1,0x2102,0x18A1,0x18A1,0x2102,0x20E2,0x2923,0x3184,0x3184,
  0x3163,0x2902,0x3143,0x3984,0x3984,0x3143,0x18C1,0x20C1,0x20C2,0x2923,0x18A1,0x20E2,
  0x20E2,0x20E2,0x20E1,0x1880,0x20C1,0x20E2,0x20C1,0x2902,0x20A0,0x2080,0x3902,0x4922,
  0x4922,0x4901,0x40E0,0x40E0,0x4100,0x4941,0x4921,0x4100,0x4921,0x4942,0x4101,0x38E1,
  0x30C1,0x30C1,0x28C1,0x1860,0x2080,0x4183,0x4962,0x4901,0x4921,0x4942,0x4922,0x3080,
  0x3902,0x4922,0x4922,0x4922,0x4122,0x3922,0x4164,0x3902,0x28A0,0x2902,0x28C1,0x3123,
  0x3964,0x3964,0x41C5,0x41A4,0x3163,0x2902,0x28E2,0x2902,0x3143,0x3143,0x3984,0x20E2,
  0x20E1,0x4A26,0x5287,0x4A26,0x5246,0x2922,0x2902,0x3984,0x3144,0x3143,0x3143,0x20E2,
  0x3984,0x4A27,0x3184,0x5268,0x3143,0x2943,0x5AA7,0x5266,0x5246,0x5266,0x4A25,0x5246,
  0x41C4,0x20E2,0x2923,0x3164,0x3143,0x2923,0x18C1,0x4206,0x4226,0x20C1,0x20C1,0x3183,
  0x2942,0x2921,0x3142,0x41C4,0x3142,0x2901,0x3162,0x3163,0x39C4,0x3984,0x20C1,0x2922,
  0x39A4,0x3983,0x41C4,0x41C4,0x3983,0x39A4,0x3163,0x2902,0x20C0,0x20E1,0x2902,0x20C1,
  0x3164,0x4A06,0x41C5,0x3143,0x3143,0x3984,0x3984,0x2923,0x1881,0x1081,0x18C2,0x10A1,
  0x10A1,0x18C1,0x10A1,0x1080,0x1080,0x18C1,0x18E1,0x18E1,0x18C0,0x1080,0x1080,0x3163,
  0x2943,0x10A0,0x1080,0x18A0,0x2100,0x31A3,0x39C3,0x31A2,0x31A2,0x31A3,0x2102,0x1040,
  0x1080,0x18A1,0x18A1,0x18A2,0x18A2,0x1081,0x1081,0x10A1,0x10A1,0x10A1,0x10A0,0x2922,
  0x4205,0x39E4,0x31A2,0x39C3,0x39E3,0x39E3,0x39E3,0x39C3,0x39C3,0x39E3,0x39E3,0x39E3,
  0x39C3,0x39E3,0x39C3,0x2961,0x39A3,0x39C3,0x39C3,0x39C2,0x39C2,0x39E3,0x39C2,0x39C3,
  0x39C3,0x39C3,0x2942,0x18A0,0x2102,0x41E6,0x5AA9,0x5248,0x5247,0x3984,0x2943,0x3143,
  0x3163,0x2902,0x3984,0x3143,0x5247,0x3164,0x1081,0x20C2,0x18A2,0x18A1,0x18A1,0x18A1,
  0x18C1,0x18A1,0x18A0,0x18C1,0x39C5,0x2943,0x18A1,0x18A1,0x20C1,0x2923,0x3984,0x39A5,
  0x39A4,0x3984,0x39A4,0x3984,0x3984,0x3164,0x20E2,0x20E2,0x20E2,0x18C1,0x1880,0x20C2,
  0x20C2,0x2102,0x2102,0x18A0,0x18C1,0x20E2,0x20E1,0x20E1,0x28E1,0x2080,0x30C1,0x4943,
  0x4102,0x4901,0x40E0,0x40E0,0x4920,0x4100,0x4921,0x4941,0x40E0,0x4101,0x5163,0x4122,
  0x3902,0x3902,0x3902,0x28A0,0x30E1,0x4963,0x4942,0x4921,0x5141,0x5142,0x4942,0x30A0,
  0x4102,0x4922,0x40E1,0x4902,0x4122,0x28C1,0x28A0,0x28C1,0x28C1,0x28E1,0x3122,0x3963,
  0x3143,0x3163,0x3984,0x39A4,0x3963,0x20C1,0x2922,0x2902,0x3143,0x3984,0x3984,0x20C1,
  0x20E1,0x4A26,0x5267,0x4A26,0x4A26,0x20E1,0x20E2,0x39A5,0x3143,0x3164,0x3164,0x18A1,
  0x41C5,0x5AC9,0x5AA9,0x5AEA,0x4206,0x3184,0x4A26,0x5266,0x5266,0x4A25,0x4A46,0x5246,
  0x3143,0x18A1,0x3143,0x3143,0x3163,0x2902,0x2903,0x5268,0x5AA8,0x4206,0x2922,0x2902,
  0x2922,0x3983,0x20C0,0x3983,0x41A4,0x2901,0x2942,0x3183,0x3142,0x20E1,0x2902,0x3984,
  0x3984,0x39A4,0x39A4,0x3122,0x20C1,0x20C1,0x2923,0x20C1,0x2922,0x41C5,0x41E5,0x39A5,
  0x2902,0x3143,0x20C1,0x18A0,0x18A0,0x18A0,0x18A1,0x1080,0x1881,0x18A1,0x10A1,0x10A1,
  0x10A1,0x10A1,0x10A1,0x10A1,0x18C1,0x10A0,0x1080,0x18C0,0x2101,0x2942,0x2942,0x18C0,
  0x1080,0x18C1,0x20E2,0x10A0,0x18E1,0x39C3,0x39E4,0x39A3,0x39C3,0x39C4,0x2922,0x1060,
  0x18A1,0x18A1,0x18A2,0x18A2,0x18A2,0x10A1,0x10A1,0x10A1,0x1081,0x18C2,0x18A1,0x20E2,
  0x2942,0x2101,0x18E0,0x2941,0x39A2,0x41E3,0x39C3,0x39A2,0x39C3,0x41E4,0x39A3,0x3183,
  0x3183,0x3163,0x3163,0x2942,0x3182,0x39A2,0x31A2,0x39C2,0x4203,0x31A1,0x39C2,0x39C2,
  0x39A2,0x39A3,0x3183,0x39C4,0x2923,0x1080,0x3984,0x5268,0x5248,0x39A5,0x20E2,0x3143,
  0x3163,0x20E1,0x3143,0x2923,0x4A27,0x3144,0x1881,0x18C2,0x18A1,0x18C2,0x18E2,0x18C1,
  0x18C1,0x20E2,0x20C1,0x20C2,0x3184,0x41C5,0x3984,0x2923,0x3164,0x3184,0x39A5,0x41C5,
  0x41A5,0x39A5,0x39A5,0x3984,0x3984,0x3143,0x20C1,0x20E2,0x20E2,0x20C2,0x18A1,0x20C2,
  0x1881,0x18C1,0x2902,0x18A1,0x20C1,0x2102,0x20E1,0x20E1,0x28E2,0x20A1,0x2080,0x3922,
  0x4122,0x4101,0x4901,0x48E0,0x40E0,0x40E0,0x4900,0x48E0,0x4901,0x4921,0x38C0,0x38E1,
  0x38E2,0x4943,0x4122,0x3080,0x4101,0x4963,0x4942,0x4942,0x5141,0x4921,0x4942,0x38C1,
  0x3902,0x4922,0x4901,0x4942,0x30C1,0x28A0,0x28A1,0x28C1,0x28C1,0x3122,0x3964,0x3963,
  0x3163,0x3963,0x3963,0x3983,0x2922,0x20C1,0x2922,0x3163,0x3963,0x3963,0x3984,0x18C1,
  0x2902,0x4A46,0x5246,0x4A26,0x4A26,0x20E1,0x2902,0x39A5,0x3164,0x2923,0x2902,0x20E2,
  0x3163,0x5AA9,0x52A9,0x5267,0x4206,0x3184,0x2102,0x20E1,0x3162,0x4A46,0x5266,0x5267,
  0x2922,0x20E1,0x3143,0x3163,0x3164,0x20C1,0x39A5,0x5AC9,0x5AC9,0x5288,0x2942,0x2101,
  0x39A4,0x39A4,0x2101,0x2922,0x3984,0x2901,0x2921,0x3183,0x2922,0x20E1,0x3984,0x3984,
  0x3163,0x39A4,0x2922,0x1040,0x1880,0x18A1,0x1880,0x18A1,0x39A4,0x4A47,0x5247,0x5268,
  0x20E2,0x1060,0x18A1,0x18A0,0x18A1,0x18C1,0x1080,0x18A1,0x18C2,0x18A1,0x1081,0x10A1,
  0x10A1,0x10A1,0x1081,0x10A0,0x18C1,0x2942,0x2942,0x39A3,0x39C3,0x4204,0x41E4,0x20E1,
  0x1080,0x1080,0x18C0,0x2942,0x3183,0x3182,0x3182,0x3183,0x3183,0x2942,0x20E1,0x18A0,
  0x18A1,0x18A1,0x18A1,0x18A1,0x10A1,0x10A1,0x10A1,0x10A1,0x10A1,0x18A2,0x10A1,0x10A1,
  0x1080,0x1080,0x1080,0x18C0,0x20E0,0x20E0,0x31A2,0x4224,0x39C3,0x2922,0x18C1,0x18A0,
  0x18A1,0x1080,0x18C1,0x18E0,0x2942,0x39C3,0x39C3,0x39E2,0x39C2,0x39C2,0x39C2,0x31A2,
  0x39A2,0x2962,0x2101,0x18C1,0x18A1,0x3143,0x3164,0x4A27,0x5A88,0x5247,0x39C5,0x3984,
  0x3984,0x20E1,0x3143,0x20E2,0x41E6,0x2923,0x1881,0x18C2,0x10A1,0x18A1,0x18C1,0x1081,
  0x20E2,0x2102,0x18C1,0x1060,0x2102,0x39A5,0x39A5,0x3184,0x3985,0x3985,0x3984,0x3985,
  0x39A5,0x3984,0x3143,0x3164,0x39A5,0x3143,0x1880,0x20E2,0x20E2,0x20E2,0x2102,0x20E2,
  0x1060,0x18A1,0x2902,0x18A1,0x18C1,0x2102,0x20C1,0x20E1,0x20E2,0x28C2,0x2080,0x28A1,
  0x4143,0x40E1,0x4901,0x40C0,0x40A0,0x40C0,0x48E0,0x48E0,0x40E0,0x4101,0x4101,0x4122,
  0x38E1,0x4143,0x38C1,0x2860,0x4943,0x4122,0x4922,0x4921,0x4921,0x4921,0x4942,0x30C0,
  0x38E2,0x4902,0x4901,0x4922,0x38C1,0x2080,0x3102,0x20A0,0x28E1,0x3964,0x3963,0x3122,
  0x3163,0x3984,0x3963,0x3163,0x28E1,0x3143,0x3142,0x3963,0x3163,0x3983,0x3163,0x18A1,
  0x3163,0x5247,0x4A26,0x5246,0x41E5,0x20C1,0x3143,0x3184,0x2923,0x2102,0x3164,0x4A06,
  0x5267,0x5AA8,0x41E5,0x3184,0x39A5,0x41E6,0x5288,0x41E5,0x1060,0x41C5,0x5287,0x5267,
  0x3163,0x20C1,0x3123,0x3163,0x3143,0x20E1,0x3164,0x5288,0x52A9,0x41E6,0x2922,0x3143,
  0x41E5,0x3163,0x5267,0x2922,0x2902,0x3142,0x2901,0x3183,0x3142,0x20E1,0x3163,0x3163,
  0x3163,0x41A4,0x3183,0x1880,0x1060,0x1881,0x1081,0x18C1,0x3163,0x4A26,0x41E6,0x39C5,
  0x20C2,0x1060,0x18A1,0x18C1,0x18C1,0x2922,0x1081,0x10A1,0x10A1,0x18A1,0x10A1,0x18A1,
  0x18A1,0x10A1,0x18A1,0x2102,0x2963,0x41E4,0x4204,0x4204,0x39E3,0x39C3,0x39C3,0x4204,
  0x3162,0x2101,0x3162,0x39C4,0x2962,0x18A0,0x18A0,0x20E1,0x18C1,0x18A0,0x10A0,0x18C1,
  0x18C1,0x18C1,0x18A0,0x10A0,0x10A0,0x10A1,0x10A1,0x10A1,0x10A1,0x10A1,0x18A2,0x18A2,
  0x1081,0x18C1,0x18C1,0x1060,0x18C0,0x18C0,0x2941,0x31A2,0x2101,0x18A0,0x18C1,0x18A1,
  0x18C2,0x20C2,0x20E2,0x18A0,0x18C0,0x3182,0x3182,0x31A2,0x39C3,0x4203,0x39C3,0x39C3,
  0x3162,0x20E0,0x39A4,0x4A46,0x4A47,0x5268,0x5268,0x5268,0x4A47,0x4A48,0x5268,0x5268,
  0x5267,0x3143,0x3143,0x20C1,0x4A07,0x3164,0x18A1,0x20E3,0x20E2,0x18C2,0x18C2,0x20E2,
  0x18C1,0x2102,0x20E2,0x20E2,0x18A1,0x18A1,0x2923,0x3984,0x3984,0x3984,0x3985,0x39A5,
  0x41A5,0x3143,0x18A1,0x20C2,0x3144,0x2923,0x1881,0x2102,0x20E2,0x18C1,0x20E2,0x2102,
  0x18A1,0x18C1,0x28E2,0x20C1,0x20C1,0x2102,0x20E1,0x20E1,0x20E2,0x20E2,0x20A1,0x2060,
  0x3902,0x4101,0x40E0,0x40E0,0x48E0,0x40A0,0x40C0,0x40C0,0x40E1,0x4101,0x3902,0x4143,
  0x3102,0x30E2,0x30C1,0x30C1,0x4122,0x4143,0x4942,0x4101,0x4101,0x4922,0x4122,0x30A0,
  0x38E1,0x4922,0x48E1,0x40E1,0x4984,0x2081,0x20C1,0x20E1,0x3143,0x3984,0x3143,0x2902,
  0x3143,0x3143,0x3143,0x2902,0x20E1,0x3163,0x3142,0x2902,0x3142,0x3163,0x3122,0x18A1,
  0x41C5,0x5247,0x4A05,0x5267,0x39A4,0x1880,0x2902,0x2923,0x3164,0x5248,0x5AA9,0x5AA9,
  0x5AC9,0x52A8,0x4205,0x5267,0x4A47,0x39A5,0x5288,0x5AA9,0x3984,0x3143,0x5247,0x5A88,
  0x3163,0x18A1,0x3143,0x3143,0x3963,0x3123,0x18A1,0x2102,0x3984,0x2102,0x2922,0x2102,
  0x2943,0x4A26,0x5AC9,0x39A4,0x2923,0x3163,0x3142,0x41C4,0x2902,0x20C1,0x3984,0x3963,
  0x3963,0x3163,0x3163,0x2943,0x20E2,0x18A1,0x1881,0x1880,0x1060,0x3184,0x2923,0x1060,
  0x1081,0x1081,0x18A1,0x1080,0x18C1,0x2963,0x18E2,0x18A1,0x1081,0x10A1,0x18A1,0x18A1,
  0x1081,0x1081,0x20E2,0x3184,0x41E5,0x39C4,0x39C3,0x39E3,0x41E3,0x41E3,0x39C3,0x39C3,
  0x4204,0x4204,0x41E4,0x2121,0x0840,0x1080,0x2101,0x1080,0x18A0,0x18C1,0x18C1,0x18C1,
  0x10A0,0x18A0,0x18C1,0x18C1,0x18A1,0x10A1,0x10A1,0x10A1,0x10A1,0x10A1,0x10A1,0x10A1,
  0x18A1,0x18C1,0x10A0,0x1080,0x18E0,0x18E0,0x2941,0x3162,0x3183,0x39E4,0x3163,0x1080,
  0x1080,0x18A1,0x20E2,0x18C1,0x2101,0x39E4,0x39E3,0x3182,0x2101,0x2100,0x2101,0x2921,
  0x20E0,0x4A26,0x5AC9,0x5268,0x5268,0x4A27,0x4A47,0x5288,0x4A47,0x5248,0x4A47,0x5268,
  0x5AA9,0x3984,0x2923,0x2902,0x4A27,0x3164,0x1081,0x18C2,0x18C2,0x1060,0x1060,0x1081,
  0x18E1,0x18C1,0x18A1,0x20E2,0x18C1,0x1060,0x1880,0x2923,0x3164,0x39A5,0x39A5,0x3164,
  0x3984,0x3143,0x20C1,0x20C2,0x3123,0x2923,0x20E2,0x20E2,0x20E2,0x20E2,0x2102,0x2102,
  0x18A1,0x18A1,0x28E2,0x20C1,0x20C1,0x20E1,0x2102,0x20E1,0x20E2,0x20E2,0x20C1,0x2080,
  0x28A0,0x4122,0x40C0,0x48E0,0x48E1,0x40A0,0x40E0,0x4101,0x4101,0x3901,0x3102,0x3122,
  0x41E5,0x4A27,0x5227,0x3964,0x2060,0x30E1,0x4122,0x38E1,0x4101,0x4942,0x4942,0x30A0,
  0x38E1,0x40E1,0x40C0,0x40E1,0x4123,0x1860,0x18A1,0x2923,0x3164,0x3963,0x3163,0x3143,
  0x3143,0x3142,0x3142,0x20E1,0x2101,0x3163,0x3183,0x2901,0x3142,0x3142,0x20E1,0x20C1,
  0x4A06,0x5247,0x4A06,0x5267,0x3163,0x1880,0x2923,0x3164,0x4A27,0x39C5,0x3184,0x4A47,
  0x5AC9,0x5287,0x5267,0x41E5,0x2943,0x4A27,0x5AC9,0x5AC9,0x5AA9,0x41E6,0x3184,0x5AA8,
  0x2902,0x20E1,0x3964,0x3143,0x3163,0x3984,0x3143,0x20E2,0x2902,0x39A4,0x3163,0x20E1,
  0x2102,0x5AC8,0x5AC9,0x4A27,0x2923,0x20E1,0x2922,0x39A4,0x2902,0x2902,0x3143,0x3143,
  0x3163,0x3143,0x2942,0x3163,0x3163,0x3184,0x2923,0x20E1,0x18A1,0x18C1,0x2943,0x20C2,
  0x1081,0x18C2,0x1081,0x18A1,0x10A1,0x18C1,0x10A1,0x0860,0x10A1,0x18A2,0x1081,0x18A1,
  0x18A1,0x18A1,0x18C1,0x2101,0x2921,0x39A3,0x39E3,0x41E3,0x31A1,0x39A2,0x4204,0x41E3,
  0x39C3,0x39C2,0x41E3,0x3182,0x20E0,0x18C0,0x18A1,0x18A1,0x18A1,0x10A1,0x1081,0x10A1,
  0x10A0,0x10A0,0x10A0,0x1080,0x1081,0x1081,0x10A1,0x18A1,0x10A1,0x18C2,0x10A1,0x10A1,
  0x18C1,0x18C1,0x20E1,0x3162,0x41E4,0x39C3,0x3182,0x31A3,0x39C3,0x31A3,0x2101,0x18A0,
  0x20E2,0x18C1,0x18C1,0x18C0,0x2101,0x4204,0x3183,0x20E0,0x20E1,0x20E1,0x18A0,0x39A4,
  0x4205,0x5267,0x4A27,0x4A27,0x4A27,0x5248,0x5268,0x4A27,0x5248,0x5268,0x5268,0x4A27,
  0x5268,0x39A5,0x3143,0x2102,0x41E6,0x2944,0x18C2,0x2923,0x20E2,0x2123,0x2123,0x18C2,
  0x18C1,0x18A1,0x1080,0x18C1,0x20C1,0x20E2,0x3143,0x3984,0x3984,0x3164,0x3164,0x3164,
  0x3985,0x2903,0x20C2,0x20E2,0x2902,0x2902,0x20C1,0x1080,0x18A1,0x20C1,0x20E2,0x20E1,
  0x18A0,0x1060,0x20E2,0x20E2,0x20C1,0x20E2,0x2102,0x20E2,0x20E2,0x20C1,0x20E2,0x20A1,
  0x2880,0x38E1,0x4101,0x40E0,0x4901,0x4922,0x4101,0x38E1,0x4142,0x4A05,0x5246,0x5288,
  0x5AC9,0x5AC9,0x5AA9,0x41E6,0x3964,0x3984,0x30C1,0x30A0,0x4101,0x4942,0x4963,0x30A0,
  0x38E1,0x40E1,0x40C0,0x40E1,0x3080,0x28C1,0x20A1,0x1080,0x3143,0x3964,0x3163,0x3143,
  0x3122,0x3163,0x2902,0x2922,0x39A4,0x3984,0x3142,0x2922,0x3122,0x3163,0x20C1,0x20E1,
  0x4A26,0x5247,0x5226,0x5267,0x3142,0x18A0,0x3164,0x2902,0x2102,0x18C1,0x39C5,0x4A47,
  0x3184,0x2942,0x5267,0x52A8,0x4226,0x4A47,0x39C5,0x5AA9,0x4227,0x39C5,0x3164,0x4A27,
  0x3143,0x20A1,0x3964,0x3984,0x3963,0x3163,0x3143,0x39A5,0x2102,0x2922,0x3143,0x2922,
  0x2101,0x41E5,0x5ACA,0x4A68,0x20E2,0x18A1,0x2902,0x3163,0x20C1,0x3143,0x3123,0x3143,
  0x3163,0x3163,0x3163,0x3163,0x2943,0x2922,0x2923,0x2943,0x20E2,0x1080,0x1081,0x18A1,
  0x18A1,0x10A1,0x1081,0x1081,0x10A1,0x10A1,0x10A1,0x10A1,0x10A1,0x10A1,0x10A1,0x18A1,
  0x1881,0x1081,0x1081,0x10A0,0x18A0,0x2961,0x41E3,0x39C2,0x39C2,0x41E3,0x39C2,0x39C3,
  0x41E3,0x39E3,0x39C3,0x39E4,0x2943,0x1080,0x1081,0x18A1,0x1081,0x1081,0x1081,0x1081,
  0x18A1,0x18C1,0x18C1,0x18C1,0x18A1,0x10A1,0x10A1,0x1081,0x1061,0x0860,0x1080,0x18A0,
  0x1080,0x2101,0x39C4,0x41E4,0x39A3,0x39C3,0x3182,0x31A3,0x39C3,0x2941,0x10A0,0x1080,
  0x18C1,0x18C1,0x20E1,0x20E1,0x2921,0x39C4,0x20E0,0x2101,0x41C4,0x3183,0x2922,0x5267,
  0x5A88,0x4A47,0x5248,0x4A27,0x4A27,0x4A27,0x4A47,0x4A27,0x4A27,0x4A28,0x5268,0x5268,
  0x5268,0x39C5,0x2923,0x20E2,0x4207,0x3164,0x41E6,0x4A28,0x39A5,0x4A48,0x4227,0x4207,
  0x18C1,0x18C1,0x18C1,0x2102,0x3164,0x39A5,0x39A5,0x3985,0x3984,0x3984,0x3964,0x3984,
  0x3164,0x2923,0x2923,0x2903,0x18A1,0x1080,0x18A1,0x18C1,0x18A1,0x18C1,0x20C1,0x20E1,
  0x20C1,0x1880,0x18A1,0x20E2,0x20C1,0x20C1,0x20E2,0x20C1,0x20C1,0x20E2,0x28E2,0x20C1,
  0x2060,0x28C1,0x4163,0x4142,0x3922,0x3102,0x3102,0x4184,0x5267,0x5AC9,0x5ACA,0x5ACA,
  0x5AC9,0x5AC9,0x5AC9,0x5AA9,0x5247,0x3943,0x30C1,0x38E1,0x4922,0x4922,0x4942,0x30A0,
  0x38C1,0x4101,0x40C0,0x40E1,0x40E1,0x4984,0x3943,0x20A1,0x20A1,0x3143,0x3163,0x3122,
  0x3143,0x3143,0x20E1,0x2902,0x41E5,0x3963,0x2922,0x2922,0x2902,0x3163,0x20C0,0x2922,
  0x4A26,0x4A26,0x4A26,0x5247,0x2902,0x20C1,0x3164,0x3143,0x2923,0x20E2,0x2922,0x2102,
  0x18C1,0x39C5,0x4A27,0x5AC9,0x39A5,0x4206,0x39A5,0x31A4,0x4A47,0x2943,0x4A26,0x4A26,
  0x2902,0x28E2,0x3143,0x3964,0x3963,0x2902,0x2902,0x3143,0x2922,0x2902,0x3163,0x2922,
  0x2102,0x3184,0x4A68,0x2923,0x20E2,0x20C1,0x3163,0x3984,0x20C1,0x3143,0x3964,0x3964,
  0x3963,0x3122,0x3143,0x3983,0x2922,0x1060,0x1060,0x10A0,0x10A1,0x18A1,0x10A1,0x1081,
  0x10A1,0x1081,0x10A1,0x10A1,0x1081,0x1060,0x1081,0x18A2,0x10A1,0x10A1,0x10A1,0x10A1,
  0x1081,0x1081,0x18C1,0x18C1,0x18A0,0x3182,0x4204,0x39C3,0x39C3,0x39C3,0x39C3,0x39C4,
  0x39C4,0x3183,0x39A4,0x2943,0x18A1,0x0840,0x18A1,0x18A1,0x18A1,0x18C2,0x18C1,0x18C1,
  0x18A0,0x1080,0x1080,0x1060,0x1080,0x1060,0x1080,0x10A1,0x2103,0x2943,0x18A0,0x2101,
  0x18E1,0x2101,0x4A25,0x39E4,0x31A3,0x31A3,0x3183,0x3183,0x2962,0x2962,0x18A0,0x20E1,
  0x2921,0x2942,0x39A4,0x2922,0x18C0,0x3183,0x18A0,0x2922,0x4A06,0x39A4,0x2902,0x4A47,
  0x5247,0x5268,0x4A27,0x5248,0x5248,0x4A27,0x4A27,0x4A47,0x4A47,0x5268,0x5248,0x4A48,
  0x5289,0x4206,0x2102,0x2102,0x5248,0x39A5,0x4A47,0x39C5,0x20E2,0x4A47,0x4A47,0x4A47,
  0x20E2,0x20E2,0x18C1,0x18A1,0x18C1,0x20C1,0x20C2,0x2903,0x3144,0x3164,0x3144,0x2923,
  0x20E2,0x18A1,0x1080,0x1080,0x18A1,0x18C1,0x18E2,0x18A1,0x18C1,0x20E2,0x20E2,0x2102,
  0x20E2,0x20C1,0x20C1,0x28E2,0x20E1,0x20C1,0x20E2,0x20C1,0x20E2,0x20E1,0x20A1,0x28E2,
  0x20A0,0x2080,0x3942,0x3142,0x3143,0x41A4,0x4A27,0x5AA8,0x5AC9,0x5A89,0x41C6,0x3185,
  0x41C6,0x41C5,0x3985,0x3123,0x28C1,0x3102,0x4122,0x4122,0x4922,0x4101,0x4101,0x3080,
  0x30A1,0x4122,0x40E1,0x40E1,0x40E1,0x4963,0x4984,0x3943,0x1860,0x2902,0x3163,0x3143,
  0x3163,0x2922,0x20A0,0x2922,0x41A4,0x3984,0x39A4,0x2922,0x20E1,0x3143,0x20C1,0x3163,
  0x5246,0x4A05,0x4A26,0x4A26,0x20C1,0x20E2,0x3143,0x2902,0x2943,0x2922,0x2102,0x2942,
  0x2922,0x2102,0x2102,0x4A27,0x3984,0x2102,0x2963,0x2122,0x2963,0x2942,0x5267,0x5267,
  0x2902,0x2902,0x39A4,0x3164,0x3143,0x20E1,0x2902,0x18C1,0x20E1,0x3163,0x2922,0x18A0,
  0x2922,0x3164,0x2902,0x20E2,0x2943,0x2943,0x3184,0x2102,0x2923,0x3984,0x3143,0x3143,
  0x3143,0x3143,0x3143,0x3143,0x2922,0x20E1,0x1080,0x1080,0x10A0,0x1080,0x1080,0x10A1,
  0x18C2,0x10A1,0x1081,0x1081,0x18A2,0x18C2,0x1081,0x1081,0x18A1,0x1081,0x1081,0x10A1,
  0x10A1,0x1081,0x10A1,0x10A0,0x18A0,0x3183,0x41E5,0x39A4,0x2942,0x18C0,0x2922,0x3984,
  0x20C1,0x18A1,0x2902,0x18A1,0x18A1,0x18C1,0x10A1,0x18C2,0x10A1,0x1080,0x1060,0x1060,
  0x1080,0x2922,0x2963,0x3163,0x2102,0x2922,0x3163,0x39C5,0x41E6,0x4A47,0x4A26,0x4A26,
  0x2942,0x18A0,0x2922,0x18C1,0x18E1,0x2121,0x3183,0x31A3,0x31A3,0x2942,0x20E0,0x41E4,
  0x3162,0x2921,0x3183,0x3162,0x20E0,0x39A3,0x2921,0x20C0,0x3143,0x2922,0x3163,0x5268,
  0x5247,0x5268,0x5268,0x4A27,0x4A27,0x4A47,0x4A68,0x4A47,0x2964,0x2943,0x5268,0x52A9,
  0x4206,0x18C1,0x2944,0x20E2,0x4206,0x4206,0x4A47,0x39C5,0x2922,0x39A4,0x5267,0x4A47,
  0x18C1,0x20E2,0x20E2,0x20C2,0x20C2,0x18C1,0x18A1,0x1881,0x18A1,0x18C1,0x18A1,0x18A1,
  0x18A1,0x18C1,0x18C1,0x18C1,0x20E2,0x18A1,0x18A1,0x2102,0x2102,0x20E2,0x20E2,0x20C2,
  0x20E2,0x2902,0x20E2,0x2902,0x2902,0x20E2,0x20E2,0x20C1,0x20E2,0x20C1,0x20C1,0x20C1,
  0x28E1,0x1860,0x28E1,0x41C5,0x5267,0x5AC9,0x5AC9,0x5AA8,0x4A06,0x3123,0x3123,0x3123,
  0x3123,0x2080,0x30E2,0x3943,0x2080,0x28C1,0x30C1,0x30C1,0x38E1,0x4922,0x4943,0x30A0,
  0x30A1,0x4102,0x40E1,0x40E1,0x40E0,0x40E1,0x4143,0x4143,0x20A1,0x2922,0x3143,0x3143,
  0x3142,0x20E1,0x20C0,0x41C4,0x39A4,0x39A4,0x41C4,0x3143,0x20E1,0x2923,0x20E1,0x39A4,
  0x5266,0x4A26,0x4A26,0x4205,0x18A0,0x2902,0x3143,0x2923,0x3143,0x3163,0x39C4,0x39C4,
  0x3143,0x3164,0x3144,0x1080,0x2102,0x41E5,0x4205,0x4A67,0x4A26,0x4225,0x5267,0x5267,
  0x2902,0x2922,0x3984,0x3163,0x3143,0x2922,0x3143,0x3143,0x2902,0x3183,0x2943,0x2922,
  0x2102,0x20E1,0x18A1,0x18C1,0x18A1,0x20E1,0x2122,0x18A0,0x2902,0x2923,0x2902,0x3123,
  0x3122,0x3143,0x3163,0x3143,0x3143,0x3183,0x2922,0x18C1,0x18E1,0x20E1,0x1060,0x10A1,
  0x1080,0x10A1,0x18C2,0x1081,0x1061,0x1081,0x1081,0x10A1,0x18C1,0x1081,0x18A2,0x18A2,
  0x18A1,0x10A1,0x18A1,0x18A0,0x18C0,0x41E5,0x3142,0x18C0,0x18A0,0x1060,0x1860,0x1880,
  0x1060,0x18A0,0x18A1,0x1060,0x18A1,0x20E2,0x10A0,0x1080,0x18E1,0x2963,0x3163,0x3163,
  0x39E5,0x4A46,0x4A46,0x5266,0x4A26,0x4A47,0x5247,0x5268,0x3184,0x2102,0x4A47,0x5267,
  0x39C4,0x2943,0x2922,0x3163,0x20E1,0x2101,0x39C4,0x3183,0x3162,0x3142,0x18A0,0x18C0,
  0x2921,0x3162,0x18C0,0x20E0,0x3162,0x39C3,0x3142,0x20E1,0x18A0,0x1060,0x3163,0x4A47,
  0x5268,0x5248,0x5268,0x5268,0x4A47,0x4A27,0x4207,0x4A68,0x2943,0x18A0,0x3184,0x4205,
  0x3184,0x3184,0x2922,0x20E1,0x39C5,0x4A27,0x4A47,0x3184,0x3164,0x2102,0x2943,0x2943,
  0x18C1,0x18C1,0x18C1,0x18C1,0x18C2,0x20E2,0x2102,0x2102,0x20E2,0x20E2,0x20E2,0x20C1,
  0x20C2,0x2102,0x20E2,0x18C1,0x18C1,0x10A1,0x1060,0x18A1,0x18C1,0x18C1,0x20E2,0x20C1,
  0x20C1,0x20E2,0x20C1,0x20E2,0x20E2,0x20C1,0x20E2,0x20E2,0x20E2,0x20C1,0x20E2,0x20C1,
  0x20C1,0x20A0,0x3143,0x5AA8,0x5AC9,0x5288,0x5AC9,0x41A5,0x2902,0x28E1,0x3922,0x4143,
  0x4984,0x3902,0x28C1,0x3943,0x2060,0x20A1,0x28C2,0x30C1,0x30C1,0x38E1,0x4102,0x2860,
  0x30A1,0x38C1,0x38C1,0x40E1,0x4101,0x40E1,0x4122,0x4164,0x20A1,0x20C1,0x3163,0x2942,
  0x3163,0x20C0,0x2922,0x49E5,0x39A4,0x3983,0x41C5,0x3143,0x20A1,0x2102,0x20E1,0x41E5,
  0x5246,0x4A26,0x5246,0x41C5,0x1880,0x3143,0x3143,0x3143,0x3143,0x2922,0x3163,0x3984,
  0x3163,0x3984,0x3184,0x2102,0x41E5,0x5AC8,0x5267,0x5287,0x5287,0x5267,0x4A46,0x4A26,
  0x2902,0x2922,0x3984,0x3143,0x2902,0x2922,0x3163,0x3183,0x2101,0x2942,0x2943,0x20E1,
  0x2902,0x20E1,0x18C1,0x3184,0x39C5,0x39A4,0x3184,0x39A4,0x3164,0x3163,0x39A4,0x3984,
  0x2902,0x20C1,0x28E1,0x2902,0x2922,0x2942,0x2922,0x2922,0x2943,0x3143,0x2922,0x2102,
  0x20C1,0x18A1,0x1081,0x18A1,0x18C1,0x10A1,0x10A1,0x10A1,0x10A0,0x1081,0x1060,0x10A1,
  0x1081,0x1060,0x18A0,0x18A1,0x18A0,0x2101,0x18A0,0x1060,0x20C0,0x20A0,0x18A0,0x20A0,
  0x18A0,0x20C0,0x20C0,0x18C0,0x1880,0x18C1,0x2922,0x20E1,0x2922,0x41E5,0x4A67,0x5267,
  0x4225,0x4A46,0x5266,0x4A25,0x4A26,0x4205,0x39C5,0x5267,0x39C5,0x18A0,0x2922,0x4A26,
  0x5287,0x5267,0x4A26,0x5267,0x39A4,0x2922,0x39A3,0x3183,0x41C4,0x39A4,0x3142,0x3984,
  0x41C4,0x3162,0x2901,0x3983,0x39A3,0x2901,0x20C0,0x2901,0x3142,0x20E1,0x2943,0x5268,
  0x5268,0x4A27,0x5248,0x4A27,0x4A07,0x5248,0x5248,0x5268,0x3184,0x39A4,0x3163,0x10A0,
  0x39E4,0x41E4,0x18A0,0x2922,0x2922,0x39C5,0x5288,0x3184,0x2922,0x31A4,0x2963,0x2101,
  0x18C1,0x18C1,0x18C1,0x18C2,0x20E2,0x20E2,0x20E2,0x18A1,0x1881,0x18A1,0x20C2,0x20E2,
  0x20E2,0x18C1,0x18C1,0x18C2,0x20E2,0x18E1,0x18A1,0x18A1,0x1881,0x1080,0x20C1,0x20E2,
  0x20C1,0x20C1,0x18A1,0x20E2,0x20C1,0x1880,0x20C2,0x2902,0x20E2,0x18C1,0x20C1,0x2902,
  0x20A1,0x28E2,0x5227,0x5268,0x5288,0x52A9,0x4A27,0x2902,0x30E1,0x30C1,0x38E1,0x4122,
  0x4122,0x3902,0x2860,0x30E2,0x28A1,0x28C2,0x28A1,0x2081,0x28A1,0x2880,0x2880,0x2020,
  0x2881,0x38E2,0x4102,0x40E1,0x40E1,0x40C0,0x4122,0x4964,0x28C1,0x1880,0x3143,0x3143,
  0x2922,0x20C1,0x3983,0x41C4,0x41C4,0x39A4,0x41C5,0x2922,0x1060,0x20C1,0x2902,0x4A25,
  0x5246,0x4A26,0x5267,0x39A4,0x1880,0x3163,0x3164,0x3123,0x2922,0x3123,0x3163,0x3163,
  0x3143,0x3984,0x3164,0x18A1,0x4A27,0x5287,0x5267,0x4A46,0x4A26,0x5267,0x5246,0x5246,
  0x20C1,0x20E1,0x3984,0x3143,0x2902,0x3143,0x3142,0x2942,0x2101,0x3163,0x2943,0x1080,
  0x2902,0x2102,0x39C5,0x5AC9,0x5AA9,0x5AA9,0x52A8,0x52A8,0x5247,0x3163,0x2923,0x3143,
  0x3123,0x28E2,0x28E2,0x2922,0x3143,0x3143,0x3143,0x3163,0x3142,0x2922,0x2922,0x20C1,
  0x20E2,0x20E2,0x18A1,0x1080,0x1080,0x1080,0x0860,0x0880,0x10A0,0x1080,0x18C2,0x20E2,
  0x20E2,0x18C1,0x18A1,0x18C1,0x20E1,0x20E1,0x2921,0x3142,0x3162,0x3963,0x3983,0x39A3,
  0x39A3,0x3983,0x3983,0x39A4,0x20E1,0x1060,0x2101,0x3184,0x3183,0x2922,0x3142,0x5267,
  0x41E5,0x2101,0x41E5,0x4A46,0x4A26,0x41E5,0x2922,0x4A47,0x41E6,0x2942,0x18C0,0x41E5,
  0x4A46,0x4A26,0x4A67,0x4A46,0x4A26,0x2942,0x18C0,0x20E1,0x2922,0x3143,0x3984,0x3142,
  0x20C1,0x20A0,0x20C0,0x20A0,0x18A0,0x20E1,0x3963,0x3963,0x39A4,0x20E1,0x2922,0x5268,
  0x5268,0x5248,0x49E7,0x3124,0x41E7,0x5268,0x5289,0x5268,0x2923,0x2942,0x39C3,0x39C3,
  0x39C3,0x39E3,0x2100,0x3162,0x2942,0x18A0,0x39A5,0x39A4,0x18C0,0x39C4,0x41E4,0x2942,
  0x10A1,0x18C1,0x18C2,0x18C1,0x18E2,0x18C2,0x18C1,0x18C1,0x18C1,0x18A1,0x18A1,0x18C1,
  0x20E2,0x20E2,0x20E2,0x18A1,0x1881,0x1080,0x18A1,0x20E2,0x18A1,0x18A1,0x18C1,0x20E2,
  0x20E2,0x20C1,0x18A1,0x28E2,0x20E2,0x1880,0x20E2,0x2902,0x20C2,0x20C1,0x2102,0x20C2,
  0x18C1,0x3164,0x5248,0x5288,0x5288,0x52A9,0x3984,0x3943,0x4163,0x2880,0x38A0,0x4922,
  0x4102,0x4922,0x38C1,0x2881,0x2881,0x30E2,0x28C2,0x2060,0x30C1,0x30A1,0x30A1,0x30A1,
  0x30C1,0x3923,0x4123,0x4101,0x40E1,0x40E1,0x4102,0x3902,0x28E2,0x18A1,0x2902,0x3143,
  0x20E1,0x2922,0x39A4,0x39A4,0x39A4,0x3963,0x3984,0x3143,0x20C1,0x20E1,0x2942,0x5246,
  0x4A25,0x4A26,0x5247,0x3142,0x1880,0x3163,0x3984,0x3163,0x3143,0x3143,0x3963,0x3143,
  0x3143,0x3143,0x3164,0x20E1,0x41C5,0x5267,0x5267,0x5246,0x5246,0x5266,0x5247,0x5247,
  0x20C1,0x28E2,0x3984,0x3142,0x2922,0x3183,0x3183,0x2922,0x2922,0x3183,0x3163,0x20E1,
  0x4A06,0x5288,0x5AC9,0x5268,0x41E5,0x4A27,0x4A26,0x39A4,0x3984,0x2902,0x2922,0x3964,
  0x3143,0x3163,0x3964,0x3143,0x2902,0x2902,0x2922,0x2922,0x20C1,0x18A0,0x20C1,0x1880,
  0x20E1,0x18A1,0x1881,0x18A1,0x18C1,0x3184,0x2943,0x3184,0x39E5,0x2943,0x2923,0x20E2,
  0x2923,0x2943,0x2942,0x2942,0x3163,0x3142,0x3162,0x3142,0x3962,0x3983,0x3983,0x3983,
  0x39A3,0x3983,0x3983,0x39A3,0x3142,0x18A0,0x20E1,0x3183,0x3183,0x39A4,0x2922,0x3163,
  0x4A26,0x2921,0x3163,0x41E5,0x5247,0x4A26,0x2943,0x39C5,0x39C5,0x20E1,0x2942,0x2942,
  0x4225,0x4205,0x4A46,0x4A67,0x5267,0x39A4,0x20E1,0x20E1,0x1860,0x1880,0x3122,0x3122,
  0x3143,0x3963,0x3142,0x3122,0x3963,0x3162,0x3142,0x3163,0x3983,0x2902,0x41C5,0x5268,
  0x5268,0x5268,0x3124,0x1041,0x3965,0x3986,0x49E7,0x5AA9,0x3143,0x2942,0x4204,0x39C3,
  0x31A1,0x39E2,0x4203,0x4204,0x4205,0x2902,0x39A5,0x4206,0x2121,0x31A3,0x39E3,0x18E0,
  0x20E2,0x2102,0x18C1,0x18C1,0x18C2,0x18C2,0x18C1,0x18A1,0x1080,0x1081,0x18C1,0x18C2,
  0x20C2,0x20C2,0x1881,0x1060,0x1060,0x1881,0x18A1,0x1080,0x18A1,0x20E2,0x20E2,0x20E2,
  0x20C2,0x18A1,0x1880,0x20C1,0x20E2,0x18A1,0x20C2,0x20E2,0x18C1,0x1881,0x2102,0x18A1,
  0x18A1,0x18C1,0x3184,0x5268,0x5268,0x52A9,0x4A26,0x3963,0x4163,0x4143,0x30A0,0x4922,
  0x4102,0x4102,0x38E2,0x2860,0x2060,0x28C1,0x30E2,0x28A1,0x30A1,0x30A1,0x2860,0x38E2,
  0x2881,0x3902,0x4123,0x4101,0x40C0,0x4101,0x38E1,0x28A1,0x2902,0x1880,0x20C1,0x3143,
  0x20E1,0x3163,0x3163,0x3963,0x3983,0x3163,0x3183,0x3984,0x20E1,0x20C1,0x2942,0x5246,
  0x4A25,0x4A26,0x5246,0x20E1,0x18A0,0x3143,0x3164,0x39A5,0x3964,0x3143,0x3163,0x3963,
  0x3143,0x3143,0x20E2,0x20E2,0x4206,0x5267,0x5246,0x5246,0x5246,0x5267,0x5267,0x4A26,
  0x20A1,0x20E2,0x39A4,0x2922,0x2922,0x3143,0x3984,0x2922,0x2942,0x2922,0x2922,0x4A06,
  0x41E5,0x2942,0x3184,0x3163,0x18C1,0x3163,0x3184,0x3163,0x3163,0x2902,0x3143,0x3984,
  0x3984,0x3143,0x2923,0x20C1,0x18A0,0x1880,0x1880,0x2902,0x3163,0x3984,0x3143,0x3184,
  0x3143,0x20E2,0x2923,0x39C5,0x4A26,0x5268,0x4A67,0x4A67,0x4A47,0x4A47,0x4206,0x3164,
  0x18A1,0x18A0,0x2922,0x3143,0x2901,0x3122,0x3162,0x3162,0x3962,0x3162,0x3142,0x3983,
  0x41A3,0x3982,0x3962,0x3983,0x3983,0x18A0,0x2901,0x39A4,0x3163,0x3163,0x3183,0x2901,
  0x3183,0x3142,0x3163,0x2942,0x4A05,0x4A26,0x2101,0x2102,0x41E5,0x20E1,0x3163,0x18C0,
  0x4205,0x4A46,0x39E5,0x4205,0x5247,0x41C5,0x1860,0x20C1,0x3984,0x20C1,0x28C1,0x3102,
  0x3964,0x41A4,0x3143,0x41A4,0x4184,0x3963,0x3963,0x3983,0x3163,0x20E1,0x41E5,0x5288,
  0x5268,0x49E6,0x3103,0x20A2,0x28C2,0x28C3,0x3945,0x5228,0x2923,0x3163,0x4A25,0x31A2,
  0x39C2,0x39C1,0x39E2,0x4203,0x39C4,0x3163,0x4A47,0x5267,0x2942,0x3182,0x39E3,0x2941,
  0x18C1,0x18C1,0x18C1,0x18C1,0x18C1,0x18C1,0x20E2,0x20E2,0x18C2,0x18A1,0x18A1,0x18A1,
  0x1881,0x18A1,0x18A1,0x1881,0x18C1,0x20E2,0x20C1,0x18A1,0x20C2,0x20E2,0x20E2,0x20C2,
  0x20E2,0x20C1,0x1880,0x2102,0x20E2,0x18A1,0x20C1,0x20E2,0x20C1,0x1060,0x20E2,0x18C1,
  0x18A1,0x1081,0x2103,0x4A48,0x52A9,0x4206,0x3163,0x28E1,0x3102,0x30E2,0x2860,0x30C1,
  0x4943,0x4143,0x4123,0x30A0,0x2880,0x30A1,0x30C1,0x30C1,0x38C1,0x38E1,0x4102,0x4143,
  0x2860,0x38E2,0x4102,0x38C1,0x38C0,0x4101,0x30A0,0x28A1,0x28E2,0x18A0,0x2101,0x20C1,
  0x2902,0x3163,0x3963,0x3163,0x3163,0x3983,0x3984,0x3143,0x20C1,0x20C1,0x3163,0x5266,
  0x4A25,0x5246,0x4A26,0x20C1,0x20E1,0x3984,0x3164,0x3984,0x3964,0x3143,0x3964,0x3964,
  0x3143,0x3143,0x2923,0x20C1,0x4A47,0x5287,0x5246,0x5267,0x5267,0x5246,0x5267,0x41E5,
  0x20C1,0x3163,0x41C5,0x3163,0x20E1,0x2922,0x3984,0x2922,0x2902,0x18A0,0x2922,0x2922,
  0x20E1,0x1060,0x18A0,0x3183,0x2102,0x2943,0x2102,0x2102,0x39A4,0x3184,0x3184,0x3143,
  0x2922,0x20C1,0x1880,0x2922,0x20C1,0x2922,0x20E2,0x2922,0x4A47,0x4A47,0x39C5,0x5267,
  0x5268,0x4A27,0x4A27,0x5268,0x4A47,0x2923,0x41C5,0x3164,0x3184,0x41E6,0x41E5,0x52A8,
  0x5247,0x39A4,0x20C1,0x20C1,0x3163,0x3162,0x3142,0x3142,0x3142,0x3142,0x3942,0x3962,
  0x3962,0x3983,0x3963,0x3963,0x3983,0x28E1,0x18A0,0x3963,0x3983,0x3142,0x3143,0x3142,
  0x2901,0x2901,0x3163,0x2922,0x3163,0x5247,0x20E1,0x20E1,0x2922,0x2922,0x2942,0x18C0,
  0x3183,0x5287,0x3184,0x3163,0x5268,0x3964,0x20A1,0x3143,0x3984,0x3944,0x3102,0x2080,
  0x28C1,0x4184,0x4184,0x3123,0x3963,0x3963,0x3122,0x3963,0x3143,0x20C1,0x41E6,0x5289,
  0x5227,0x28E3,0x3103,0x3944,0x3103,0x28E3,0x20A2,0x3104,0x20C2,0x18C1,0x3162,0x39C3,
  0x31A1,0x39C1,0x4203,0x41E3,0x3162,0x39A4,0x5267,0x4A26,0x39A3,0x39E3,0x39C2,0x39E4,
  0x18A1,0x18C1,0x2102,0x20E2,0x18C2,0x18C1,0x18C1,0x18C1,0x18C1,0x18C1,0x18A1,0x1080,
  0x1080,0x1881,0x1080,0x1060,0x18A1,0x20E2,0x18C1,0x20C2,0x20C2,0x18A1,0x20E2,0x20E2,
  0x2902,0x20C1,0x1880,0x2923,0x2902,0x1880,0x20C1,0x2102,0x18C1,0x1881,0x2903,0x20C2,
  0x18C1,0x20E2,0x39A5,0x5268,0x41C5,0x20E1,0x20C1,0x28E1,0x3102,0x3943,0x3923,0x30C1,
  0x30C1,0x30C1,0x3902,0x2880,0x2880,0x30C1,0x30C1,0x38C0,0x40E1,0x40E1,0x4922,0x3902,
  0x2880,0x38E2,0x3902,0x4102,0x4101,0x3080,0x2040,0x3102,0x28C1,0x20E1,0x3143,0x2101,
  0x3163,0x3984,0x3983,0x3963,0x3963,0x3163,0x3163,0x3143,0x2901,0x20E1,0x39C4,0x5266,
  0x4A25,0x5266,0x41E5,0x18A0,0x20E1,0x3984,0x3964,0x3143,0x3964,0x3964,0x3143,0x3123,
  0x3123,0x3143,0x20E2,0x2102,0x4A47,0x5267,0x4A46,0x5246,0x5246,0x5246,0x5267,0x3984,
  0x20C1,0x3984,0x3984,0x3143,0x2922,0x3143,0x2922,0x2902,0x3183,0x3143,0x18A0,0x20E1,
  0x3163,0x20E1,0x2922,0x2922,0x2102,0x2943,0x3184,0x2943,0x3143,0x20E1,0x1880,0x1880,
  0x20E1,0x2923,0x3143,0x41E5,0x3143,0x20E2,0x2943,0x2922,0x20E1,0x2122,0x39A5,0x4A47,
  0x4206,0x4A27,0x5247,0x5247,0x3144,0x20C2,0x20C2,0x20A1,0x3123,0x49E6,0x3143,0x3143,
  0x39A4,0x3984,0x3163,0x18A0,0x2921,0x3142,0x3963,0x3983,0x3983,0x3962,0x3962,0x3962,
  0x3963,0x3162,0x3163,0x3963,0x3983,0x3963,0x1880,0x20C1,0x3984,0x3143,0x3163,0x4206,
  0x3163,0x20C1,0x3983,0x3163,0x20C1,0x39C5,0x3184,0x2943,0x2101,0x2101,0x39A3,0x2121,
  0x18E0,0x4A26,0x41E5,0x3143,0x5247,0x3123,0x28E2,0x3964,0x3964,0x4185,0x4185,0x3923,
  0x28A1,0x3102,0x3123,0x2080,0x28C1,0x4184,0x3123,0x3963,0x3143,0x2080,0x49E6,0x5268,
  0x41C6,0x2903,0x3104,0x3924,0x3924,0x3104,0x28C3,0x2082,0x2903,0x2943,0x18C0,0x31A3,
  0x4203,0x39C1,0x39E2,0x2961,0x18A0,0x2942,0x3183,0x41E4,0x4204,0x3A03,0x31A1,0x39C2,
  0x18A1,0x18C1,0x20E2,0x20E2,0x20E2,0x18C2,0x18C1,0x18A1,0x10A1,0x18C1,0x10A1,0x1060,
  0x18C1,0x20E2,0x18C1,0x18C1,0x20E2,0x20C1,0x18A1,0x20C1,0x20C1,0x20C1,0x20E2,0x20E2,
  0x20E2,0x18A1,0x1880,0x2902,0x2923,0x1060,0x20C1,0x2102,0x1880,0x1880,0x20E2,0x20E2,
  0x18C2,0x1081,0x2923,0x20E2,0x18A0,0x20C1,0x3163,0x3163,0x20E1,0x20C1,0x28E2,0x3123,
  0x3102,0x3943,0x28C1,0x2060,0x28A0,0x30C1,0x38C1,0x38C0,0x40C0,0x4901,0x4102,0x4102,
  0x2880,0x38E2,0x4123,0x4102,0x2860,0x2020,0x28A1,0x3944,0x2902,0x18A0,0x2902,0x3163,
  0x3143,0x3163,0x3143,0x3163,0x3163,0x3143,0x3163,0x3143,0x20E1,0x2922,0x4A05,0x4A25,
  0x4A25,0x5246,0x3983,0x1880,0x2902,0x3163,0x2923,0x3964,0x3164,0x3123,0x3143,0x3143,
  0x2922,0x2923,0x18A1,0x2902,0x4A47,0x4A26,0x4A26,0x4A26,0x5246,0x5246,0x4A06,0x2902,
  0x20E2,0x3163,0x2923,0x3143,0x2922,0x3163,0x2902,0x20C1,0x3163,0x39A4,0x20E1,0x2922,
  0x2101,0x20E1,0x3163,0x18E1,0x18C0,0x18A0,0x18C1,0x10A0,0x18C1,0x2102,0x39A5,0x39C5,
  0x4A26,0x4A47,0x4A47,0x4A26,0x4A27,0x41E5,0x3163,0x2102,0x18E2,0x18E2,0x2964,0x4A47,
  0x4A27,0x4A27,0x4A27,0x39A5,0x20E2,0x3144,0x3964,0x3144,0x3123,0x5227,0x5247,0x3163,
  0x18A0,0x2902,0x3143,0x2922,0x3142,0x3983,0x3963,0x3962,0x3983,0x3963,0x3142,0x3983,
  0x3963,0x3983,0x3143,0x3963,0x39A4,0x3122,0x20A0,0x20C1,0x3123,0x3123,0x39A4,0x3143,
  0x20E2,0x1880,0x2101,0x3183,0x2101,0x2943,0x3163,0x2922,0x2102,0x20E1,0x3163,0x3163,
  0x2922,0x39C4,0x4205,0x2102,0x5227,0x3944,0x3103,0x3944,0x4185,0x4165,0x49A6,0x49A6,
  0x3944,0x1860,0x28E2,0x2081,0x1860,0x2080,0x20A1,0x3123,0x3123,0x20C1,0x4A06,0x5268,
  0x3124,0x20A2,0x3924,0x3924,0x30E3,0x28C2,0x28E3,0x1861,0x41C6,0x52A9,0x2942,0x2100,
  0x39E3,0x39C2,0x39C2,0x41E3,0x3182,0x18C0,0x2942,0x39C4,0x39C3,0x39C2,0x31A2,0x39C2,
  0x18C2,0x20E2,0x20E2,0x18C2,0x20E2,0x18C1,0x18A1,0x18C1,0x18C1,0x18A1,0x18A1,0x1080,
  0x1080,0x1080,0x1060,0x18A1,0x18C1,0x20C2,0x20E2,0x20E2,0x20C2,0x20E2,0x20E2,0x20E2,
  0x20E2,0x18A1,0x18A1,0x20E2,0x2922,0x18A0,0x18A0,0x2922,0x18A1,0x18A0,0x20E1,0x20E1,
  0x18C1,0x1080,0x1060,0x18C1,0x20E2,0x20A0,0x20E1,0x3163,0x3984,0x3984,0x3143,0x20E1,
  0x20A0,0x2902,0x3963,0x3963,0x2080,0x30C1,0x30C0,0x38C0,0x40E1,0x40E1,0x40E1,0x4943,
  0x3902,0x2060,0x30C1,0x2840,0x2020,0x3902,0x4163,0x3123,0x20E1,0x18A0,0x2922,0x3984,
  0x3163,0x3143,0x3963,0x3143,0x3143,0x3163,0x3984,0x3143,0x20C1,0x2922,0x5246,0x4A05,
  0x4A25,0x5246,0x2942,0x1880,0x2923,0x3164,0x3143,0x3164,0x3144,0x3143,0x3143,0x3143,
  0x2923,0x2923,0x18A1,0x3163,0x5267,0x4A26,0x4A26,0x4A26,0x4A26,0x5267,0x49E5,0x18A0,
  0x2922,0x3144,0x2902,0x2922,0x2942,0x39A4,0x3163,0x2101,0x3143,0x3163,0x20E1,0x2922,
  0x2902,0x18C1,0x20E1,0x2922,0x2942,0x39C5,0x2923,0x2943,0x2943,0x20E2,0x4206,0x5268,
  0x4A27,0x4A27,0x4A26,0x4A47,0x4A47,0x5268,0x39C5,0x2102,0x31A5,0x4227,0x2102,0x39C5,
  0x4A47,0x4A47,0x41C6,0x1060,0x28E2,0x3964,0x41A5,0x3964,0x20A1,0x4A06,0x4A47,0x5267,
  0x2902,0x20E1,0x3984,0x2902,0x20C1,0x2901,0x3983,0x3963,0x3122,0x3142,0x3983,0x3963,
  0x3163,0x3143,0x3984,0x3163,0x3163,0x3984,0x20C1,0x20C1,0x18A0,0x1880,0x20E2,0x2922,
  0x2923,0x2902,0x20E1,0x2101,0x2101,0x2102,0x18C1,0x20E1,0x2922,0x2922,0x2922,0x3183,
  0x3163,0x3163,0x4206,0x18C1,0x3964,0x3944,0x2061,0x3924,0x4185,0x3944,0x30E3,0x4165,
  0x3944,0x2081,0x3924,0x3923,0x3923,0x30E2,0x28C2,0x3102,0x3123,0x20E2,0x4A06,0x5289,
  0x49E6,0x1881,0x20A2,0x3944,0x20A2,0x1840,0x20C2,0x20C2,0x41A5,0x3163,0x2942,0x2962,
  0x39C3,0x39A2,0x39C2,0x39A2,0x41E4,0x31A3,0x39C4,0x31A3,0x39C3,0x31A2,0x31A1,0x39C3,
  0x18C1,0x20C2,0x20E2,0x20E2,0x18C2,0x20E2,0x18C1,0x18C1,0x20E2,0x18A1,0x18C1,0x20E2,
  0x18C2,0x18C1,0x18A1,0x18A1,0x1060,0x1880,0x20C2,0x20E2,0x20C1,0x20E2,0x20E2,0x20E2,
  0x20E2,0x2102,0x20E2,0x20C1,0x2902,0x2922,0x1080,0x2902,0x20C1,0x2902,0x20C1,0x18A0,
  0x18C1,0x18C1,0x1060,0x18C1,0x2902,0x2902,0x20E1,0x2922,0x3163,0x41C4,0x4205,0x39A3,
  0x3162,0x2901,0x28E1,0x3983,0x3122,0x2060,0x30C0,0x38C1,0x38A0,0x38C0,0x38E1,0x4964,
  0x3903,0x2881,0x3902,0x30E1,0x38E1,0x4984,0x4184,0x2902,0x20C1,0x2101,0x3143,0x3163,
  0x3984,0x3163,0x3984,0x3984,0x3163,0x3163,0x3163,0x3143,0x20C1,0x3143,0x4A46,0x4A05,
  0x4A25,0x5246,0x2901,0x18A0,0x3143,0x3143,0x2923,0x3163,0x2902,0x2923,0x3164,0x3163,
  0x2902,0x2902,0x18A1,0x39A4,0x5267,0x4A06,0x4A26,0x4A26,0x4A06,0x5267,0x41C5,0x18A0,
  0x2923,0x3143,0x2902,0x20C1,0x3143,0x41C5,0x39A4,0x2902,0x2922,0x2902,0x18C1,0x18C1,
  0x20E1,0x2101,0x2942,0x2942,0x4205,0x4A47,0x20E2,0x3184,0x3184,0x39C5,0x3184,0x41E6,
  0x2102,0x3184,0x4A67,0x4206,0x4A26,0x4206,0x4A47,0x39A5,0x39C5,0x4A68,0x3184,0x4206,
  0x4A27,0x4A47,0x41E6,0x20E2,0x2902,0x28E2,0x28E2,0x3964,0x28C2,0x3984,0x4A26,0x4A47,
  0x4A26,0x2102,0x18C1,0x3163,0x20E1,0x2922,0x20E1,0x3142,0x3983,0x3142,0x3142,0x3983,
  0x3963,0x20C0,0x2922,0x3963,0x3163,0x3143,0x3122,0x20C1,0x18A0,0x18A0,0x18A1,0x2922,
  0x3163,0x2943,0x2922,0x2101,0x20E1,0x2943,0x2102,0x20E1,0x18A0,0x2922,0x4205,0x4A46,
  0x39A4,0x2902,0x39A4,0x39A5,0x3123,0x3103,0x28C2,0x3924,0x4165,0x3103,0x1840,0x30E3,
  0x3924,0x3104,0x3944,0x3924,0x4165,0x3944,0x20A1,0x28E2,0x3123,0x2902,0x4A06,0x5248,
  0x5289,0x3144,0x1861,0x2081,0x1860,0x1881,0x20E2,0x20C2,0x2923,0x3183,0x4204,0x39C3,
  0x39C3,0x4203,0x39A2,0x39E3,0x39C3,0x4204,0x39E4,0x39E4,0x3182,0x31A2,0x39E3,0x39E3,
  0x20E2,0x18A1,0x1080,0x1080,0x1060,0x18A1,0x20C2,0x18C1,0x18C1,0x18A1,0x1081,0x1081,
  0x1080,0x18A1,0x18C1,0x20E2,0x18A1,0x18A1,0x20C1,0x20C1,0x20C1,0x20C1,0x18C1,0x18C1,
  0x18C1,0x2923,0x2923,0x18C1,0x2102,0x39A4,0x18C1,0x20E1,0x18A0,0x2922,0x20E1,0x18A0,
  0x18C1,0x1080,0x20E2,0x18A1,0x20C1,0x20E2,0x20E1,0x3163,0x3983,0x39C3,0x39A3,0x41C3,
  0x41E4,0x4A04,0x3983,0x39A3,0x41C4,0x2080,0x28A0,0x30C1,0x38C1,0x4102,0x38E2,0x30E2,
  0x2060,0x28A1,0x49A5,0x4163,0x4142,0x4983,0x3102,0x28E2,0x20E1,0x3143,0x3163,0x3143,
  0x3143,0x3984,0x3163,0x41A4,0x3963,0x3963,0x3163,0x2922,0x18A0,0x39A4,0x5246,0x4A05,
  0x4A05,0x4A46,0x2101,0x20C1,0x3143,0x2923,0x3163,0x3143,0x18C1,0x20C1,0x20E1,0x2102,
  0x3164,0x20E2,0x18A1,0x39C5,0x5267,0x4206,0x4A06,0x4A06,0x4A26,0x5246,0x3163,0x20C1,
  0x2943,0x2923,0x20C2,0x3143,0x41E5,0x41C5,0x3984,0x20E1,0x20E1,0x2902,0x2102,0x1880,
  0x2902,0x2922,0x3184,0x39A4,0x5267,0x39E5,0x3184,0x2943,0x18C1,0x39C5,0x2943,0x4206,
  0x31A5,0x3184,0x4226,0x5268,0x31A4,0x18C1,0x3164,0x2923,0x2943,0x5268,0x39A5,0x4A47,
  0x4A47,0x4A06,0x5247,0x4206,0x20C1,0x0820,0x20C1,0x18A1,0x28E2,0x39A5,0x4A26,0x41E5,
  0x41E5,0x4A26,0x3163,0x18A0,0x3163,0x5247,0x2902,0x2901,0x3983,0x3162,0x3142,0x3983,
  0x3163,0x2101,0x20C0,0x2902,0x3983,0x2902,0x3142,0x3143,0x3143,0x2942,0x20E1,0x2102,
  0x2102,0x18C0,0x2102,0x39C5,0x2102,0x18C1,0x2922,0x3163,0x18C1,0x20E1,0x4A46,0x5287,
  0x4A06,0x3184,0x2902,0x2923,0x20A1,0x28E2,0x3924,0x4165,0x4165,0x2081,0x2061,0x3104,
  0x3904,0x4145,0x3945,0x3924,0x4165,0x3945,0x20A1,0x3123,0x2902,0x2943,0x5268,0x4A48,
  0x4A48,0x5248,0x41A6,0x3144,0x3144,0x3984,0x5247,0x2923,0x2922,0x4204,0x39C3,0x39C3,
  0x39E3,0x39E3,0x31A2,0x39A2,0x39A2,0x39A3,0x39C3,0x2941,0x18C0,0x18E0,0x4204,0x39C3,
  0x20C2,0x1881,0x1080,0x20E2,0x18C1,0x1060,0x18A1,0x20E2,0x1080,0x18A1,0x20E2,0x18A1,
  0x1081,0x1081,0x1881,0x1080,0x18A1,0x1881,0x1860,0x18A1,0x20C2,0x18A1,0x20C1,0x18A1,
  0x18A1,0x3163,0x3164,0x18A0,0x18C1,0x39A4,0x2922,0x18A0,0x20C1,0x39A4,0x39C4,0x2902,
  0x18A0,0x1060,0x18A1,0x2102,0x18A1,0x18C1,0x20E1,0x3162,0x3142,0x3982,0x41C3,0x39A2,
  0x39A2,0x39C3,0x41C3,0x39A3,0x41E4,0x2922,0x1840,0x30A1,0x4123,0x30C1,0x2860,0x1820,
  0x1840,0x2081,0x3923,0x4143,0x4163,0x3922,0x28C1,0x28E1,0x2902,0x3163,0x3163,0x3163,
  0x3143,0x3984,0x3984,0x3984,0x3143,0x3963,0x3163,0x2902,0x1880,0x41E5,0x5246,0x4A25,
  0x4A25,0x4A46,0x2101,0x20E1,0x3143,0x2923,0x3143,0x2923,0x2102,0x41E6,0x39A5,0x20C1,
  0x20E2,0x18A1,0x18A1,0x39C5,0x5247,0x4206,0x4A06,0x4A06,0x4A26,0x4A06,0x20C1,0x2923,
  0x3164,0x2943,0x18C1,0x20C1,0x3163,0x2902,0x20E1,0x20C1,0x20E1,0x2922,0x2923,0x2922,
  0x2102,0x18C1,0x3163,0x39C4,0x4206,0x2923,0x39C5,0x5268,0x39C5,0x39E6,0x3184,0x52A9,
  0x2964,0x2123,0x2943,0x39C5,0x4A27,0x39C5,0x3184,0x20E1,0x20E1,0x3984,0x3163,0x4A26,
  0x4A27,0x4A06,0x4206,0x5247,0x4A26,0x3163,0x2923,0x3984,0x41E6,0x4A27,0x4A47,0x3163,
  0x2102,0x4206,0x5267,0x2943,0x2102,0x4A26,0x4A26,0x3163,0x3142,0x3983,0x3142,0x3163,
  0x3163,0x20C1,0x3983,0x2901,0x20C1,0x3163,0x2922,0x3163,0x3163,0x3183,0x20E1,0x2101,
  0x3184,0x2942,0x2922,0x2943,0x31A4,0x18C1,0x3184,0x39A4,0x2102,0x20E1,0x3163,0x4A26,
  0x4205,0x2922,0x2902,0x2902,0x20C2,0x30E3,0x3924,0x3944,0x4165,0x28A2,0x30C3,0x3924,
  0x3924,0x3945,0x28C3,0x28A2,0x3924,0x3124,0x1861,0x2923,0x20E2,0x3184,0x4A48,0x4A47,
  0x4A48,0x5268,0x5268,0x5289,0x3144,0x39C5,0x5268,0x4A47,0x20E1,0x2961,0x39C2,0x3182,
  0x39C3,0x39E3,0x39A2,0x39C3,0x3182,0x39E3,0x39C3,0x2120,0x41E4,0x18E1,0x2942,0x39C3,
  0x18A1,0x1881,0x20C2,0x3985,0x41A6,0x20C2,0x1881,0x20E2,0x1040,0x1060,0x20C2,0x20C2,
  0x20E2,0x20E2,0x20C2,0x20C2,0x20C2,0x20C2,0x1880,0x18A1,0x20E2,0x20C1,0x20C1,0x18C1,
  0x18C1,0x3184,0x3183,0x18C0,0x1080,0x3163,0x3163,0x18A0,0x20E1,0x3983,0x3163,0x18C0,
  0x20C1,0x3143,0x18A0,0x18A1,0x20E2,0x18A1,0x1880,0x3142,0x3182,0x3162,0x41C3,0x39A2,
  0x41C3,0x39A3,0x41C3,0x39A3,0x39A3,0x39A3,0x2080,0x2040,0x30C1,0x30C1,0x2880,0x28C1,
  0x28A1,0x28C1,0x3102,0x4184,0x4163,0x2080,0x28E1,0x28E2,0x28E2,0x3143,0x3143,0x3143,
  0x3143,0x3143,0x3164,0x3984,0x3164,0x3143,0x3163,0x2902,0x20C1,0x4A05,0x4A26,0x4A05,
  0x4A26,0x5226,0x28E1,0x2902,0x3143,0x2923,0x2923,0x3143,0x20C1,0x4206,0x52AA,0x4A47,
  0x20E2,0x18C1,0x2102,0x39C5,0x5247,0x4A06,0x4A26,0x4A26,0x5226,0x39A4,0x20E1,0x3163,
  0x2923,0x20C1,0x1880,0x18A0,0x18A0,0x1080,0x20E1,0x2923,0x2923,0x2943,0x20E1,0x2922,
  0x2922,0x3143,0x3184,0x2943,0x20E2,0x2923,0x4A47,0x5288,0x4A47,0x39C5,0x4A47,0x4A26,
  0x39C5,0x39E6,0x20E2,0x2123,0x4A27,0x4A27,0x5267,0x5247,0x3184,0x3164,0x39C5,0x4206,
  0x4A26,0x4A47,0x4A47,0x39C5,0x39C5,0x5268,0x4A47,0x5248,0x5227,0x41E6,0x4A27,0x4A27,
  0x2102,0x41E5,0x4A67,0x3163,0x39C4,0x5247,0x4A26,0x3143,0x3163,0x3163,0x2922,0x3143,
  0x2922,0x20C1,0x41C5,0x3163,0x18A0,0x3142,0x3142,0x3142,0x3984,0x3984,0x3143,0x2102,
  0x18C1,0x39A4,0x4206,0x3163,0x3163,0x2102,0x2102,0x3143,0x2101,0x3163,0x2922,0x18C0,
  0x39A4,0x2902,0x20C1,0x3143,0x3944,0x3944,0x4165,0x3924,0x3944,0x28E3,0x28E2,0x20A1,
  0x3103,0x28E2,0x28E2,0x2081,0x3144,0x20A2,0x1881,0x2923,0x2102,0x39E6,0x5289,0x5268,
  0x5268,0x4A48,0x4A48,0x5288,0x39A5,0x3184,0x4A27,0x5268,0x39C4,0x18E0,0x39E3,0x4203,
  0x39E3,0x39A2,0x41E3,0x39C2,0x39C2,0x39C3,0x2961,0x18C0,0x39C4,0x39A3,0x18E0,0x31A2,
  0x20C2,0x1881,0x2903,0x41C6,0x49C6,0x3124,0x1820,0x28E3,0x3104,0x30E3,0x28E3,0x1840,
  0x20A1,0x20C2,0x18A1,0x20C2,0x18A1,0x28E2,0x20C2,0x18A1,0x20E2,0x20E2,0x20E1,0x18A0,
  0x20E1,0x39A4,0x3983,0x2901,0x20E1,0x2942,0x3183,0x20C0,0x20E0,0x39A3,0x2942,0x20E1,
  0x2922,0x2902,0x20E2,0x18A1,0x2103,0x20E2,0x18A0,0x2101,0x3142,0x3982,0x39A3,0x3983,
  0x41C3,0x39A3,0x39A3,0x39A3,0x39A2,0x41C3,0x3142,0x28A1,0x2060,0x3102,0x3943,0x4143,
  0x28C1,0x28A0,0x3943,0x3923,0x28C1,0x28E2,0x3143,0x20C1,0x3123,0x3143,0x2902,0x2922,
  0x2922,0x2923,0x2943,0x3144,0x3144,0x3164,0x3164,0x20E2,0x18C1,0x4A05,0x4A26,0x4A05,
  0x4A26,0x49E5,0x20C1,0x2902,0x2902,0x2923,0x3143,0x2923,0x18A1,0x41E6,0x4A48,0x39A5,
  0x18C1,0x2922,0x3163,0x41A4,0x5226,0x4A06,0x5226,0x4A06,0x5227,0x3984,0x20E2,0x2922,
  0x2943,0x20E1,0x2922,0x4205,0x39C4,0x18E1,0x3163,0x20E2,0x2903,0x2943,0x20E1,0x2922,
  0x18E0,0x2922,0x2102,0x39A5,0x2903,0x18A1,0x3164,0x5268,0x2943,0x39A4,0x39A4,0x39C5,
  0x52A8,0x2923,0x2964,0x4206,0x4207,0x4206,0x4206,0x4A47,0x5288,0x4A67,0x4206,0x3184,
  0x5268,0x4A27,0x39C5,0x2964,0x4206,0x4A27,0x41E6,0x41E6,0x4A07,0x5248,0x4A27,0x4A27,
  0x2923,0x2122,0x4A67,0x39C4,0x18E1,0x4A26,0x5247,0x3984,0x3984,0x3964,0x20E1,0x2902,
  0x2922,0x20E1,0x39A4,0x41C5,0x20C1,0x20E1,0x3143,0x18A1,0x2902,0x3184,0x3143,0x3163,
  0x2902,0x18C1,0x2902,0x4205,0x3184,0x3163,0x2102,0x2922,0x2942,0x2942,0x4A05,0x2902,
  0x20E1,0x39A5,0x20C1,0x20A1,0x4185,0x3924,0x3924,0x3124,0x28E2,0x20C1,0x3184,0x2943,
  0x2101,0x20E1,0x20E1,0x18A1,0x20A1,0x1881,0x3143,0x4206,0x2943,0x2903,0x4A28,0x3165,
  0x41C6,0x5268,0x4A27,0x4A68,0x4206,0x3164,0x4A27,0x5268,0x39A4,0x2962,0x39E3,0x39A2,
  0x39C2,0x39C3,0x39C3,0x39C2,0x31A2,0x31A2,0x31A2,0x2121,0x18E0,0x2962,0x39C3,0x31A2,
  0x20E2,0x1060,0x3123,0x41A5,0x3965,0x3965,0x3104,0x3944,0x3944,0x3124,0x3124,0x20A1,
  0x20A1,0x2903,0x20E2,0x20C2,0x20C2,0x20C1,0x20E2,0x20C1,0x18A1,0x2102,0x2102,0x18A0,
  0x2101,0x39A4,0x3983,0x20E1,0x3142,0x3183,0x3983,0x2101,0x18C0,0x39A3,0x3183,0x2942,
  0x2922,0x18A0,0x2902,0x20E2,0x1881,0x20E2,0x20C1,0x18C0,0x20C0,0x3983,0x3982,0x3162,
  0x39A3,0x39A3,0x39A3,0x41E4,0x39A3,0x39A3,0x41A4,0x41A4,0x28C1,0x2080,0x30E2,0x28E1,
  0x2060,0x20A0,0x28E2,0x3122,0x3122,0x2902,0x2902,0x2943,0x3164,0x3123,0x3143,0x3163,
  0x2922,0x3143,0x2943,0x2903,0x2102,0x18A1,0x2923,0x20E1,0x20C1,0x4A06,0x4A26,0x4A05,
  0x5226,0x39A4,0x1880,0x2923,0x2923,0x2923,0x2923,0x3164,0x20C2,0x2102,0x20E2,0x1060,
  0x18C1,0x3184,0x3143,0x41E5,0x5226,0x4A06,0x4A06,0x5247,0x4A06,0x2923,0x2943,0x4207,
  0x41E5,0x39A4,0x41E5,0x4205,0x41E4,0x3163,0x4A47,0x4A47,0x39C6,0x2923,0x2922,0x4A26,
  0x3183,0x3183,0x18A0,0x2102,0x2903,0x20E2,0x41E6,0x5267,0x2922,0x41E5,0x41E5,0x4A26,
  0x5267,0x3184,0x2102,0x41E6,0x4207,0x4206,0x4A47,0x4A26,0x4226,0x4A47,0x4A26,0x2102,
  0x3184,0x3164,0x2943,0x4206,0x4A27,0x4206,0x4A27,0x4A07,0x41A5,0x3123,0x4A28,0x4207,
  0x2943,0x18C1,0x39E5,0x39C4,0x2122,0x3183,0x5288,0x3163,0x2902,0x41C5,0x20E1,0x20E1,
  0x2902,0x18A1,0x2902,0x4A06,0x3163,0x20C1,0x2902,0x2922,0x18A0,0x3143,0x3163,0x3163,
  0x2922,0x1880,0x20E1,0x39A4,0x41E5,0x39C4,0x39A4,0x3163,0x20E1,0x2942,0x41C4,0x39A4,
  0x1060,0x2922,0x41C5,0x20C1,0x3103,0x3944,0x1840,0x2081,0x2902,0x3184,0x41E5,0x39E5,
  0x31A4,0x3183,0x3183,0x3164,0x3184,0x3143,0x39A5,0x39A4,0x28E2,0x20A1,0x28E3,0x1881,
  0x18A2,0x5248,0x4A27,0x4A48,0x41E6,0x3164,0x41E6,0x39A5,0x2922,0x39A3,0x39E3,0x39C3,
  0x39C3,0x39E3,0x39C2,0x4203,0x39C3,0x31A2,0x39E3,0x39E3,0x3182,0x2962,0x39C3,0x39C3,
  0x2903,0x18A1,0x20C2,0x41A5,0x3965,0x3965,0x4185,0x3965,0x3965,0x3124,0x20A2,0x1881,
  0x18A1,0x2902,0x20E2,0x18A1,0x20C1,0x1880,0x20C1,0x3163,0x20C1,0x18C1,0x18C1,0x18C0,
  0x2922,0x3163,0x3163,0x20E0,0x2942,0x39A4,0x39C4,0x2922,0x18C0,0x39C3,0x3183,0x3983,
  0x2942,0x3143,0x2943,0x1080,0x18A1,0x1880,0x18A0,0x20E1,0x2942,0x39A3,0x3162,0x3162,
  0x41C4,0x39C4,0x39C4,0x39A3,0x39C3,0x39A3,0x3983,0x39A4,0x3983,0x1880,0x20A0,0x3102,
  0x20C1,0x20A1,0x3984,0x3964,0x2902,0x20E1,0x2923,0x3163,0x3163,0x2943,0x3163,0x3163,
  0x3163,0x3184,0x2943,0x20E2,0x3144,0x41E6,0x4A06,0x20C1,0x20C1,0x4A26,0x41E5,0x41E5,
  0x5247,0x3984,0x1880,0x3143,0x2923,0x2923,0x2903,0x2923,0x3164,0x20C2,0x20E2,0x20E2,
  0x1080,0x39C5,0x2923,0x41E5,0x4A06,0x4A26,0x5247,0x4A06,0x3143,0x4207,0x5268,0x5289,
  0x4A68,0x39C5,0x3163,0x3163,0x2942,0x41E6,0x4A27,0x3164,0x4207,0x39C5,0x2923,0x39E5,
  0x41E5,0x2943,0x39A4,0x39C5,0x1881,0x3164,0x3184,0x39A5,0x4A06,0x3984,0x41E5,0x5288,
  0x5288,0x5288,0x41E6,0x18C1,0x41E6,0x4A47,0x4206,0x4206,0x4A27,0x4A27,0x4A47,0x39A5,
  0x2923,0x3184,0x4A27,0x4A27,0x41E6,0x4A47,0x3984,0x20A1,0x2903,0x20C2,0x28E3,0x3144,
  0x3984,0x3183,0x18E1,0x2101,0x39C4,0x20E1,0x41E5,0x41C5,0x20C1,0x20E1,0x2922,0x2101,
  0x2922,0x20E1,0x1880,0x3143,0x39A4,0x20C1,0x20E1,0x3143,0x20C1,0x2102,0x3163,0x2922,
  0x39C4,0x39A4,0x3183,0x2963,0x39E4,0x3183,0x39C4,0x39E4,0x2921,0x2101,0x39A4,0x4205,
  0x3163,0x2922,0x4A06,0x2922,0x1880,0x30E3,0x28C2,0x3964,0x49E6,0x39A5,0x3984,0x39A4,
  0x39A4,0x39A4,0x39A4,0x39E5,0x39C5,0x39A4,0x39A4,0x3123,0x2903,0x3964,0x30E3,0x3945,
  0x1841,0x3144,0x4A27,0x4A47,0x41E6,0x2964,0x2102,0x3184,0x39C4,0x3183,0x39C3,0x39E3,
  0x31A2,0x31A2,0x39E3,0x39C3,0x39A2,0x31A2,0x31A2,0x3182,0x39C3,0x39A3,0x3182,0x31A2,
  0x20C2,0x20C2,0x1881,0x28E3,0x20A1,0x3103,0x28E3,0x28C2,0x28E3,0x20A2,0x28E2,0x18A1,
  0x20E2,0x18C1,0x1880,0x18A1,0x20C1,0x20C1,0x18C1,0x39C5,0x3143,0x18C0,0x20C1,0x18C1,
  0x3163,0x3183,0x3162,0x20E0,0x3183,0x39A3,0x3163,0x3163,0x20E0,0x39A3,0x3183,0x39A3,
  0x3183,0x2101,0x39A4,0x20E1,0x20E1,0x20C1,0x20C1,0x18C0,0x3983,0x39A3,0x39C3,0x3983,
  0x3163,0x41E5,0x41E5,0x3183,0x39A3,0x39C4,0x39A3,0x39A3,0x39A3,0x20E0,0x2922,0x41E5,
  0x3163,0x18A1,0x2922,0x20C1,0x20E2,0x2943,0x3163,0x2943,0x3163,0x3164,0x3164,0x2923,
  0x20E2,0x20E1,0x39C5,0x4A68,0x5268,0x5289,0x5289,0x2923,0x2901,0x4A05,0x41E5,0x41E5,
  0x5247,0x2922,0x1880,0x2922,0x2902,0x2923,0x2923,0x2102,0x2903,0x20E2,0x18C1,0x18A1,
  0x3184,0x4206,0x18C1,0x39A5,0x4A06,0x4A06,0x4A27,0x2902,0x18C2,0x3185,0x3164,0x4A68,
  0x5289,0x4A47,0x39A4,0x41E5,0x4A67,0x5288,0x5289,0x39C6,0x18C2,0x18C2,0x3164,0x41E5,
  0x31A4,0x2963,0x4A26,0x4A26,0x20E2,0x2943,0x18E2,0x4A47,0x5288,0x5288,0x4226,0x2943,
  0x4A47,0x5288,0x39E6,0x2943,0x4206,0x4206,0x41E5,0x4206,0x4226,0x4A26,0x4A27,0x5247,
  0x41C5,0x41E6,0x4A06,0x41E6,0x39C5,0x4A07,0x3964,0x20C2,0x28E2,0x3985,0x2903,0x18A1,
  0x2943,0x41E5,0x2101,0x2922,0x41E5,0x3163,0x20C0,0x3163,0x39A4,0x20E1,0x2101,0x2101,
  0x2902,0x3143,0x2942,0x2922,0x41C5,0x20E1,0x3163,0x2101,0x3184,0x2942,0x20E1,0x2942,
  0x2922,0x39A4,0x2963,0x2962,0x3183,0x2963,0x39C4,0x39C4,0x39A4,0x2942,0x39C4,0x41E4,
  0x39C4,0x39A4,0x39A4,0x3183,0x41A5,0x3103,0x28C2,0x28E2,0x28E2,0x2903,0x41E6,0x3164,
  0x3143,0x39A4,0x39A4,0x39C4,0x39A4,0x39C4,0x3143,0x28E2,0x4144,0x4165,0x4165,0x3945,
  0x3104,0x1881,0x41A6,0x5268,0x4206,0x2943,0x2102,0x3184,0x39C5,0x39C4,0x39E3,0x39E3,
  0x39C3,0x3182,0x39A3,0x39A2,0x39A2,0x39C3,0x39C3,0x31A2,0x31A2,0x31A2,0x39C3,0x31A2,
  0x20E2,0x2902,0x20C2,0x20A1,0x1840,0x20C1,0x2903,0x20A1,0x20A1,0x1860,0x1881,0x20C1,
  0x3143,0x20E1,0x18C1,0x2902,0x2102,0x20C1,0x18A0,0x3984,0x3984,0x2102,0x3163,0x20E1,
  0x3183,0x39A3,0x2942,0x2121,0x39C4,0x2942,0x2101,0x39A4,0x2942,0x39A3,0x39C4,0x3182,
  0x3183,0x2921,0x2101,0x39C4,0x2102,0x18C0,0x18C0,0x20E1,0x39C4,0x3983,0x39C4,0x3183,
  0x18C0,0x39C4,0x41E5,0x3183,0x3163,0x39C4,0x39A3,0x39A3,0x41E4,0x3163,0x18C0,0x39C5,
  0x41C5,0x2102,0x3163,0x2902,0x2102,0x2943,0x2943,0x2963,0x3164,0x39A4,0x3163,0x18C1,
  0x3164,0x4A47,0x5268,0x5268,0x5289,0x5268,0x4A27,0x20E1,0x3163,0x4A26,0x4A05,0x4A06,
  0x41E5,0x20C1,0x18A1,0x2923,0x3143,0x3164,0x39A5,0x3144,0x2903,0x3164,0x2102,0x1060,
  0x39A5,0x41E6,0x18A0,0x39C5,0x4A26,0x41C5,0x4A06,0x3184,0x2923,0x20E2,0x39A5,0x4A27,
  0x2943,0x20E1,0x20E1,0x4A27,0x5288,0x4A47,0x4A27,0x5289,0x31A5,0x18C1,0x41E6,0x39C5,
  0x2942,0x39C4,0x4226,0x4206,0x4A47,0x39C5,0x18E2,0x39A5,0x3184,0x39C5,0x4A47,0x2902,
  0x18C1,0x31A4,0x4A27,0x4A47,0x4226,0x4206,0x4205,0x4205,0x4206,0x4A47,0x4A47,0x4A06,
  0x41C5,0x4A27,0x41E6,0x41E6,0x41E6,0x4A06,0x3164,0x3144,0x3144,0x3944,0x3985,0x20C2,
  0x18C1,0x20E1,0x2922,0x2962,0x39A3,0x39C4,0x20C1,0x1880,0x41E5,0x3183,0x18C0,0x2101,
  0x20C1,0x2101,0x3143,0x20C1,0x2922,0x1880,0x3163,0x2922,0x41E5,0x2922,0x2922,0x39C4,
  0x1060,0x3183,0x39C4,0x3183,0x2942,0x39C4,0x2942,0x3183,0x39C4,0x3183,0x3143,0x3983,
  0x41C4,0x3984,0x3163,0x39A4,0x2902,0x20A1,0x3103,0x28C2,0x20A1,0x20A1,0x3144,0x1881,
  0x18A1,0x20C1,0x2943,0x39C5,0x39C4,0x3183,0x20C0,0x28C2,0x3924,0x3924,0x4125,0x3924,
  0x30E3,0x28C3,0x3144,0x3164,0x4206,0x31A5,0x2963,0x18C1,0x2943,0x3183,0x3182,0x2962,
  0x39C3,0x39C3,0x3182,0x39A3,0x39A3,0x31A3,0x31A3,0x31A2,0x39C3,0x3182,0x3182,0x31A2,
  0x20E2,0x20C2,0x20E2,0x2902,0x20A1,0x28E2,0x3144,0x20A1,0x20C2,0x28E2,0x2903,0x20C1,
  0x20E1,0x18C1,0x18A0,0x2922,0x2922,0x18A1,0x18C1,0x2922,0x3163,0x3163,0x39A4,0x2942,
  0x3183,0x3162,0x3182,0x39A3,0x3183,0x2942,0x2101,0x39A4,0x39A4,0x2942,0x39C3,0x39A3,
  0x39A3,0x39A3,0x20E0,0x39C4,0x39C4,0x2101,0x18A0,0x2921,0x41E4,0x41E4,0x2921,0x3183,
  0x2942,0x2942,0x4205,0x39A4,0x3183,0x39E4,0x39E4,0x39E3,0x39C4,0x39C4,0x2101,0x2102,
  0x39A5,0x2902,0x18A1,0x20E2,0x2943,0x2923,0x2943,0x2943,0x3143,0x2922,0x20E2,0x41E5,
  0x5288,0x5268,0x4A48,0x5268,0x4A48,0x5268,0x4A47,0x20E1,0x39A4,0x4A05,0x4205,0x4A26,
  0x3984,0x18A0,0x3163,0x39A4,0x39C5,0x39C5,0x4206,0x4A27,0x4A27,0x4A27,0x2943,0x18C1,
  0x2923,0x3164,0x18A1,0x41E5,0x4A06,0x41E5,0x41E6,0x4A27,0x3985,0x1081,0x2102,0x18A1,
  0x1080,0x41E5,0x2943,0x4206,0x3184,0x18A1,0x2923,0x20E2,0x2123,0x2103,0x41E6,0x2922,
  0x20E1,0x4206,0x4A67,0x4206,0x41E5,0x4206,0x2122,0x1080,0x2102,0x20C1,0x20C1,0x3164,
  0x4A06,0x39A4,0x41E5,0x41E5,0x4A26,0x4226,0x4205,0x4226,0x4206,0x41E5,0x4A26,0x4A06,
  0x4A06,0x4A27,0x4A27,0x4A27,0x4A06,0x4A06,0x2903,0x1860,0x3144,0x3144,0x3944,0x2903,
  0x2923,0x2102,0x18C0,0x3163,0x39A4,0x39A4,0x2922,0x1060,0x2922,0x4206,0x3163,0x18A0,
  0x20C1,0x20E1,0x39C4,0x3983,0x3143,0x20E1,0x20E1,0x2922,0x4A46,0x3163,0x2943,0x3184,
  0x2922,0x2922,0x2942,0x31A4,0x2963,0x41E5,0x2942,0x41C5,0x41C5,0x20C1,0x1880,0x3143,
  0x39C4,0x41C5,0x3184,0x18A0,0x1880,0x28E2,0x3123,0x4185,0x3944,0x2081,0x20A2,0x28E3,
  0x3123,0x1881,0x2923,0x39C5,0x39A4,0x31A3,0x2902,0x28A1,0x3944,0x3924,0x3904,0x3104,
  0x28E3,0x28C2,0x20C2,0x2923,0x39C5,0x3184,0x4206,0x39C5,0x2963,0x20E1,0x18A0,0x2101,
  0x18C0,0x3183,0x39C4,0x3183,0x39A3,0x39C4,0x39A3,0x31A2,0x39E4,0x39A3,0x3182,0x3182,
  0x20E2,0x2102,0x20E2,0x20E2,0x1880,0x20E2,0x20C2,0x20C1,0x3123,0x2923,0x2923,0x18A0,
  0x20E1,0x2101,0x20C1,0x20E1,0x2902,0x18C1,0x2102,0x20E1,0x2922,0x3163,0x3183,0x3183,
  0x3183,0x2100,0x3162,0x41E4,0x2101,0x2921,0x2101,0x2922,0x39A3,0x2942,0x3162,0x39A3,
  0x39A3,0x3183,0x39C3,0x39A3,0x39C4,0x39C4,0x3183,0x2121,0x2942,0x3183,0x2921,0x3183,
  0x39C4,0x20E1,0x39E4,0x3163,0x3163,0x39C4,0x39A3,0x39C3,0x3182,0x39A3,0x39A4,0x18A0,
  0x2943,0x2923,0x2102,0x3164,0x20E2,0x2923,0x2922,0x2922,0x2923,0x2923,0x3184,0x5268,
  0x5268,0x5268,0x5268,0x5268,0x5268,0x5289,0x3184,0x1880,0x4205,0x4A26,0x41E5,0x4A26,
  0x3163,0x20E1,0x4A06,0x4A27,0x41E6,0x3164,0x2922,0x39C5,0x41E6,0x41E6,0x20E1,0x2923,
  0x39A4,0x2923,0x20E2,0x41E5,0x4A05,0x4A26,0x41A5,0x4A06,0x3164,0x18A1,0x3164,0x3184,
  0x3163,0x2922,0x2902,0x2922,0x2943,0x39C5,0x41E6,0x20E2,0x2943,0x2964,0x4206,0x31A4,
  0x2942,0x4205,0x4205,0x4226,0x4205,0x4206,0x4206,0x20C1,0x3964,0x41C5,0x2902,0x20C1,
  0x39A5,0x4A27,0x4206,0x4206,0x4A26,0x4206,0x4205,0x41E5,0x4226,0x4A26,0x4A06,0x4A06,
  0x41A5,0x2903,0x41C5,0x41C5,0x41C5,0x4A27,0x41A5,0x20C2,0x3944,0x3124,0x28C2,0x2923,
  0x3964,0x41C5,0x3163,0x18C0,0x39C4,0x41C5,0x2922,0x28E2,0x20C1,0x2922,0x41C5,0x2922,
  0x2942,0x2922,0x3163,0x3984,0x41E5,0x39A4,0x2922,0x2942,0x4205,0x3163,0x3163,0x2942,
  0x39C4,0x39A4,0x18C0,0x39C4,0x3183,0x39A4,0x2902,0x3143,0x3123,0x20A1,0x3102,0x28E2,
  0x3984,0x3964,0x41E5,0x2943,0x1880,0x3123,0x3123,0x3944,0x3924,0x3924,0x3924,0x3924,
  0x3965,0x28E2,0x2923,0x3164,0x2942,0x39C4,0x3163,0x1860,0x28C2,0x3103,0x28A2,0x2082,
  0x28E3,0x28C2,0x3144,0x2923,0x3184,0x4206,0x4227,0x5268,0x4A27,0x18C1,0x2963,0x5267,
  0x18E1,0x2922,0x39A4,0x39A4,0x39C4,0x2942,0x2101,0x2121,0x3183,0x3183,0x3182,0x3182,
  0x1080,0x18C1,0x2102,0x20E1,0x1880,0x20C1,0x18C1,0x20E1,0x2902,0x20C1,0x20E1,0x20E1,
  0x20E1,0x39A4,0x39A4,0x1080,0x18C1,0x18C0,0x3163,0x2922,0x2922,0x3162,0x31A3,0x3183,
  0x3183,0x20E0,0x18E0,0x39C4,0x39A3,0x18A0,0x2101,0x3183,0x2921,0x31A3,0x2942,0x2941,
  0x2921,0x3183,0x3183,0x3183,0x39A3,0x39A3,0x3183,0x2921,0x3162,0x2121,0x2101,0x3183,
  0x2942,0x20E1,0x3183,0x2962,0x2942,0x39C4,0x3183,0x31A3,0x39A3,0x3183,0x39A4,0x2102,
  0x18A1,0x2923,0x20C2,0x2903,0x2902,0x2902,0x2922,0x2923,0x2923,0x20C2,0x41E6,0x5268,
  0x5268,0x4A47,0x4A48,0x5268,0x4A48,0x39C5,0x18A1,0x20E1,0x4A26,0x4A05,0x41E5,0x4A26,
  0x2922,0x2102,0x4A06,0x41E6,0x41E5,0x2923,0x2943,0x18A0,0x2102,0x20E2,0x18A1,0x3163,
  0x3184,0x2943,0x3143,0x4A06,0x49E5,0x41E5,0x41C5,0x4A26,0x2102,0x2102,0x3184,0x2922,
  0x3163,0x3983,0x20E1,0x1060,0x41E5,0x4A67,0x4206,0x3184,0x3184,0x2943,0x41E5,0x3163,
  0x3183,0x4A26,0x41E4,0x4205,0x4205,0x4A26,0x41E5,0x1880,0x3964,0x3123,0x20C1,0x28C2,
  0x1860,0x3164,0x4A06,0x41E6,0x4A26,0x4206,0x4A06,0x4A26,0x4A26,0x4206,0x4A27,0x41E5,
  0x28E2,0x1880,0x20E2,0x20A1,0x3144,0x41E6,0x2903,0x20E2,0x2903,0x20A1,0x1040,0x1861,
  0x39A5,0x3184,0x39A4,0x2943,0x20E1,0x39A4,0x3143,0x20E2,0x3123,0x1060,0x2923,0x39A4,
  0x39C4,0x39C4,0x3163,0x2922,0x2922,0x3163,0x2922,0x3163,0x39C4,0x2942,0x3183,0x2963,
  0x3163,0x3183,0x2963,0x2942,0x39A4,0x39A5,0x20C1,0x20C1,0x3123,0x3923,0x3964,0x28C2,
  0x2081,0x20C1,0x2922,0x3984,0x18A1,0x3944,0x3965,0x3924,0x30E3,0x3924,0x3924,0x3904,
  0x3924,0x3944,0x28E2,0x20E2,0x3163,0x39A4,0x3184,0x3143,0x28E2,0x28E3,0x2081,0x1861,
  0x28E3,0x3164,0x39A5,0x3164,0x2922,0x31A4,0x4A47,0x4A06,0x4206,0x20E2,0x39A5,0x3184,
  0x2922,0x39A4,0x39C5,0x39A4,0x2101,0x18A0,0x20E1,0x18C0,0x18A0,0x2942,0x31A3,0x3182,
  0x18A0,0x18A0,0x20C1,0x20C1,0x1880,0x20C1,0x18A1,0x20E1,0x2102,0x20C1,0x3184,0x2942,
  0x2922,0x31A4,0x41E5,0x2963,0x18C0,0x18A0,0x39A4,0x39A4,0x3163,0x2962,0x2942,0x3183,
  0x3183,0x2942,0x18C0,0x20E0,0x39E4,0x3183,0x18A0,0x39A4,0x3162,0x31A3,0x2962,0x2100,
  0x18C0,0x20E0,0x39E4,0x3163,0x18C0,0x39A3,0x39A4,0x2962,0x3163,0x41E5,0x2101,0x3183,
  0x2942,0x2942,0x2942,0x2942,0x39A4,0x39C4,0x3183,0x39A3,0x3983,0x3163,0x39A4,0x2943,
  0x20E2,0x2903,0x18A1,0x2923,0x2923,0x3143,0x3143,0x2923,0x20E2,0x20E2,0x4A47,0x4A68,
  0x5268,0x4A68,0x4A47,0x39A5,0x2103,0x18A1,0x18A0,0x2923,0x4A26,0x41E5,0x4A26,0x4206,
  0x20E1,0x2102,0x39A4,0x18A1,0x20E2,0x31A5,0x4A68,0x39A5,0x41E6,0x2922,0x2922,0x20C1,
  0x2922,0x3143,0x3143,0x49E5,0x41C5,0x41C5,0x41E5,0x41C5,0x18A0,0x2943,0x2943,0x2922,
  0x3142,0x3983,0x41C4,0x3143,0x18C1,0x41E5,0x4206,0x31A4,0x2943,0x2943,0x39C5,0x20E1,
  0x3163,0x4A26,0x39C4,0x39C4,0x41E5,0x4205,0x3143,0x3123,0x28E2,0x2081,0x20A2,0x3944,
  0x20C2,0x20A1,0x2902,0x41E5,0x4A06,0x41E5,0x41E6,0x4206,0x4226,0x4A26,0x41E6,0x2923,
  0x3103,0x3123,0x28E2,0x20C2,0x20C2,0x20E2,0x20C2,0x1881,0x1860,0x20A2,0x28E3,0x1881,
  0x2923,0x39A4,0x3163,0x41E5,0x2922,0x20E2,0x3964,0x1860,0x20A1,0x20A1,0x1861,0x20E2,
  0x39A4,0x41E5,0x41E5,0x4A26,0x4205,0x39C4,0x2942,0x20E1,0x2101,0x3183,0x31A4,0x18C0,
  0x39C4,0x2922,0x3163,0x2102,0x41C5,0x3143,0x3123,0x3944,0x3924,0x3103,0x3944,0x3924,
  0x2903,0x28E2,0x1881,0x41C5,0x2903,0x3123,0x28E3,0x28C2,0x20A2,0x30E3,0x4145,0x4165,
  0x3103,0x3944,0x28E2,0x20C1,0x39A4,0x39C4,0x3184,0x3143,0x39A5,0x41C6,0x3144,0x20C2,
  0x41C6,0x5268,0x3184,0x2102,0x2943,0x2943,0x4A27,0x4A27,0x4A07,0x2923,0x39A5,0x3164,
  0x2102,0x39C5,0x39A4,0x18C1,0x1080,0x2122,0x2922,0x2942,0x18A0,0x18C0,0x39A3,0x3162,
  0x2102,0x2943,0x18C1,0x10A0,0x18C1,0x20E1,0x1080,0x2922,0x3183,0x2102,0x39C5,0x18C0,
  0x3163,0x39C4,0x3183,0x39E5,0x31A4,0x18A0,0x2942,0x31A3,0x3183,0x2942,0x20E0,0x2101,
  0x3162,0x3182,0x2101,0x18C0,0x2922,0x39A4,0x10A0,0x20E1,0x31A3,0x2942,0x3182,0x2101,
  0x2101,0x18E0,0x2101,0x39A4,0x2942,0x20E0,0x39A4,0x39A4,0x2122,0x39A4,0x2942,0x2922,
  0x31A3,0x39C4,0x39A3,0x2922,0x2943,0x3143,0x41A4,0x39A4,0x3984,0x39A4,0x39A4,0x3184,
  0x2902,0x2923,0x1080,0x20E2,0x20C1,0x20A1,0x18A1,0x20A1,0x1060,0x39A5,0x5268,0x4A47,
  0x4A68,0x5268,0x39A5,0x18C2,0x20C2,0x2903,0x20C1,0x3143,0x4205,0x41E5,0x4A05,0x39C5,
  0x18C1,0x20E2,0x2902,0x2943,0x3143,0x41E6,0x4A68,0x5288,0x39A5,0x3163,0x2922,0x3163,
  0x41E5,0x3984,0x3984,0x4A26,0x41E5,0x41C5,0x4A06,0x39A4,0x1880,0x18A0,0x3143,0x3163,
  0x2902,0x3142,0x3963,0x3163,0x1080,0x18A1,0x4206,0x3184,0x20E1,0x3163,0x3184,0x2102,
  0x39C5,0x41E5,0x4205,0x41E5,0x41E5,0x39C4,0x39A4,0x4A06,0x1880,0x20A1,0x3103,0x28C2,
  0x3124,0x2903,0x20C1,0x49E6,0x4A27,0x41C5,0x41C5,0x41E6,0x4A26,0x4A27,0x4A06,0x20A1,
  0x28E2,0x3103,0x3123,0x20C2,0x1040,0x18A1,0x20E2,0x18A2,0x1881,0x1881,0x2923,0x20E2,
  0x18C1,0x39A4,0x3183,0x3183,0x39A4,0x3163,0x20C2,0x20C2,0x28E2,0x2903,0x3103,0x1881,
  0x20E1,0x2942,0x3163,0x2942,0x3163,0x20E1,0x2122,0x2101,0x18A0,0x3163,0x39C4,0x18C0,
  0x39E5,0x31A4,0x2122,0x2922,0x3143,0x28E2,0x28C2,0x4185,0x3103,0x30E3,0x3903,0x3103,
  0x4185,0x28E2,0x20C2,0x41E6,0x3164,0x3144,0x3123,0x3123,0x28C2,0x2081,0x3924,0x28C2,
  0x28E2,0x3124,0x1881,0x3143,0x39A4,0x39A4,0x39A4,0x18C1,0x3184,0x5268,0x4A07,0x3144,
  0x2923,0x4A27,0x4206,0x2102,0x2923,0x3163,0x4206,0x4A47,0x41E6,0x20E2,0x3164,0x4A27,
  0x2943,0x2102,0x18C1,0x1080,0x18C1,0x2102,0x18A0,0x1080,0x18C0,0x3183,0x3183,0x3182,
  0x2922,0x31A4,0x39A4,0x10A0,0x2942,0x2943,0x20E1,0x2101,0x3163,0x3183,0x2963,0x20E1,
  0x39A4,0x39E5,0x3183,0x2963,0x39C4,0x20E1,0x18E1,0x3183,0x3162,0x3183,0x2921,0x18E0,
  0x2962,0x3162,0x2101,0x31A3,0x2101,0x20E1,0x3163,0x10A0,0x2962,0x39A3,0x39C3,0x3162,
  0x2101,0x39C4,0x2102,0x2102,0x2963,0x18C0,0x20E1,0x2923,0x20E1,0x18C1,0x2102,0x41E5,
  0x39C4,0x3163,0x3143,0x2922,0x2922,0x1860,0x1880,0x2902,0x41A5,0x41C5,0x41E5,0x3984,
  0x20C1,0x39A4,0x3164,0x2902,0x2902,0x2902,0x2902,0x28E2,0x28E2,0x4A27,0x5268,0x4A47,
  0x5268,0x4A27,0x20E2,0x2923,0x2943,0x2903,0x1880,0x3143,0x4A05,0x4A05,0x4A06,0x39A5,
  0x18A1,0x2102,0x2102,0x41E6,0x4A47,0x3164,0x3184,0x4206,0x4A48,0x39C5,0x20E2,0x4206,
  0x5267,0x3984,0x3984,0x5246,0x41E5,0x41E5,0x5226,0x3163,0x20C1,0x3184,0x18A1,0x18A0,
  0x3122,0x3963,0x3963,0x2901,0x2102,0x18A0,0x39A4,0x39C5,0x2902,0x39A5,0x41E5,0x2902,
  0x41E6,0x4205,0x41E5,0x4205,0x41E5,0x41E5,0x4205,0x4A06,0x28E2,0x2081,0x30E3,0x28C2,
  0x28C2,0x3143,0x20A1,0x39A5,0x4A06,0x3964,0x3985,0x4A06,0x4A06,0x4A27,0x41A5,0x28E2,
  0x28E2,0x3103,0x2903,0x28E2,0x1881,0x1081,0x1081,0x18C2,0x20C2,0x1881,0x18A1,0x1080,
  0x10A0,0x2922,0x39C4,0x39A4,0x39A4,0x3143,0x20A1,0x28E2,0x30E3,0x3103,0x3944,0x2903,
  0x2902,0x2922,0x18C1,0x2922,0x39C4,0x39C5,0x39C5,0x39A4,0x3183,0x2122,0x39A4,0x2122,
  0x2942,0x39C4,0x2122,0x18E1,0x2923,0x2902,0x3103,0x3944,0x30C3,0x3903,0x30E3,0x30E3,
  0x3944,0x28E2,0x20E2,0x41C5,0x39C5,0x2923,0x3164,0x41C5,0x3143,0x20A1,0x2903,0x1840,
  0x1881,0x28E2,0x20E1,0x3984,0x3184,0x39C5,0x2963,0x18E1,0x3183,0x4A27,0x4A47,0x3184,
  0x2902,0x2922,0x4A26,0x2943,0x2102,0x2102,0x41C6,0x4A07,0x39A5,0x20E2,0x39A5,0x4206,
  0x4A27,0x3163,0x3184,0x2102,0x1080,0x10A0,0x3163,0x3163,0x2922,0x3183,0x2962,0x31A3,
  0x2943,0x2122,0x41E5,0x2963,0x2922,0x2963,0x2942,0x2942,0x31A4,0x39E5,0x3183,0x2963,
  0x39E5,0x31A4,0x3163,0x20E1,0x2963,0x2942,0x2122,0x3163,0x3183,0x3162,0x3183,0x3162,
  0x39C4,0x3162,0x2101,0x3163,0x3183,0x20E1,0x2962,0x3162,0x3162,0x31A3,0x39E4,0x39C4,
  0x39A4,0x2922,0x18A1,0x18C1,0x31A4,0x4A47,0x4A27,0x4A47,0x4A48,0x4A27,0x3184,0x18A0,
  0x3163,0x3183,0x3984,0x41C5,0x20C2,0x2903,0x3123,0x3103,0x1881,0x20C1,0x20C1,0x20E2,
  0x18C1,0x2102,0x3163,0x20E2,0x3164,0x3164,0x3964,0x28E2,0x3143,0x4A07,0x4A48,0x4A68,
  0x4A48,0x3144,0x18A1,0x20E2,0x2923,0x2902,0x20C1,0x3143,0x4A05,0x41C4,0x4A06,0x3984,
  0x1060,0x20E2,0x41E6,0x4A47,0x39C5,0x3985,0x3184,0x2943,0x4A47,0x2943,0x39A4,0x4A06,
  0x4A26,0x3164,0x3143,0x4A26,0x41E5,0x4A05,0x4A26,0x2922,0x20E1,0x4A26,0x39C5,0x2922,
  0x28E1,0x3963,0x3163,0x2922,0x20E1,0x2902,0x2102,0x41E5,0x2922,0x2943,0x39C5,0x3184,
  0x4206,0x41E6,0x41E5,0x4206,0x41E5,0x41E4,0x39C4,0x4205,0x3143,0x1860,0x28C2,0x28C3,
  0x2081,0x3123,0x1880,0x3164,0x3984,0x1880,0x2903,0x4A47,0x39A4,0x3984,0x3123,0x1860,
  0x3144,0x3103,0x28C2,0x3124,0x18A1,0x1881,0x20E3,0x20E2,0x18A2,0x18A1,0x2943,0x39A4,
  0x10A0,0x2101,0x39C4,0x31A3,0x3183,0x1880,0x20C2,0x28E2,0x28C2,0x28C2,0x1841,0x2081,
  0x20E1,0x31A4,0x2102,0x2101,0x41E5,0x41E5,0x4205,0x3184,0x2922,0x2922,0x39A4,0x3163,
  0x2122,0x2963,0x3183,0x2122,0x3164,0x20A1,0x28E2,0x3103,0x3904,0x30E3,0x2882,0x3103,
  0x3124,0x20C1,0x2902,0x39A5,0x39C5,0x20E1,0x20E1,0x39C5,0x39A4,0x3164,0x20E1,0x20C1,
  0x2923,0x3143,0x3184,0x3183,0x31A4,0x39C4,0x3183,0x2942,0x3183,0x41E5,0x4A27,0x39A5,
  0x3984,0x2923,0x2922,0x39C5,0x2922,0x2922,0x41E6,0x4A48,0x3164,0x1080,0x3163,0x4206,
  0x2943,0x2922,0x2922,0x18C1,0x18A0,0x39A4,0x39E5,0x39C4,0x39A3,0x20E0,0x18C0,0x31A3,
  0x3184,0x2102,0x3184,0x39C4,0x2963,0x3184,0x3184,0x39C4,0x39C4,0x39C4,0x31A4,0x2101,
  0x2963,0x31A4,0x2101,0x18C0,0x3163,0x2942,0x20E1,0x3163,0x18E0,0x2121,0x31A3,0x3183,
  0x31A3,0x3163,0x20E1,0x2102,0x3184,0x2101,0x2101,0x39C4,0x3182,0x3182,0x3183,0x2921,
  0x20E1,0x3164,0x4A47,0x4A48,0x4A68,0x4A68,0x4A68,0x4A68,0x4A28,0x4A28,0x4A48,0x4206,
  0x2923,0x2902,0x39A5,0x3985,0x20C2,0x3124,0x41A5,0x4185,0x20C2,0x2903,0x3143,0x3164,
  0x3184,0x2102,0x2922,0x2922,0x3143,0x3143,0x3143,0x20C2,0x39A5,0x39C6,0x3985,0x4A68,
  0x3185,0x1060,0x2923,0x2923,0x20C2,0x20C2,0x1880,0x2902,0x4A26,0x41E4,0x4A05,0x3984,
  0x18A1,0x1881,0x41C6,0x4A68,0x3164,0x39A5,0x41E6,0x39A5,0x2943,0x20E1,0x4206,0x4A06,
  0x4A26,0x3184,0x2943,0x4A26,0x41E5,0x4206,0x41E5,0x20C1,0x18A0,0x3184,0x39C5,0x41E6,
  0x20C1,0x2902,0x3983,0x2902,0x20E1,0x2902,0x3184,0x3984,0x3184,0x18A1,0x1080,0x2943,
  0x41E6,0x4A06,0x39A5,0x3143,0x41C5,0x4A26,0x39A4,0x41E5,0x20E2,0x20C2,0x3124,0x2081,
  0x1020,0x20C2,0x20C2,0x3144,0x20C1,0x18A1,0x1060,0x20C2,0x3184,0x3984,0x3964,0x2081,
  0x20A1,0x2081,0x1840,0x20C2,0x1881,0x1081,0x18A1,0x18E2,0x20E3,0x18A1,0x2122,0x4205,
  0x39C4,0x2982,0x31C3,0x39C4,0x39A4,0x20E1,0x20A1,0x3103,0x28C2,0x28A2,0x28A2,0x1861,
  0x20E1,0x2942,0x39C5,0x18C1,0x20E1,0x3163,0x39A4,0x39C5,0x2122,0x2922,0x3184,0x2922,
  0x2922,0x3183,0x2142,0x18E1,0x39A4,0x20E1,0x20C2,0x3103,0x3904,0x2882,0x2041,0x3103,
  0x3123,0x20C1,0x3143,0x3184,0x31A4,0x2963,0x2942,0x31A4,0x3183,0x3184,0x3183,0x39A4,
  0x39C4,0x39C4,0x39C4,0x3184,0x39C4,0x2122,0x3183,0x3183,0x3163,0x4206,0x4A26,0x3984,
  0x3163,0x3984,0x2943,0x41E5,0x2943,0x18C1,0x4A27,0x4A27,0x39A5,0x1060,0x2122,0x4A26,
  0x2102,0x18C0,0x39A4,0x4206,0x39A4,0x39C4,0x39C4,0x39A4,0x39C3,0x31A3,0x2962,0x2941,
  0x2963,0x3184,0x3183,0x3183,0x39C4,0x31A4,0x31A4,0x31A4,0x3183,0x31A4,0x31A4,0x2963,
  0x3183,0x39C5,0x39E5,0x2943,0x2963,0x2942,0x2101,0x31A3,0x2942,0x2121,0x2962,0x39A3,
  0x3183,0x3183,0x2922,0x2102,0x3184,0x2963,0x2922,0x2101,0x31A3,0x3183,0x20E1,0x2101,
  0x4A26,0x4A68,0x4A68,0x4A68,0x4A68,0x4A68,0x41E6,0x2923,0x20E2,0x1081,0x2103,0x41E6,
  0x4A06,0x2902,0x20A1,0x20A1,0x20A1,0x3944,0x3985,0x4185,0x3985,0x20C2,0x2923,0x2923,
  0x2902,0x18C1,0x18A0,0x20E1,0x20E2,0x3164,0x3143,0x20E2,0x20E2,0x1881,0x3144,0x4A06,
  0x18C1,0x1881,0x18C1,0x20C1,0x2102,0x2902,0x20A1,0x2922,0x4A05,0x41E5,0x4A05,0x2923,
  0x1060,0x2903,0x4206,0x4A68,0x4A07,0x2923,0x2902,0x2902,0x1060,0x3163,0x4A26,0x4A06,
  0x4A06,0x39C5,0x2943,0x4A06,0x41E5,0x4206,0x3184,0x18A0,0x2922,0x2102,0x3164,0x3184,
  0x3163,0x20E1,0x2922,0x2922,0x20E1,0x2922,0x4206,0x41C5,0x2902,0x2943,0x3144,0x20C2,
  0x20E2,0x3985,0x2903,0x20C2,0x2902,0x41E5,0x4205,0x39C5,0x3143,0x18A1,0x20A1,0x20A2,
  0x1840,0x1881,0x3144,0x41A5,0x1860,0x2902,0x2903,0x18A1,0x28E2,0x49E6,0x41C5,0x2902,
  0x20A0,0x18A0,0x2902,0x20C1,0x20E2,0x3185,0x2103,0x10A1,0x18C2,0x18E2,0x10A0,0x2122,
  0x39C4,0x31A3,0x31A3,0x31A3,0x39C4,0x3983,0x18A0,0x28E2,0x20A1,0x1860,0x28C2,0x20A1,
  0x2943,0x3163,0x4205,0x3183,0x20E1,0x2922,0x2922,0x2942,0x2101,0x2101,0x39E5,0x3163,
  0x20E1,0x20E1,0x39E5,0x2101,0x3184,0x3163,0x3964,0x3144,0x2081,0x20A1,0x28C2,0x2902,
  0x20E2,0x3984,0x3163,0x31A4,0x39A4,0x39C4,0x39C4,0x31A4,0x39E5,0x3183,0x3183,0x3163,
  0x3183,0x3183,0x39C4,0x39C4,0x3183,0x18A0,0x18A0,0x2942,0x3984,0x41E5,0x4A47,0x3984,
  0x3143,0x3184,0x39C4,0x3163,0x2101,0x18C1,0x39A4,0x4A68,0x41E6,0x18A0,0x18A0,0x3184,
  0x39A4,0x20E1,0x2101,0x2942,0x3183,0x39C4,0x3183,0x39C4,0x39C4,0x39E4,0x39C4,0x2962,
  0x3184,0x31A4,0x31A4,0x3183,0x3183,0x3183,0x31A3,0x31A4,0x3183,0x39A4,0x31A4,0x39C5,
  0x39C4,0x39C5,0x2943,0x18C0,0x3183,0x2963,0x2962,0x39C4,0x39C3,0x3183,0x3182,0x3183,
  0x3983,0x39A4,0x3183,0x2942,0x3183,0x39A3,0x18C0,0x18A0,0x2942,0x3184,0x18C1,0x2963,
  0x39A5,0x4227,0x4A68,0x4A68,0x4A47,0x39A5,0x20E2,0x2923,0x2102,0x3143,0x3143,0x1080,
  0x28E2,0x3123,0x3123,0x28E2,0x2902,0x3984,0x3985,0x3985,0x3144,0x1860,0x28E2,0x2902,
  0x20E1,0x2922,0x18C0,0x2102,0x2902,0x2943,0x3143,0x20E2,0x1881,0x28E2,0x2902,0x20C1,
  0x18A1,0x2902,0x2923,0x20C1,0x20E1,0x20E1,0x1880,0x2922,0x4A05,0x4205,0x4206,0x2902,
  0x18A1,0x2102,0x2903,0x41E6,0x2943,0x18C1,0x20C1,0x2902,0x18A0,0x2923,0x4A06,0x4A06,
  0x4A06,0x39C4,0x2942,0x41E5,0x39C5,0x4A26,0x2922,0x18C1,0x41E5,0x3184,0x3183,0x2101,
  0x2121,0x2122,0x2101,0x20E1,0x2102,0x20E1,0x4206,0x3143,0x20C1,0x3964,0x3964,0x3944,
  0x20A1,0x2081,0x3124,0x3965,0x20C2,0x3964,0x41C5,0x39A4,0x41E6,0x39A5,0x18A1,0x1860,
  0x20C2,0x20A2,0x20A2,0x28C2,0x2060,0x30E2,0x3123,0x30E3,0x20A1,0x3984,0x41E5,0x39A3,
  0x39C4,0x20E0,0x2121,0x20E1,0x3163,0x39A5,0x3164,0x3184,0x1080,0x18C1,0x18E1,0x18E0,
  0x3182,0x39C3,0x39A3,0x3182,0x39A3,0x39C4,0x39C4,0x18E1,0x1080,0x1880,0x2922,0x41C4,
  0x3163,0x10A0,0x39C4,0x39C4,0x2921,0x39C4,0x41E4,0x3183,0x3162,0x20E1,0x3183,0x41E5,
  0x3183,0x20E1,0x3183,0x2122,0x31A4,0x3183,0x3184,0x2943,0x2102,0x2102,0x2101,0x2922,
  0x39C4,0x39A4,0x3183,0x39C4,0x39A4,0x39A5,0x3163,0x3163,0x39A4,0x3183,0x39C4,0x31A4,
  0x31A4,0x31A4,0x31A4,0x3184,0x20C1,0x3142,0x3142,0x2901,0x41E5,0x39C5,0x3985,0x39A5,
  0x2102,0x3184,0x39A3,0x2921,0x3142,0x3162,0x18C0,0x3184,0x4A27,0x2923,0x20E1,0x20E2,
  0x3184,0x39C4,0x2922,0x18A0,0x2942,0x39C4,0x39C4,0x39C4,0x39E4,0x39C4,0x2942,0x2942,
  0x31A4,0x31A4,0x3184,0x3183,0x2963,0x3183,0x39C4,0x3183,0x3184,0x3184,0x39A5,0x39A5,
  0x2902,0x28E2,0x20E2,0x1880,0x2923,0x2943,0x2942,0x39A4,0x3182,0x3183,0x2962,0x3183,
  0x39A4,0x39C4,0x3162,0x2942,0x3162,0x39A4,0x20E1,0x2101,0x18A0,0x2922,0x3184,0x18A1,
  0x18A1,0x3164,0x3184,0x2943,0x20E2,0x2102,0x20E2,0x3184,0x2922,0x3143,0x3164,0x20C1,
  0x3143,0x3143,0x3964,0x2903,0x1880,0x3123,0x3103,0x3144,0x3144,0x20A1,0x3143,0x3123,
  0x3143,0x2922,0x20C1,0x3163,0x2102,0x20E1,0x18C1,0x18C1,0x20E2,0x20C1,0x18A1,0x2902,
  0x2923,0x2923,0x2923,0x2923,0x3984,0x2902,0x1880,0x39A4,0x4A05,0x41E5,0x41E5,0x2903,
  0x20E2,0x20E2,0x2923,0x20C2,0x20C2,0x2923,0x3164,0x20E2,0x18A1,0x18A0,0x3164,0x4A06,
  0x4A06,0x41E5,0x3163,0x41C5,0x39C5,0x4A06,0x2922,0x2923,0x3184,0x3143,0x39A4,0x39C4,
  0x2101,0x2962,0x39E4,0x2101,0x3184,0x20E1,0x2943,0x2902,0x20C2,0x3123,0x3123,0x3924,
  0x2081,0x2061,0x3944,0x3945,0x3144,0x1881,0x2943,0x39A4,0x39A4,0x41E5,0x2943,0x1880,
  0x20A1,0x3103,0x2882,0x28A2,0x30E3,0x30E3,0x30C2,0x3103,0x20A2,0x1881,0x2922,0x39A4,
  0x39C3,0x2962,0x18E0,0x2101,0x3163,0x41E5,0x2922,0x3163,0x39A4,0x18C1,0x2962,0x31A3,
  0x31A3,0x31A3,0x3182,0x39A3,0x39A3,0x3183,0x39C4,0x39E5,0x2942,0x3163,0x39C4,0x39A4,
  0x3184,0x20E2,0x18C0,0x39C4,0x3183,0x2101,0x31A3,0x39A3,0x41E5,0x18C0,0x2101,0x39E5,
  0x39C4,0x2122,0x2942,0x2942,0x2963,0x2963,0x3184,0x3184,0x4206,0x3163,0x2963,0x39E5,
  0x39E5,0x3183,0x3163,0x3183,0x3164,0x20E2,0x20C2,0x20E1,0x1080,0x3163,0x39A4,0x39A4,
  0x3184,0x31A4,0x3183,0x20E1,0x3142,0x3983,0x41A4,0x2921,0x2942,0x41C5,0x2103,0x18A1,
  0x2102,0x3163,0x20E0,0x3982,0x39A3,0x39A3,0x3163,0x1040,0x3184,0x39A5,0x2902,0x2902,
  0x18A1,0x2943,0x2922,0x20E1,0x18C1,0x31A4,0x39E5,0x2942,0x20E1,0x2101,0x18C1,0x20E1,
  0x31A4,0x31A4,0x31A4,0x3183,0x3183,0x3183,0x3183,0x31A4,0x39C5,0x39C5,0x2903,0x28E2,
  0x2081,0x20A2,0x3124,0x2903,0x1881,0x1060,0x2922,0x3183,0x3183,0x39C4,0x2101,0x20E1,
  0x39A4,0x3183,0x2962,0x2921,0x2962,0x39C4,0x2922,0x2122,0x3163,0x18A0,0x39A4,0x39A5,
  0x20E2,0x20E1,0x1880,0x18C1,0x18A1,0x3164,0x39A4,0x2102,0x2902,0x2922,0x20C1,0x20A1,
  0x3143,0x3164,0x3143,0x3103,0x2902,0x28E2,0x1860,0x20A1,0x20A1,0x20C2,0x2923,0x20E2,
  0x18A0,0x28E2,0x20C1,0x2922,0x18A1,0x20C1,0x20E2,0x2923,0x2923,0x28E2,0x2903,0x3164,
  0x3123,0x28E2,0x2902,0x2922,0x3143,0x20E1,0x18C0,0x41E5,0x4205,0x4205,0x41E5,0x20C2,
  0x20E2,0x18A1,0x18A1,0x18C1,0x2902,0x20E2,0x2923,0x20C1,0x2902,0x3984,0x18A1,0x41C5,
  0x41E5,0x4205,0x3984,0x41C5,0x41C5,0x41C5,0x20A1,0x2902,0x20E2,0x1880,0x2923,0x3984,
  0x39A4,0x3183,0x3183,0x2922,0x3183,0x3984,0x3143,0x20C1,0x3123,0x3103,0x3103,0x3103,
  0x3103,0x3103,0x3944,0x3104,0x2903,0x20C1,0x18C0,0x31A4,0x31A4,0x39A4,0x39A4,0x20C1,
  0x1881,0x3924,0x3924,0x30E3,0x30E3,0x3904,0x28A2,0x28C2,0x28C2,0x1881,0x1880,0x39A4,
  0x39A4,0x3162,0x2962,0x39A4,0x39A4,0x3184,0x39A4,0x2101,0x3163,0x31A4,0x2983,0x39A4,
  0x3183,0x3162,0x3183,0x39C4,0x3183,0x3184,0x2963,0x3184,0x41E5,0x39C4,0x3183,0x3983,
  0x39C4,0x4206,0x2102,0x18A0,0x2942,0x2943,0x39A4,0x39A4,0x2942,0x3163,0x2101,0x2101,
  0x39A4,0x2102,0x31A4,0x39C4,0x2122,0x3183,0x39C4,0x2963,0x31A4,0x2942,0x2943,0x3184,
  0x39A4,0x3183,0x3183,0x39C5,0x2923,0x20E2,0x2903,0x28E2,0x20C1,0x20E1,0x3164,0x3163,
  0x31A4,0x39A4,0x2102,0x2922,0x3983,0x3962,0x3962,0x3983,0x2922,0x20E1,0x2923,0x2923,
  0x20E2,0x2101,0x3142,0x41C3,0x39A3,0x3162,0x39A4,0x3184,0x20E2,0x41E6,0x2903,0x2903,
  0x20E2,0x2102,0x20E2,0x2102,0x18A0,0x18C1,0x2922,0x18C1,0x10A0,0x18C1,0x20E2,0x2102,
  0x31A4,0x3184,0x3184,0x3183,0x31A3,0x31A3,0x3183,0x39A4,0x2922,0x2923,0x18A1,0x20C2,
  0x30E3,0x30E3,0x30E3,0x3103,0x28C2,0x18A1,0x3143,0x39A4,0x3183,0x3183,0x3183,0x18E1,
  0x2122,0x3183,0x3162,0x3163,0x2942,0x3163,0x39A4,0x18C1,0x3163,0x2922,0x2102,0x3984,
  0x2923,0x3164,0x3143,0x2923,0x2943,0x20E2,0x2923,0x18A0,0x20C1,0x2102,0x2102,0x3143,
  0x2922,0x2902,0x3123,0x3143,0x3964,0x20A1,0x1881,0x1881,0x2081,0x2081,0x28E2,0x20E2,
  0x1880,0x18A1,0x2902,0x20E2,0x20C1,0x2902,0x3143,0x2943,0x3143,0x2923,0x2902,0x2902,
  0x28E2,0x2902,0x2902,0x2922,0x3143,0x18A0,0x2902,0x41E5,0x41E5,0x4A05,0x39A5,0x1881,
  0x18C1,0x2903,0x20C1,0x20C1,0x20E2,0x20E1,0x20E1,0x18A1,0x20C1,0x3164,0x18A1,0x2923,
  0x4206,0x41C4,0x39A4,0x41C5,0x41E6,0x41C5,0x1881,0x20A2,0x20A1,0x1881,0x1060,0x2943,
  0x39A5,0x39C4,0x3163,0x2101,0x2943,0x3164,0x41C5,0x28E2,0x20C1,0x3103,0x2060,0x2081,
  0x3944,0x3944,0x3103,0x1040,0x20C2,0x20E2,0x18C0,0x3183,0x31A3,0x39C4,0x31A4,0x3143,
  0x28E2,0x28E2,0x30E3,0x30E3,0x30C3,0x30E3,0x2882,0x28A2,0x28C2,0x3123,0x20E1,0x3183,
  0x39C4,0x2962,0x2942,0x3183,0x3163,0x3163,0x3183,0x31A3,0x2101,0x2962,0x2122,0x2963,
  0x39A4,0x3183,0x3984,0x3984,0x3143,0x2923,0x3984,0x3163,0x3183,0x31A4,0x39C4,0x39A4,
  0x39C4,0x39C5,0x2963,0x10A0,0x3164,0x39C5,0x2943,0x39A5,0x20E1,0x3184,0x2943,0x2102,
  0x3184,0x2101,0x39A4,0x2963,0x2101,0x3163,0x31A4,0x39C4,0x3183,0x18E1,0x3183,0x39A4,
  0x3183,0x3183,0x39A4,0x3163,0x20C1,0x2903,0x3124,0x3965,0x3964,0x1860,0x18A1,0x3164,
  0x3184,0x3163,0x20E1,0x3183,0x3962,0x3982,0x3982,0x39A3,0x3163,0x18A0,0x2902,0x41C5,
  0x2923,0x2902,0x41E4,0x39A3,0x39A3,0x3983,0x39A4,0x39A4,0x2902,0x4A27,0x3164,0x18C2,
  0x2103,0x2923,0x20E2,0x18C1,0x18C1,0x1080,0x20E2,0x2102,0x2102,0x2102,0x18C1,0x18E1,
  0x3183,0x3183,0x3183,0x31A4,0x3183,0x31A3,0x3183,0x39C4,0x2943,0x18C1,0x20E2,0x28E2,
  0x3904,0x30C3,0x30C3,0x28C3,0x28E3,0x20C2,0x18A1,0x2922,0x3163,0x2942,0x3183,0x2942,
  0x18C1,0x2963,0x3183,0x31A3,0x2922,0x3163,0x31A4,0x39A4,0x20E1,0x3183,0x20E1,0x2922,
  0x3984,0x39A5,0x39A4,0x2922,0x18A0,0x18A0,0x18A0,0x20C1,0x20E2,0x20E1,0x2902,0x3123,
  0x3143,0x2923,0x2902,0x20C1,0x1880,0x20C1,0x20A1,0x20A1,0x3143,0x2902,0x1881,0x1881,
  0x28E2,0x20E2,0x2923,0x20C2,0x20E2,0x3143,0x2923,0x1080,0x20C1,0x2902,0x2903,0x2923,
  0x2903,0x2902,0x2923,0x3123,0x2922,0x1060,0x3143,0x41E5,0x4205,0x41E5,0x3163,0x1080,
  0x18A1,0x20C2,0x20E2,0x1080,0x1880,0x20E2,0x20E1,0x1080,0x18A1,0x39A5,0x41C5,0x18A1,
  0x41E6,0x41C5,0x41A4,0x39A4,0x41C5,0x41A5,0x1881,0x20C2,0x28E3,0x28E3,0x18A1,0x1881,
  0x39A5,0x3984,0x2942,0x18C1,0x3183,0x39A4,0x3164,0x3985,0x20C2,0x20A1,0x1880,0x1040,
  0x28C2,0x3123,0x20C1,0x1881,0x1861,0x18C1,0x3183,0x39C4,0x31A3,0x31A4,0x2963,0x2902,
  0x20E2,0x3103,0x30E3,0x30C3,0x30E3,0x28A2,0x28A2,0x28A2,0x20C2,0x1881,0x20E2,0x39C5,
  0x3184,0x2942,0x2963,0x4205,0x3163,0x1080,0x2922,0x39C3,0x39C3,0x2121,0x2122,0x2943,
  0x39A4,0x2902,0x20C1,0x20C1,0x20C1,0x1860,0x20E2,0x39A5,0x3163,0x3183,0x31A3,0x31A3,
  0x2963,0x3184,0x2102,0x2102,0x41E6,0x4206,0x3164,0x39C5,0x2923,0x2102,0x3163,0x3163,
  0x31A4,0x18E1,0x31A4,0x2963,0x18C1,0x2942,0x39C5,0x39A4,0x3183,0x18E1,0x2943,0x31A4,
  0x39C4,0x39A4,0x39C4,0x2943,0x1040,0x28E3,0x3144,0x3124,0x3144,0x20C2,0x18A1,0x2903,
  0x39A5,0x2922,0x2942,0x39A3,0x3982,0x3982,0x3982,0x39A3,0x2922,0x3163,0x2943,0x2922,
  0x20E1,0x39A3,0x39A3,0x41A3,0x3982,0x3962,0x41A4,0x2922,0x2902,0x4A07,0x41E6,0x18A1,
  0x1080,0x2123,0x2123,0x20E2,0x18E2,0x18C1,0x20E2,0x18C2,0x18C2,0x18E2,0x18E2,0x18C1,
  0x2983,0x3183,0x3184,0x3183,0x3183,0x39C4,0x31A4,0x31A4,0x3184,0x1080,0x18A1,0x20C2,
  0x30E3,0x30C3,0x28C3,0x20A2,0x3103,0x2903,0x1860,0x20C1,0x3183,0x3183,0x2963,0x31A4,
  0x2942,0x2963,0x31A4,0x3183,0x2963,0x2122,0x3163,0x39A4,0x2943,0x20C1,0x20C1,0x2922,
  0x3984,0x20E1,0x20C1,0x18A0,0x2902,0x20C1,0x20C1,0x2922,0x2902,0x2902,0x2902,0x20E1,
  0x28E2,0x20E1,0x20E1,0x2922,0x2902,0x3143,0x2902,0x28E2,0x2902,0x28C2,0x20A1,0x20A2,
  0x3144,0x2903,0x20C2,0x18A1,0x18A1,0x3164,0x2923,0x18A0,0x20C1,0x20C2,0x28E2,0x2902,
  0x2903,0x2902,0x20E2,0x2902,0x2922,0x18A0,0x3164,0x41C5,0x41E5,0x41E5,0x3163,0x1060,
  0x18A1,0x18C1,0x2922,0x18C1,0x20E2,0x18A0,0x18C1,0x1880,0x2943,0x4A06,0x41C5,0x18A1,
  0x4206,0x41E5,0x39A4,0x41C5,0x4A27,0x41C6,0x1881,0x20A2,0x20C2,0x20C2,0x18A1,0x1881,
  0x39A4,0x39C5,0x2922,0x2122,0x2963,0x3184,0x39C5,0x3984,0x3984,0x3985,0x20C1,0x2923,
  0x20E2,0x20E2,0x20C2,0x18A1,0x2102,0x39C5,0x39C4,0x3183,0x3183,0x31A4,0x31A3,0x1080,
  0x1860,0x28E2,0x20A2,0x2061,0x28C2,0x3103,0x28E3,0x1860,0x1880,0x20E1,0x3184,0x39A4,
  0x3184,0x2963,0x10A0,0x20E1,0x3184,0x3163,0x2922,0x31A3,0x31A3,0x31A3,0x2963,0x3184,
  0x2923,0x18A1,0x20A1,0x28C2,0x28E3,0x20A1,0x20A1,0x3184,0x2943,0x39A4,0x39C4,0x39A3,
  0x2942,0x2922,0x39C5,0x4A47,0x4A47,0x4206,0x3164,0x3164,0x2102,0x2922,0x3163,0x2102,
  0x3183,0x2101,0x2942,0x39C5,0x2101,0x2102,0x39C4,0x31A4,0x3184,0x2963,0x2102,0x3183,
  0x39C4,0x2943,0x2963,0x39A4,0x2902,0x1881,0x3124,0x20C2,0x28E2,0x20A2,0x1881,0x3144,
  0x3984,0x2102,0x2901,0x3962,0x39A2,0x3982,0x3962,0x39A3,0x3142,0x3143,0x3984,0x18C1,
  0x20C1,0x3142,0x41C4,0x3982,0x3982,0x39A3,0x39A3,0x20E1,0x2902,0x4A26,0x41E6,0x20E2,
  0x0840,0x18A1,0x18C1,0x20E2,0x20E2,0x2102,0x2102,0x18C2,0x18E2,0x20E2,0x18C2,0x18C1,
  0x3183,0x3184,0x3184,0x2963,0x3183,0x31A3,0x31A4,0x31A4,0x39C5,0x20E1,0x1080,0x28E2,
  0x28A2,0x2061,0x2081,0x28C2,0x20A2,0x1880,0x20E1,0x3143,0x3183,0x3163,0x39C4,0x31A4,
  0x18E1,0x2963,0x31A4,0x31A4,0x2942,0x2101,0x3183,0x3183,0x39A4,0x3163,0x18C1,0x18A0,
  0x18A0,0x20C1,0x2922,0x20E1,0x2923,0x3143,0x3143,0x20C1,0x18A1,0x18A0,0x2922,0x3143,
  0x20E1,0x2922,0x2922,0x2922,0x3143,0x3164,0x20C1,0x28E2,0x3143,0x1881,0x3144,0x3985,
  0x3985,0x3144,0x28E3,0x20E2,0x1881,0x3143,0x20E2,0x2923,0x2902,0x1860,0x20C1,0x1881,
  0x1880,0x18A1,0x1880,0x1060,0x1880,0x18A0,0x3984,0x41E5,0x41C5,0x41E5,0x3984,0x1880,
  0x1080,0x18C1,0x20E1,0x18A1,0x3163,0x18C1,0x18A1,0x18A0,0x3143,0x41E6,0x41E6,0x20E2,
  0x3163,0x4205,0x3183,0x3163,0x41E6,0x3984,0x1861,0x18A1,0x28E3,0x20E2,0x18A1,0x1881,
  0x3143,0x39C5,0x2101,0x2922,0x3183,0x39C5,0x3164,0x2923,0x39C5,0x41E6,0x2922,0x2943,
  0x39E5,0x3184,0x39C5,0x2943,0x3985,0x39A5,0x2923,0x39C4,0x31A4,0x3183,0x3163,0x2943,
  0x2902,0x1060,0x20C1,0x20A1,0x1861,0x2903,0x20C1,0x1040,0x20E1,0x39A4,0x39A4,0x39C5,
  0x2963,0x20E2,0x3184,0x39C5,0x4206,0x39A5,0x3183,0x31A4,0x3183,0x31A3,0x39A4,0x39A4,
  0x20E2,0x28E2,0x3123,0x3103,0x3103,0x28E3,0x20C1,0x2923,0x3184,0x31A3,0x3183,0x31C3,
  0x3163,0x2102,0x4226,0x4226,0x4206,0x4A27,0x4207,0x3164,0x2102,0x39A5,0x3184,0x2943,
  0x3183,0x3183,0x2942,0x3183,0x3163,0x31A4,0x2122,0x2943,0x3184,0x39E5,0x2122,0x2943,
  0x3184,0x31A4,0x3184,0x18E1,0x1080,0x3164,0x2903,0x1881,0x1040,0x1881,0x20E2,0x20E2,
  0x20C1,0x2902,0x20C1,0x3983,0x3983,0x3961,0x3982,0x3983,0x3142,0x3122,0x2922,0x2902,
  0x20E1,0x2921,0x3983,0x41A3,0x3982,0x3983,0x41E4,0x2901,0x3984,0x41E5,0x2922,0x20E1,
  0x2102,0x18C1,0x1880,0x18A0,0x2102,0x20E2,0x18E1,0x2102,0x18E2,0x18C2,0x18C2,0x18C1,
  0x3184,0x2983,0x2963,0x3183,0x31A4,0x3183,0x3183,0x3163,0x3184,0x3163,0x20E1,0x20A1,
  0x20A1,0x1861,0x1881,0x20E2,0x18A1,0x20C1,0x39A4,0x31A4,0x3163,0x3183,0x3183,0x3183,
  0x18C0,0x2122,0x31A4,0x3184,0x3183,0x2942,0x3183,0x2922,0x18C0,0x20E1,0x18C1,0x20E1,
  0x3143,0x3163,0x2922,0x2902,0x20C1,0x3143,0x3143,0x2902,0x18A1,0x20C1,0x3143,0x2942,
  0x2922,0x3143,0x2922,0x3143,0x3143,0x2923,0x20C1,0x20C1,0x3143,0x20C2,0x28E2,0x3144,
  0x20E2,0x3124,0x2923,0x28E2,0x18A1,0x2943,0x20E1,0x2922,0x3984,0x1880,0x18A1,0x20E2,
  0x20E2,0x20E2,0x18A1,0x1880,0x20E1,0x18A0,0x3984,0x41C5,0x39A4,0x41E5,0x2922,0x1080,
  0x2102,0x18A0,0x18C1,0x2102,0x20E2,0x3163,0x20C1,0x18A1,0x3184,0x41E6,0x4A06,0x3164,
  0x2902,0x4206,0x3163,0x3984,0x4206,0x20E2,0x2902,0x18A1,0x1881,0x20C2,0x1080,0x1080,
  0x2943,0x39A4,0x20E1,0x2942,0x31A4,0x20C1,0x18A1,0x18A1,0x2902,0x2923,0x2902,0x2923,
  0x39A4,0x31A4,0x3184,0x20E2,0x1881,0x1880,0x1860,0x2902,0x3984,0x3184,0x3183,0x39C4,
  0x41E5,0x3984,0x20E2,0x28E2,0x20E1,0x39A5,0x39A4,0x2922,0x39A3,0x39A3,0x3183,0x2942,
  0x2963,0x3184,0x4A27,0x4A47,0x4A47,0x3163,0x20E1,0x2122,0x2963,0x2963,0x1080,0x3143,
  0x3144,0x28E2,0x28C2,0x28A2,0x28C2,0x2081,0x20C1,0x39A4,0x3183,0x31A3,0x2962,0x2121,
  0x39C4,0x3183,0x18C1,0x2102,0x2943,0x3184,0x2122,0x3184,0x2923,0x39C5,0x3184,0x3183,
  0x3183,0x3183,0x39A4,0x2942,0x2122,0x39E5,0x31A4,0x2942,0x3183,0x39E5,0x2963,0x2102,
  0x3184,0x3184,0x31A4,0x3163,0x2943,0x3164,0x2923,0x3143,0x2923,0x3964,0x3144,0x18C1,
  0x2902,0x3984,0x2902,0x3183,0x3983,0x3982,0x3162,0x3983,0x3142,0x3142,0x3983,0x39A4,
  0x20E0,0x3162,0x41A3,0x39A3,0x3962,0x39A3,0x3142,0x3163,0x3983,0x20E1,0x2922,0x3983,
  0x39A4,0x39A4,0x3163,0x2901,0x18C0,0x18A0,0x1880,0x18A1,0x18C1,0x18C1,0x18A1,0x18A1,
  0x31A4,0x2983,0x2963,0x2963,0x3183,0x31C4,0x2963,0x2942,0x3163,0x3184,0x39A4,0x39A5,
  0x20E2,0x18A1,0x18A1,0x1080,0x18A1,0x18A0,0x2942,0x31A3,0x39A4,0x3183,0x3183,0x31A4,
  0x2122,0x2122,0x39A4,0x3184,0x3183,0x2102,0x2102,0x18C1,0x20E1,0x2942,0x2942,0x2922,
  0x3163,0x3143,0x3163,0x2943,0x20E1,0x20C1,0x2943,0x2922,0x18A0,0x20C1,0x3143,0x3163,
  0x3143,0x2943,0x3143,0x2902,0x2943,0x3163,0x3143,0x2922,0x20C1,0x20E2,0x1881,0x1860,
  0x1040,0x1060,0x20C2,0x3123,0x20E2,0x20E2,0x20C1,0x2902,0x39A5,0x20C1,0x18A1,0x2923,
  0x20E2,0x20E2,0x18C1,0x1880,0x20C1,0x1880,0x39A4,0x41E5,0x39C4,0x41E5,0x2902,0x1080,
  0x2922,0x2102,0x2923,0x20E1,0x1060,0x2902,0x3184,0x20C1,0x41E5,0x41E6,0x41C5,0x41C5,
  0x2102,0x39C4,0x3183,0x41E5,0x39A5,0x20E1,0x3164,0x39C5,0x2923,0x1880,0x2102,0x2943,
  0x39A4,0x2963,0x2101,0x39A4,0x2923,0x1880,0x2902,0x28C2,0x2081,0x20A1,0x18A1,0x3184,
  0x3184,0x3984,0x2903,0x20C1,0x28E2,0x2903,0x3144,0x1881,0x20C1,0x39C5,0x39A4,0x3183,
  0x3183,0x3143,0x39A4,0x39C5,0x2943,0x39A4,0x39A4,0x2921,0x3182,0x3183,0x39A4,0x2102,
  0x2943,0x4227,0x4A48,0x39C6,0x3164,0x2102,0x2102,0x4206,0x4227,0x2963,0x2102,0x39C5,
  0x2923,0x1860,0x28E3,0x28C2,0x20A2,0x1040,0x18A1,0x39A4,0x3183,0x3183,0x31A3,0x2942,
  0x2963,0x41E5,0x2122,0x18C1,0x2922,0x2963,0x31A4,0x3184,0x3184,0x39A4,0x3183,0x3183,
  0x31A3,0x3183,0x3183,0x2942,0x2101,0x31A4,0x39A4,0x31A4,0x31A4,0x39C4,0x3183,0x2101,
  0x3184,0x3184,0x3184,0x3184,0x31A4,0x3184,0x3163,0x3984,0x3163,0x3184,0x39A5,0x2923,
  0x1880,0x18C1,0x1080,0x2901,0x39A3,0x3962,0x3162,0x3983,0x2901,0x3163,0x3983,0x3983,
  0x2922,0x3122,0x39A3,0x3983,0x3962,0x3983,0x20E1,0x3142,0x2901,0x3122,0x3983,0x3163,
  0x3163,0x39A3,0x3983,0x39A4,0x3983,0x3163,0x2902,0x2102,0x18C1,0x1040,0x1080,0x18A1,
  0x3184,0x3184,0x2984,0x2983,0x3183,0x2963,0x3183,0x31A4,0x3163,0x2943,0x3184,0x31A4,
  0x2122,0x3183,0x2922,0x20E1,0x2122,0x2942,0x3183,0x31A3,0x2962,0x3183,0x3183,0x3184,
  0x2943,0x18E1,0x3184,0x2942,0x18E1,0x18A0,0x18C1,0x2122,0x2922,0x2943,0x2922,0x2102,
  0x2922,0x2102,0x2922,0x2943,0x2922,0x18A0,0x2102,0x3163,0x18C1,0x2922,0x3984,0x2922,
  0x18C1,0x20E1,0x18A1,0x1880,0x18A0,0x3163,0x39A4,0x2902,0x20E2,0x2923,0x18A1,0x1880,
  0x20C2,0x20C2,0x18C2,0x20E2,0x20E2,0x18A1,0x18C1,0x2102,0x39C5,0x20E1,0x18C1,0x2102,
  0x20E1,0x3984,0x18C1,0x18C1,0x20E2,0x1080,0x3184,0x41E5,0x41E5,0x4205,0x2101,0x18C1,
  0x3163,0x20E2,0x2922,0x2922,0x18A0,0x2922,0x2922,0x2102,0x41C5,0x41E6,0x41E6,0x41E6,
  0x2102,0x39C5,0x39A4,0x31A4,0x39C4,0x2102,0x3163,0x39A5,0x3184,0x39A4,0x39C5,0x2102,
  0x2922,0x39C4,0x18C0,0x3984,0x28E2,0x20A1,0x3123,0x30E3,0x3103,0x3103,0x1880,0x2902,
  0x39A4,0x3143,0x1881,0x3144,0x3944,0x3965,0x3945,0x3124,0x20C1,0x2943,0x3163,0x2922,
  0x2122,0x2922,0x3183,0x31A3,0x2122,0x3183,0x31A3,0x2121,0x3182,0x3183,0x39A4,0x39A4,
  0x2122,0x18C1,0x41E6,0x3184,0x2944,0x2943,0x39A5,0x4A47,0x3164,0x2102,0x3184,0x2943,
  0x3984,0x3123,0x1861,0x1881,0x1881,0x1040,0x2922,0x39A4,0x31A3,0x3183,0x31A3,0x31A3,
  0x2942,0x3183,0x39A4,0x2942,0x39A4,0x39C5,0x31A4,0x2963,0x31A4,0x31A4,0x3183,0x3183,
  0x3183,0x3183,0x3183,0x31A3,0x2963,0x31A4,0x3183,0x3183,0x2963,0x31A4,0x39C4,0x2943,
  0x2963,0x31A4,0x3184,0x31A4,0x3183,0x3163,0x3163,0x3183,0x39A4,0x39A4,0x3163,0x39A4,
  0x3163,0x2102,0x18A1,0x20C1,0x3163,0x3162,0x3962,0x3983,0x20C0,0x2922,0x39A4,0x3983,
  0x2901,0x3162,0x39A3,0x3162,0x39A3,0x3983,0x20C0,0x2901,0x3142,0x3983,0x3962,0x39A3,
  0x3983,0x3983,0x3983,0x3162,0x3163,0x3983,0x39A4,0x39C5,0x2943,0x1080,0x18C1,0x18C2,
};
